firm_code,survey_date,firm_size,years_operation,num_employees,annual_revenue,ownership_type,has_fdi,fdi_type,years_fdi,ka1_technical_manuals,ka2_staff_training,ka3_adapt_technology,ka4_commercialize_knowledge,tp1_production_efficiency,tp2_quality_control,tp3_order_fulfillment,tp4_employee_productivity,rd_spending_pct,new_products_3yrs,innov_iot,innov_automation,innov_quality_mgmt,innov_other,skilled_workforce_pct,training_hours_per_emp,modern_equipment,machinery_age_years,access_credit,reinvestment_rate_pct,gp1_tax_incentives,gp2_regulatory_stability,gp3_infrastructure,gp4_permits_ease,avg_roi_pct,avg_roa_pct,export_intensity_pct,capacity_utilization_pct,market_share_pct
FIRM001,20/09/2024,SME,22,1-50,50M-500M,Local,Yes,Management contract,10,4,5,4,4,4,5,3,4,1.3,7,1,0,1,0,38.2,47,Yes,11,Moderate,26.9,5,2,4,3,18.54,10.83,19.8,71.7,2.54
FIRM002,15/07/2024,SME,17,51-250,<50M,Local,No,,0,4,1,4,3,3,2,2,2,0.27,3,0,0,0,0,45.0,30,No,12,Moderate,19.1,4,3,5,3,16.21,12.72,2.9,79.3,1.2
FIRM003,04/07/2024,SME,16,51-250,50M-500M,Local,No,,0,3,3,4,4,4,3,3,1,0.54,0,0,0,0,0,30.6,43,Yes,3,Moderate,17.7,5,4,4,5,4.01,2.5,7.7,53.3,1.84
FIRM004,05/08/2024,SME,16,51-250,50M-500M,Local,No,,0,3,3,4,2,4,4,3,2,0.47,2,0,0,1,0,63.4,18,Yes,1,Difficult,18.5,6,3,4,4,-4.36,-3.0,0.8,71.7,3.29
FIRM005,01/08/2024,SME,35,51-250,<50M,Local,Yes,Technology transfer,4,4,5,5,4,3,3,4,4,1.32,6,1,1,1,1,34.8,63,Yes,5,Easy,5.0,5,3,4,3,24.55,15.42,10.5,53.2,1.83
FIRM006,29/07/2024,SME,25,51-250,50M-500M,Joint venture,Yes,Technology transfer,14,3,4,4,3,5,4,4,5,1.02,1,0,0,1,1,59.7,32,Yes,1,Difficult,19.8,7,4,4,5,23.32,15.52,19.5,64.6,1.12
FIRM007,18/07/2024,SME,14,1-50,50M-500M,Local,No,,0,2,4,4,3,3,4,3,3,0.54,0,0,0,0,0,66.6,18,Yes,7,Moderate,21.4,5,4,4,3,-2.97,-3.0,12.9,75.7,0.5
FIRM008,14/07/2024,SME,23,1-50,50M-500M,Local,No,,0,3,2,2,3,3,3,3,3,0.92,3,0,0,0,0,46.4,62,Yes,5,Moderate,27.4,6,4,5,3,8.76,3.98,8.1,55.7,1.68
FIRM009,25/09/2024,SME,20,1-50,50M-500M,Local,Yes,Technology transfer,14,4,2,4,3,5,4,3,4,0.62,2,0,1,1,0,69.7,35,Yes,2,Difficult,20.6,1,5,3,1,14.36,10.81,14.1,74.7,0.55
FIRM010,08/09/2024,SME,8,1-50,50M-500M,Local,No,,0,3,4,4,3,4,4,3,4,0.09,3,0,1,0,0,59.2,35,No,7,Moderate,17.1,4,3,1,3,5.28,2.99,3.0,50.0,3.74
FIRM011,12/07/2024,SME,11,51-250,<50M,Foreign-owned,Yes,Equity,4,5,3,4,3,3,5,5,5,0.65,5,1,1,1,1,41.6,100,Yes,1,Difficult,25.7,4,4,2,5,6.63,2.04,10.8,81.7,1.63
FIRM012,14/09/2024,SME,21,1-50,50M-500M,Local,No,,0,3,2,3,3,4,4,2,4,0.59,1,0,0,0,0,73.0,68,Yes,1,Easy,5.0,4,3,5,1,12.95,13.42,2.6,60.0,2.43
FIRM013,24/08/2024,SME,34,1-50,<50M,Joint venture,Yes,Management contract,6,4,4,4,4,3,4,4,2,1.54,2,0,1,0,0,34.9,52,No,13,Difficult,14.4,3,3,3,2,17.07,9.7,3.4,55.7,1.28
FIRM014,05/07/2024,SME,16,1-50,<50M,Foreign-owned,Yes,Technology transfer,13,5,4,5,3,5,3,5,4,1.78,8,0,1,1,0,46.3,65,No,2,Moderate,12.6,5,3,3,4,18.53,15.16,32.8,50.8,2.98
FIRM015,04/07/2024,SME,14,1-50,50M-500M,Local,No,,0,3,4,3,2,3,4,4,4,0.42,2,1,0,0,0,48.9,26,Yes,3,Easy,17.8,2,3,5,1,4.27,0.04,3.2,61.0,0.98
FIRM016,12/07/2024,SME,19,1-50,50M-500M,Foreign-owned,Yes,Equity,3,3,5,4,4,4,4,5,4,0.07,5,0,0,0,0,61.1,71,Yes,2,Moderate,5.0,5,3,3,3,11.19,8.75,7.7,45.1,2.07
FIRM017,28/07/2024,SME,14,1-50,50M-500M,Local,No,,0,4,3,4,2,3,3,3,4,0.41,3,0,1,1,0,68.7,25,Yes,2,Moderate,27.2,3,5,1,5,-5.0,-3.0,4.8,61.4,1.24
FIRM018,30/07/2024,SME,16,1-50,50M-500M,Local,No,,0,4,2,2,4,5,3,2,3,1.02,4,0,0,0,0,67.8,63,Yes,4,Moderate,16.3,4,3,2,6,6.63,3.38,1.6,81.2,1.4
FIRM019,03/09/2024,SME,18,1-50,50M-500M,Local,No,,0,4,3,4,3,2,2,3,2,1.23,2,1,1,0,0,55.4,20,No,8,Moderate,20.2,5,3,4,4,18.63,13.43,7.1,65.7,3.26
FIRM020,16/09/2024,SME,11,1-50,50M-500M,Joint venture,Yes,Equity,1,4,4,3,4,4,3,4,2,1.43,5,1,0,1,1,47.8,52,Yes,3,Difficult,19.6,4,4,3,2,9.66,6.89,7.9,53.9,0.87
FIRM021,04/07/2024,SME,26,51-250,<50M,Local,No,,0,4,3,4,3,3,2,4,2,0.56,1,0,1,1,0,24.6,21,No,20,Easy,26.8,6,4,5,2,0.87,-1.02,6.3,70.7,2.18
FIRM022,10/09/2024,SME,10,1-50,50M-500M,Local,Yes,Management contract,5,3,3,4,3,4,4,5,5,2.08,1,1,0,0,0,32.3,58,Yes,5,Difficult,5.0,3,2,3,4,15.61,9.21,10.7,69.7,4.05
FIRM023,26/07/2024,SME,10,1-50,50M-500M,Foreign-owned,Yes,Technology transfer,3,4,4,4,5,4,4,4,3,3.0,4,0,0,1,0,78.5,36,No,8,Moderate,18.8,4,3,3,4,20.72,11.36,15.3,91.5,3.18
FIRM024,30/09/2024,SME,20,51-250,50M-500M,Local,Yes,Joint venture,3,4,4,4,4,5,4,4,2,1.33,5,0,1,1,0,24.5,50,Yes,3,Moderate,26.0,5,3,2,6,12.48,9.35,20.8,77.5,1.0
FIRM025,22/09/2024,SME,25,51-250,50M-500M,Foreign-owned,Yes,Technology transfer,9,3,5,2,4,5,4,4,4,2.06,4,0,1,0,0,40.2,71,No,9,Difficult,17.3,5,4,3,5,11.91,5.83,9.3,71.7,2.4
FIRM026,28/09/2024,SME,19,1-50,50M-500M,Local,No,,0,4,4,3,3,2,3,2,4,0.27,1,0,0,1,0,69.2,33,Yes,2,Difficult,11.3,5,5,1,4,11.58,8.11,6.6,78.9,0.5
FIRM027,08/09/2024,SME,17,1-50,<50M,Local,No,,0,1,3,4,4,3,3,3,4,0.11,1,0,0,1,0,55.1,31,Yes,3,Difficult,13.8,6,4,3,3,7.07,6.13,0.3,66.4,3.33
FIRM028,23/08/2024,SME,16,51-250,50M-500M,Local,Yes,Joint venture,5,2,4,5,4,5,3,5,4,0.92,6,0,1,1,0,65.9,97,No,4,Difficult,15.2,4,6,3,7,21.0,15.12,29.0,67.1,7.92
FIRM029,29/07/2024,SME,14,1-50,50M-500M,Local,Yes,Joint venture,3,4,4,4,5,3,5,4,4,3.47,8,0,1,0,0,60.1,72,No,4,Moderate,13.0,3,4,3,4,31.62,20.69,22.6,87.9,2.09
FIRM030,27/08/2024,SME,28,51-250,50M-500M,Local,No,,0,3,2,2,2,3,4,4,4,0.79,2,0,1,0,0,74.0,49,Yes,1,Difficult,16.9,5,6,6,3,-5.0,-1.68,3.1,48.4,4.18
FIRM031,14/09/2024,SME,21,51-250,50M-500M,Local,No,,0,4,2,4,3,3,4,3,2,0.13,2,0,0,0,0,56.4,68,No,14,Difficult,28.6,4,3,6,3,16.38,10.65,8.6,79.6,0.5
FIRM032,05/08/2024,SME,15,1-50,50M-500M,Local,No,,0,3,4,4,2,4,4,3,2,0.82,5,0,0,0,1,62.0,41,Yes,5,Moderate,13.8,6,3,3,2,9.63,4.07,7.9,66.7,0.68
FIRM033,01/07/2024,SME,13,1-50,50M-500M,Local,No,,0,4,3,3,2,3,3,3,2,0.14,1,0,0,1,0,41.1,14,No,16,Moderate,14.6,5,5,1,1,16.33,10.86,3.4,64.5,1.27
FIRM034,21/07/2024,SME,23,1-50,<50M,Joint venture,Yes,Technology transfer,2,4,4,5,4,3,5,3,4,1.76,3,0,0,1,0,60.8,68,Yes,1,Difficult,21.2,3,6,3,4,21.35,16.12,12.9,61.4,1.47
FIRM035,28/09/2024,SME,28,51-250,50M-500M,Local,No,,0,3,4,3,4,2,3,3,4,0.18,0,0,0,1,0,46.1,29,Yes,3,Difficult,16.8,5,2,4,6,10.37,5.91,1.3,69.8,2.1
FIRM036,24/08/2024,SME,27,51-250,50M-500M,Local,Yes,Joint venture,11,4,5,4,5,5,5,4,4,0.44,4,0,1,1,0,45.2,103,No,8,Moderate,8.7,3,4,2,1,22.56,17.55,13.4,67.5,1.01
FIRM037,13/08/2024,SME,12,51-250,50M-500M,Local,No,,0,3,3,1,3,4,4,4,3,1.6,0,0,1,1,1,65.4,26,No,10,Moderate,17.6,5,3,2,4,3.64,1.01,0.6,63.0,1.85
FIRM038,05/08/2024,SME,15,51-250,<50M,Local,No,,0,3,3,4,2,3,2,3,2,0.34,2,0,0,1,0,65.5,18,No,8,Difficult,17.3,2,4,6,3,3.35,1.08,6.3,59.6,3.25
FIRM039,20/07/2024,SME,14,51-250,50M-500M,Local,No,,0,2,2,3,3,3,4,2,2,0.78,1,0,0,1,0,77.3,22,No,12,Moderate,24.8,6,4,3,4,10.87,5.52,6.4,45.1,2.39
FIRM040,28/07/2024,SME,16,1-50,50M-500M,Local,No,,0,3,4,2,2,2,4,3,2,0.48,1,0,0,0,1,76.3,14,Yes,1,Difficult,11.2,5,6,4,3,1.93,2.72,0.4,59.3,1.24
FIRM041,13/08/2024,SME,26,1-50,50M-500M,Local,No,,0,3,4,2,3,4,3,3,4,0.15,2,0,0,0,0,65.8,10,No,19,Easy,24.9,4,4,2,2,11.85,8.19,9.8,61.9,2.82
FIRM042,14/07/2024,SME,32,1-50,50M-500M,Local,No,,0,3,4,2,2,2,3,3,4,0.37,1,0,1,0,0,26.2,63,Yes,7,Moderate,17.3,5,6,3,2,7.18,3.07,1.8,69.8,1.2
FIRM043,12/07/2024,SME,21,51-250,<50M,Foreign-owned,Yes,Equity,14,4,5,5,4,3,4,4,4,0.55,7,0,1,0,0,79.4,61,Yes,4,Easy,10.2,5,3,3,2,4.02,2.02,52.2,91.6,1.78
FIRM044,18/08/2024,SME,13,51-250,50M-500M,Local,No,,0,1,2,3,4,3,4,4,2,2.48,1,0,1,1,0,65.8,15,Yes,6,Difficult,8.8,6,5,3,5,2.55,-3.0,4.1,60.6,3.14
FIRM045,13/07/2024,SME,18,1-50,50M-500M,Local,No,,0,2,3,2,3,3,4,3,4,0.89,3,0,1,1,1,40.5,56,Yes,1,Difficult,31.5,6,4,5,5,8.01,7.16,9.9,55.7,1.44
FIRM046,15/08/2024,SME,35,1-50,50M-500M,Local,No,,0,3,2,2,3,3,3,3,3,0.48,1,0,0,0,0,62.9,60,Yes,7,Difficult,16.9,5,6,2,3,3.56,2.15,1.2,59.4,0.54
FIRM047,14/08/2024,SME,19,1-50,50M-500M,Local,No,,0,3,2,2,3,3,2,3,2,0.75,1,0,0,0,1,36.4,30,Yes,4,Moderate,24.6,3,2,4,5,-5.0,-3.0,2.5,69.8,1.74
FIRM048,16/09/2024,SME,16,1-50,50M-500M,Local,No,,0,3,3,2,1,3,4,4,2,0.85,1,1,1,0,0,61.3,14,No,7,Moderate,6.0,3,2,3,3,12.92,6.13,2.0,75.1,3.16
FIRM049,03/08/2024,SME,16,51-250,50M-500M,Foreign-owned,Yes,Equity,1,4,5,3,3,4,4,5,3,2.22,5,0,1,1,0,32.3,51,Yes,1,Moderate,36.5,4,6,4,3,16.02,10.37,4.5,76.7,3.36
FIRM050,06/07/2024,SME,21,1-50,50M-500M,Local,No,,0,4,2,2,1,4,5,2,3,0.82,1,0,1,1,1,39.9,25,Yes,9,Difficult,24.3,6,3,3,4,7.66,2.73,0.8,77.9,0.65
FIRM051,28/08/2024,SME,12,51-250,50M-500M,Local,No,,0,3,1,4,4,3,4,3,3,0.77,1,0,0,0,0,62.6,28,No,16,Difficult,16.2,4,3,5,4,5.16,5.2,3.0,79.6,2.74
FIRM052,07/09/2024,SME,14,1-50,50M-500M,Local,No,,0,3,3,3,3,4,2,3,2,0.51,3,0,0,0,0,68.1,16,No,10,Moderate,15.9,4,3,2,3,11.19,8.67,4.7,64.7,1.37
FIRM053,16/07/2024,SME,27,51-250,50M-500M,Joint venture,Yes,Technology transfer,3,3,5,3,5,5,4,4,5,3.66,1,0,1,1,1,56.9,85,No,4,Moderate,23.1,7,5,5,4,27.01,19.63,6.5,92.6,4.37
FIRM054,18/08/2024,SME,21,51-250,<50M,Local,No,,0,2,3,5,1,2,5,5,3,0.54,5,0,0,0,1,47.7,10,No,20,Difficult,22.7,4,2,3,5,2.59,-3.0,2.4,63.7,0.55
FIRM055,11/07/2024,SME,19,1-50,50M-500M,Local,No,,0,3,3,3,2,2,4,3,2,0.49,2,1,1,0,0,20.3,45,Yes,1,Difficult,19.3,3,4,2,4,17.0,10.85,1.6,69.3,2.71
FIRM056,09/09/2024,SME,27,1-50,50M-500M,Local,No,,0,4,4,4,3,4,4,2,4,0.55,3,0,1,1,0,48.9,50,Yes,2,Difficult,18.1,5,3,4,4,13.39,7.98,3.2,83.5,1.26
FIRM057,07/08/2024,SME,13,51-250,<50M,Local,No,,0,4,3,4,3,5,4,4,2,0.58,0,0,0,0,0,60.0,23,No,10,Easy,21.9,4,5,3,4,4.78,1.44,5.9,74.8,1.02
FIRM058,19/09/2024,SME,15,1-50,50M-500M,Local,No,,0,2,3,2,3,3,3,3,2,0.06,3,0,0,1,0,47.2,27,Yes,1,Difficult,5.8,2,3,1,5,19.27,12.66,3.7,41.1,3.24
FIRM059,18/09/2024,SME,20,1-50,<50M,Foreign-owned,Yes,Management contract,1,4,4,4,3,5,4,4,5,0.65,5,0,0,0,0,51.7,101,Yes,2,Moderate,15.4,6,4,4,4,17.35,9.89,9.0,68.1,3.59
FIRM060,16/08/2024,SME,20,1-50,50M-500M,Local,No,,0,3,3,3,4,3,3,5,5,0.42,1,0,0,0,0,49.2,37,No,10,Easy,6.5,3,2,5,3,13.06,9.57,7.7,78.3,0.5
FIRM061,12/09/2024,SME,9,1-50,50M-500M,Foreign-owned,Yes,Equity,3,5,3,4,4,3,4,4,3,0.25,6,0,1,1,1,47.2,54,Yes,2,Moderate,22.2,4,7,5,4,14.38,11.6,15.9,51.9,3.28
FIRM062,25/07/2024,SME,15,1-50,<50M,Joint venture,Yes,Technology transfer,13,4,3,4,4,3,5,4,4,1.36,3,0,1,1,0,53.1,56,Yes,4,Easy,13.3,4,3,3,1,10.22,8.51,14.1,77.0,1.58
FIRM063,29/09/2024,SME,17,1-50,<50M,Foreign-owned,Yes,Joint venture,13,5,5,4,3,4,3,2,3,1.59,4,1,0,1,0,47.9,73,Yes,9,Moderate,7.0,4,4,4,3,18.01,12.33,6.5,72.7,1.7
FIRM064,09/07/2024,SME,21,51-250,50M-500M,Local,No,,0,3,3,3,3,2,4,3,3,0.11,2,0,0,0,0,73.6,61,No,4,Moderate,12.4,1,6,4,1,17.49,16.24,7.1,82.2,0.52
FIRM065,06/07/2024,SME,20,51-250,50M-500M,Foreign-owned,Yes,Equity,4,5,4,4,3,4,4,5,3,0.79,0,1,0,1,0,20.0,57,Yes,3,Moderate,19.0,4,3,5,1,14.14,12.18,16.9,59.7,2.58
FIRM066,23/09/2024,SME,17,51-250,50M-500M,Local,No,,0,4,3,3,1,4,4,3,3,1.27,3,0,1,0,1,43.8,23,No,5,Difficult,16.6,6,6,2,1,6.84,4.58,5.2,80.0,6.83
FIRM067,30/07/2024,SME,8,1-50,50M-500M,Local,No,,0,3,4,2,3,3,2,1,3,0.75,5,0,0,0,0,38.9,28,Yes,1,Moderate,9.8,6,3,3,5,16.74,10.75,2.7,69.9,1.07
FIRM068,07/08/2024,SME,18,51-250,50M-500M,Foreign-owned,Yes,Technology transfer,10,3,5,5,4,5,4,3,3,1.92,5,0,1,0,0,55.3,62,No,17,Moderate,6.1,3,5,2,4,15.2,13.32,10.1,89.2,3.82
FIRM069,11/07/2024,SME,18,1-50,50M-500M,Local,No,,0,3,3,4,4,2,4,4,3,1.15,7,0,0,0,0,53.2,32,Yes,4,Difficult,18.5,5,3,2,2,13.06,11.16,12.6,95.0,1.66
FIRM070,30/07/2024,SME,40,1-50,50M-500M,Joint venture,Yes,Technology transfer,6,5,4,4,2,3,3,4,2,0.66,5,0,0,1,0,76.3,59,No,4,Moderate,13.9,3,2,4,4,20.26,11.36,10.0,86.5,1.11
FIRM071,13/07/2024,SME,16,51-250,50M-500M,Foreign-owned,Yes,Management contract,1,5,4,4,4,3,3,3,4,0.41,4,0,0,0,0,81.3,92,Yes,2,Moderate,16.2,4,4,6,5,15.82,13.25,5.7,73.8,0.5
FIRM072,18/08/2024,SME,20,1-50,50M-500M,Local,Yes,Joint venture,3,3,5,3,3,4,4,3,4,2.64,3,0,0,1,1,40.4,43,Yes,1,Moderate,16.9,4,5,3,4,15.86,10.79,14.5,95.0,4.19
FIRM073,05/08/2024,SME,30,51-250,<50M,Local,No,,0,3,2,3,3,4,4,3,3,0.43,4,0,0,0,0,52.0,34,No,2,Moderate,21.0,4,2,2,3,10.97,5.96,3.3,75.2,1.81
FIRM074,28/08/2024,SME,25,51-250,50M-500M,Local,Yes,Joint venture,5,2,5,5,4,4,3,3,4,0.64,6,0,1,1,1,54.9,72,No,10,Moderate,23.9,6,3,4,4,13.59,5.55,23.5,57.1,1.16
FIRM075,20/09/2024,SME,33,51-250,50M-500M,Foreign-owned,Yes,Joint venture,1,5,2,5,4,5,3,2,5,0.27,8,0,0,1,0,40.0,45,Yes,5,Moderate,19.0,5,5,4,5,20.89,14.09,11.8,67.5,1.32
FIRM076,16/08/2024,SME,9,51-250,50M-500M,Local,No,,0,4,3,2,3,3,3,4,2,0.55,0,0,1,0,0,61.4,33,No,14,Moderate,15.8,4,5,3,3,4.72,3.28,5.7,77.1,2.73
FIRM077,21/07/2024,SME,11,51-250,50M-500M,Local,No,,0,3,3,3,2,3,3,4,2,0.39,2,0,1,0,0,48.4,35,No,8,Difficult,18.2,5,3,5,4,2.95,5.24,10.4,77.9,1.16
FIRM078,17/08/2024,SME,14,51-250,50M-500M,Local,Yes,Technology transfer,3,4,5,4,5,3,3,3,4,1.0,2,0,1,1,1,36.0,21,Yes,6,Moderate,15.6,3,3,2,3,8.84,8.1,16.3,54.5,0.73
FIRM079,15/08/2024,SME,9,1-50,<50M,Local,No,,0,1,2,4,2,3,2,4,1,0.01,2,0,1,1,0,47.8,17,Yes,8,Moderate,6.5,4,7,3,1,1.98,0.22,1.2,54.9,1.52
FIRM080,27/07/2024,SME,18,1-50,50M-500M,Joint venture,Yes,Technology transfer,12,3,3,4,2,4,4,4,4,3.63,4,0,0,1,0,37.0,104,Yes,5,Easy,25.6,5,2,4,5,7.11,5.76,3.5,63.9,1.49
FIRM081,24/09/2024,SME,12,51-250,50M-500M,Local,Yes,Joint venture,7,5,4,5,3,4,4,5,3,0.34,7,0,0,1,0,67.5,49,Yes,2,Moderate,24.3,5,4,4,6,14.59,11.87,16.6,74.4,1.46
FIRM082,04/08/2024,SME,35,1-50,50M-500M,Foreign-owned,Yes,Technology transfer,9,5,3,3,2,3,3,4,5,1.08,7,0,0,0,0,80.5,38,Yes,3,Moderate,31.9,4,2,4,2,16.67,11.84,10.4,76.0,1.17
FIRM083,28/09/2024,SME,12,1-50,50M-500M,Local,No,,0,3,3,3,3,2,4,3,3,0.3,0,1,0,1,0,55.7,10,No,23,Difficult,34.0,2,6,2,5,-2.35,-2.82,4.2,69.7,3.91
FIRM084,26/09/2024,SME,15,1-50,50M-500M,Local,Yes,Management contract,2,4,4,3,3,3,5,4,4,2.04,2,0,0,0,0,53.7,40,Yes,2,Moderate,9.8,5,4,7,2,2.15,0.44,13.0,58.0,8.45
FIRM085,21/09/2024,SME,26,51-250,<50M,Local,Yes,Technology transfer,12,4,3,3,5,4,3,3,5,0.27,6,0,0,1,0,54.3,59,Yes,5,Moderate,15.7,2,4,3,4,10.51,8.13,5.6,88.8,0.65
FIRM086,10/07/2024,SME,10,1-50,<50M,Local,No,,0,3,4,4,3,3,4,4,2,0.7,3,1,0,0,1,69.7,14,No,7,Moderate,35.6,4,7,4,6,12.77,9.76,2.9,55.1,0.5
FIRM087,16/09/2024,SME,9,1-50,50M-500M,Local,No,,0,1,3,2,2,4,3,2,2,0.55,5,0,0,0,0,69.4,37,Yes,6,Easy,17.7,6,3,4,3,5.73,3.43,1.1,83.6,1.38
FIRM088,20/09/2024,SME,19,51-250,50M-500M,Joint venture,Yes,Technology transfer,2,4,5,3,3,3,4,3,3,0.76,8,1,1,0,0,50.3,45,Yes,1,Difficult,19.7,5,6,3,4,10.41,2.05,9.5,76.9,0.5
FIRM089,22/07/2024,SME,20,1-50,50M-500M,Local,Yes,Equity,8,4,3,4,4,3,3,4,3,1.82,10,0,0,0,0,55.8,68,Yes,3,Moderate,7.4,2,3,4,1,22.02,12.83,21.6,83.4,0.5
FIRM090,07/09/2024,SME,25,1-50,50M-500M,Joint venture,Yes,Management contract,8,5,3,5,4,5,5,3,4,1.35,6,0,0,1,0,61.8,99,Yes,4,Difficult,19.1,4,3,3,3,13.05,10.37,13.6,62.7,1.09
FIRM091,01/08/2024,SME,23,1-50,50M-500M,Local,No,,0,2,3,2,4,2,3,4,3,1.76,3,0,0,0,0,34.9,49,No,25,Easy,31.5,4,7,4,1,9.77,2.58,5.5,66.3,2.71
FIRM092,21/07/2024,SME,20,1-50,50M-500M,Local,No,,0,3,2,1,4,4,3,4,4,0.39,1,0,1,1,0,70.2,32,No,12,Easy,27.0,3,4,3,4,3.82,5.04,3.9,68.7,1.37
FIRM093,29/08/2024,SME,13,1-50,50M-500M,Local,No,,0,3,3,2,3,3,3,4,2,0.16,1,0,0,1,0,78.0,15,Yes,2,Moderate,13.7,5,2,4,5,1.79,3.33,2.6,62.3,0.5
FIRM094,18/08/2024,SME,20,1-50,50M-500M,Local,No,,0,2,3,4,3,3,5,2,3,0.7,4,0,1,0,1,69.5,27,Yes,2,Moderate,15.2,4,4,2,3,4.37,3.14,4.2,70.7,1.35
FIRM095,04/08/2024,SME,20,1-50,50M-500M,Foreign-owned,Yes,Equity,13,4,4,4,5,4,5,4,3,1.04,3,0,1,1,1,33.3,69,Yes,6,Moderate,10.1,4,4,2,4,21.4,16.18,4.0,86.9,1.44
FIRM096,20/09/2024,SME,13,51-250,50M-500M,Local,Yes,Joint venture,6,4,3,5,3,4,5,5,4,1.33,7,0,0,1,0,22.4,135,Yes,4,Easy,12.0,4,4,2,3,17.17,13.08,19.9,52.4,1.45
FIRM097,27/09/2024,SME,40,1-50,50M-500M,Foreign-owned,Yes,Joint venture,9,4,4,3,4,4,5,3,5,0.41,5,0,1,1,0,62.6,28,Yes,5,Easy,5.0,3,4,3,5,20.81,14.33,7.6,60.1,3.53
FIRM098,10/09/2024,SME,22,1-50,<50M,Joint venture,Yes,Management contract,10,5,3,3,3,4,3,4,4,2.06,2,0,1,0,1,40.6,60,Yes,9,Moderate,17.4,4,7,1,4,16.17,8.57,17.4,58.8,3.13
FIRM099,29/07/2024,SME,11,1-50,50M-500M,Local,No,,0,3,3,3,2,4,4,4,4,0.29,4,0,0,1,0,56.3,37,No,11,Moderate,28.6,3,5,3,1,-2.67,0.07,2.5,66.9,1.76
FIRM100,26/09/2024,SME,25,1-50,50M-500M,Local,No,,0,2,3,3,3,4,3,2,5,0.59,3,0,0,1,0,75.0,29,Yes,4,Difficult,20.5,4,2,3,5,19.69,16.6,0.8,66.4,5.98
FIRM101,11/08/2024,SME,27,51-250,50M-500M,Local,No,,0,2,3,3,2,4,4,4,4,2.09,3,0,0,0,0,42.1,31,Yes,2,Difficult,27.6,5,4,4,3,8.25,3.36,1.7,77.3,1.09
FIRM102,08/07/2024,SME,21,51-250,50M-500M,Local,No,,0,2,5,4,3,3,4,3,3,0.37,5,0,1,1,0,46.3,19,Yes,1,Easy,25.5,6,3,4,2,13.09,6.34,5.2,68.4,1.51
FIRM103,30/07/2024,SME,16,51-250,<50M,Local,No,,0,2,2,3,2,3,3,4,2,0.87,1,0,0,0,0,56.2,42,Yes,2,Moderate,14.2,2,3,5,3,2.74,1.64,15.7,71.6,1.64
FIRM104,05/07/2024,SME,13,1-50,50M-500M,Local,No,,0,2,4,3,3,2,4,2,3,0.39,4,0,0,1,0,32.5,28,Yes,1,Difficult,12.7,5,3,7,1,14.68,9.02,3.2,72.8,0.5
FIRM105,10/08/2024,SME,17,51-250,50M-500M,Foreign-owned,Yes,Technology transfer,2,4,2,5,4,4,4,4,3,0.77,2,0,1,0,0,40.6,66,Yes,4,Difficult,13.0,6,7,5,2,8.44,6.2,36.3,70.9,1.66
FIRM106,21/08/2024,SME,21,1-50,<50M,Local,No,,0,3,1,4,2,2,1,2,2,1.3,1,0,0,1,0,52.4,44,Yes,4,Moderate,6.0,6,3,3,4,9.66,9.18,0.4,76.4,0.5
FIRM107,04/08/2024,SME,18,51-250,50M-500M,Joint venture,Yes,Equity,8,2,3,5,4,5,5,2,4,0.19,2,0,0,1,0,47.5,54,Yes,4,Difficult,18.2,5,5,3,4,1.52,-3.0,11.1,66.5,0.95
FIRM108,09/07/2024,SME,34,51-250,50M-500M,Local,No,,0,3,2,4,3,3,3,3,3,1.05,2,0,0,0,0,61.1,48,Yes,1,Moderate,5.0,3,3,5,4,12.06,11.6,3.2,87.8,1.82
FIRM109,28/07/2024,SME,24,1-50,<50M,Local,No,,0,3,3,4,3,3,3,4,4,0.03,2,0,0,0,1,90.0,14,Yes,2,Moderate,22.1,5,2,1,4,2.52,0.95,5.4,95.0,0.5
FIRM110,11/09/2024,SME,12,51-250,50M-500M,Local,No,,0,3,3,3,3,3,3,3,3,0.97,2,1,0,0,0,53.5,31,Yes,1,Difficult,18.5,3,4,3,3,9.66,7.79,1.8,76.5,2.13
FIRM111,30/09/2024,SME,11,51-250,50M-500M,Local,No,,0,4,3,3,4,3,3,3,3,0.47,1,0,0,1,1,39.4,18,Yes,7,Moderate,21.3,4,4,3,4,18.14,13.94,4.5,70.7,0.82
FIRM112,10/08/2024,SME,22,51-250,<50M,Local,No,,0,3,3,3,1,5,4,3,2,0.16,1,1,1,0,0,73.3,16,No,12,Moderate,25.4,5,5,4,3,10.94,9.13,2.8,75.5,1.24
FIRM113,28/07/2024,SME,16,1-50,<50M,Joint venture,Yes,Management contract,9,3,4,3,5,4,3,3,4,0.96,4,0,0,1,1,28.2,114,No,11,Moderate,19.4,3,1,4,1,22.35,15.77,25.4,54.8,2.41
FIRM114,22/09/2024,SME,25,1-50,50M-500M,Local,No,,0,2,4,3,2,3,3,3,3,0.83,2,0,0,0,1,31.2,14,Yes,5,Easy,29.4,3,2,3,3,13.73,10.2,4.0,70.2,1.56
FIRM115,02/09/2024,SME,22,51-250,<50M,Foreign-owned,Yes,Equity,4,4,3,4,4,4,4,4,3,4.59,4,0,1,1,0,43.1,62,Yes,1,Moderate,22.4,5,5,3,5,11.85,8.87,49.8,59.2,2.09
FIRM116,20/08/2024,SME,17,1-50,<50M,Local,Yes,Technology transfer,10,3,4,4,3,2,5,3,4,0.28,3,0,1,1,1,47.8,36,Yes,4,Moderate,12.7,7,3,4,6,17.59,11.05,11.5,74.1,2.3
FIRM117,21/09/2024,SME,12,1-50,50M-500M,Local,No,,0,2,3,3,3,3,2,4,3,0.18,2,0,0,0,0,42.7,47,Yes,11,Moderate,16.3,6,4,2,5,-3.35,-3.0,8.4,59.3,1.54
FIRM118,28/08/2024,SME,9,1-50,50M-500M,Local,No,,0,5,3,3,3,3,3,3,3,0.1,0,0,0,1,0,51.5,23,Yes,7,Difficult,5.0,5,2,5,6,5.88,1.68,10.6,63.9,2.18
FIRM119,19/07/2024,SME,20,51-250,50M-500M,Local,No,,0,3,2,3,2,2,4,3,4,0.39,2,0,0,0,0,56.1,44,No,13,Moderate,11.7,5,5,4,4,14.36,9.84,6.2,45.5,0.93
FIRM120,03/08/2024,SME,10,1-50,<50M,Local,Yes,Equity,1,3,4,5,5,4,5,5,3,2.53,4,0,0,1,1,68.0,75,Yes,3,Difficult,15.3,5,5,4,6,14.69,8.71,5.5,53.9,2.39
FIRM121,18/07/2024,SME,12,51-250,50M-500M,Local,Yes,Management contract,9,2,4,3,4,4,4,3,3,0.33,9,1,1,1,0,53.4,127,Yes,4,Difficult,21.8,5,5,4,6,1.79,-0.32,11.3,72.3,1.39
FIRM122,01/08/2024,SME,19,1-50,50M-500M,Local,No,,0,3,2,3,3,2,4,4,4,0.46,3,0,0,0,0,43.6,12,Yes,8,Moderate,12.7,5,5,3,1,19.08,16.95,1.0,57.6,3.98
FIRM123,10/09/2024,SME,18,1-50,50M-500M,Foreign-owned,Yes,Technology transfer,5,3,3,4,3,3,2,3,3,2.48,7,0,1,1,0,67.2,42,Yes,8,Moderate,9.3,2,6,3,4,16.37,13.18,25.7,80.8,1.85
FIRM124,07/09/2024,SME,11,51-250,50M-500M,Local,Yes,Technology transfer,8,4,4,5,4,2,3,4,4,0.94,5,1,1,1,0,39.7,86,No,23,Moderate,5.0,4,2,3,4,21.59,14.61,9.0,56.6,1.05
FIRM125,03/08/2024,SME,29,51-250,<50M,Local,No,,0,4,3,2,4,3,4,3,1,0.56,2,0,0,0,1,27.5,32,Yes,4,Easy,13.8,4,3,4,3,3.12,3.53,0.4,73.4,2.42
FIRM126,13/09/2024,SME,28,1-50,50M-500M,Local,Yes,Management contract,11,3,4,5,4,4,3,3,5,3.06,4,0,1,0,0,70.1,56,No,2,Easy,31.7,4,5,4,4,17.7,11.55,14.7,58.9,4.09
FIRM127,24/08/2024,SME,22,51-250,50M-500M,Local,No,,0,3,2,3,3,3,2,3,3,0.14,1,0,0,1,0,69.1,63,Yes,11,Moderate,19.9,4,5,3,4,8.55,6.21,10.0,72.6,1.13
FIRM128,13/09/2024,SME,22,51-250,50M-500M,Joint venture,Yes,Technology transfer,1,5,4,4,3,4,3,2,5,0.21,6,0,1,1,0,40.1,61,Yes,1,Difficult,24.6,5,3,4,3,11.07,8.63,6.2,49.6,0.98
FIRM129,21/08/2024,SME,22,1-50,50M-500M,Local,No,,0,1,3,3,3,2,4,3,3,0.62,2,0,0,1,0,46.0,19,No,3,Moderate,11.7,3,3,3,4,4.98,2.65,6.9,62.6,0.5
FIRM130,16/08/2024,SME,27,51-250,<50M,Local,No,,0,2,4,4,3,2,2,2,3,0.63,0,0,0,0,1,38.2,44,No,15,Difficult,7.0,4,3,3,5,-0.0,-1.37,0.2,57.8,1.85
FIRM131,29/07/2024,SME,24,1-50,50M-500M,Local,No,,0,2,2,3,3,4,3,4,4,0.29,3,1,1,0,0,56.9,28,No,2,Moderate,9.5,3,2,4,4,3.92,5.19,10.6,78.6,1.28
FIRM132,18/07/2024,SME,12,1-50,50M-500M,Foreign-owned,Yes,Equity,1,4,4,5,3,3,5,5,5,0.75,5,0,0,1,0,78.0,63,No,11,Moderate,17.3,5,2,2,4,21.84,16.52,16.5,73.5,2.41
FIRM133,04/09/2024,SME,16,51-250,50M-500M,Local,No,,0,3,3,2,3,3,3,2,3,0.48,0,0,0,0,0,62.5,37,No,2,Difficult,5.0,4,2,1,3,2.52,-2.75,0.9,53.2,2.45
FIRM134,02/09/2024,SME,40,1-50,50M-500M,Foreign-owned,Yes,Joint venture,8,3,5,4,3,3,4,4,4,0.5,7,0,0,0,1,67.5,79,Yes,2,Difficult,11.0,4,3,3,4,26.44,17.17,20.1,65.6,0.5
FIRM135,12/07/2024,SME,8,1-50,50M-500M,Local,Yes,Management contract,4,3,3,4,5,4,4,5,5,0.5,3,0,1,0,0,64.3,41,Yes,9,Moderate,13.9,4,4,3,2,6.38,2.9,9.4,58.7,3.12
FIRM136,07/07/2024,SME,14,1-50,50M-500M,Local,Yes,Equity,7,3,3,4,3,4,4,5,5,2.17,6,0,0,0,0,52.0,55,Yes,4,Moderate,8.8,4,4,3,3,11.44,6.77,7.1,79.4,0.86
FIRM137,15/07/2024,SME,29,51-250,50M-500M,Local,No,,0,3,2,3,3,3,4,3,3,0.13,2,0,0,0,0,68.3,13,Yes,3,Moderate,5.0,6,3,2,3,3.06,3.87,2.0,83.3,1.14
FIRM138,20/07/2024,SME,13,51-250,50M-500M,Local,No,,0,3,2,3,4,3,2,4,5,0.05,4,0,0,0,0,63.2,32,Yes,4,Difficult,20.0,3,3,5,2,6.92,4.88,5.9,50.7,2.14
FIRM139,19/09/2024,SME,24,1-50,<50M,Local,No,,0,4,4,3,2,3,3,3,3,0.23,0,0,0,0,0,73.6,60,Yes,1,Moderate,18.3,5,4,3,2,17.23,9.28,1.2,77.9,0.61
FIRM140,21/07/2024,SME,18,51-250,50M-500M,Local,No,,0,4,2,2,3,3,3,3,4,0.29,1,1,0,1,0,45.1,17,No,7,Moderate,23.5,5,2,3,4,1.09,-0.0,0.1,58.1,0.99
FIRM141,26/09/2024,Large,23,251-500,500M-5B,Local,No,,0,3,2,4,4,3,3,3,4,0.7,4,0,0,1,0,44.1,12,Yes,2,Easy,16.1,3,5,4,4,9.29,7.59,2.1,75.5,3.67
FIRM142,24/08/2024,Large,13,500+,>5B,Joint venture,Yes,Technology transfer,11,3,5,4,4,3,2,3,3,0.81,1,0,1,1,0,77.5,48,Yes,5,Easy,31.1,6,6,2,5,22.93,15.61,26.3,78.3,11.85
FIRM143,15/09/2024,Large,32,500+,>5B,Foreign-owned,Yes,Joint venture,2,4,3,4,4,5,4,4,3,3.41,4,0,0,1,0,69.2,56,No,6,Moderate,37.2,5,3,2,3,18.56,11.7,26.1,95.0,5.97
FIRM144,09/07/2024,Large,22,500+,>5B,Joint venture,Yes,Equity,8,5,5,4,2,4,5,4,5,1.42,2,0,0,1,0,61.4,79,Yes,3,Moderate,27.1,4,3,4,4,20.05,14.7,9.2,68.0,3.47
FIRM145,19/08/2024,Large,28,251-500,>5B,Joint venture,Yes,Management contract,12,5,3,4,3,5,5,5,3,0.66,4,0,0,1,0,62.1,54,No,10,Difficult,20.1,2,6,3,3,12.21,11.78,9.0,86.3,3.61
FIRM146,18/08/2024,Large,36,251-500,>5B,Foreign-owned,Yes,Technology transfer,15,3,5,4,5,3,4,4,3,1.81,6,1,1,1,0,90.0,69,Yes,2,Moderate,26.2,4,4,2,5,19.57,14.62,8.7,66.3,10.89
FIRM147,15/09/2024,Large,40,500+,>5B,Foreign-owned,Yes,Management contract,8,5,2,2,4,4,3,4,3,3.37,5,0,1,1,0,57.3,50,Yes,2,Easy,19.7,4,5,4,5,22.79,18.55,8.4,65.6,4.54
FIRM148,29/08/2024,Large,24,500+,500M-5B,Foreign-owned,Yes,Equity,2,3,3,5,4,4,4,4,3,2.12,5,1,1,0,0,54.8,57,Yes,3,Easy,18.4,3,4,2,4,8.34,4.68,8.8,78.3,5.63
FIRM149,06/09/2024,Large,23,251-500,>5B,Foreign-owned,Yes,Joint venture,15,3,4,5,4,5,3,5,4,0.31,11,0,1,0,0,66.0,45,Yes,1,Moderate,30.5,3,6,3,5,14.82,10.36,15.1,78.2,7.48
FIRM150,02/08/2024,Large,18,251-500,500M-5B,Local,No,,0,4,4,2,4,3,4,2,3,0.32,2,1,0,1,0,79.2,15,Yes,5,Easy,23.9,5,4,2,4,2.11,1.42,9.4,49.7,6.19
FIRM151,09/09/2024,Large,40,500+,>5B,Foreign-owned,Yes,Equity,2,3,4,4,3,3,4,3,4,1.61,6,0,0,1,1,90.0,80,Yes,1,Difficult,34.6,2,5,4,5,20.22,14.39,6.8,89.6,2.32
FIRM152,02/07/2024,Large,40,251-500,500M-5B,Foreign-owned,Yes,Equity,6,2,4,3,4,5,3,5,4,2.06,5,0,0,1,0,72.9,52,No,9,Easy,21.5,5,5,5,4,23.35,17.23,7.7,56.6,9.95
FIRM153,26/09/2024,Large,40,500+,500M-5B,Foreign-owned,Yes,Technology transfer,10,5,5,4,3,4,3,4,3,1.15,3,0,1,1,1,49.8,71,Yes,9,Difficult,22.3,4,3,1,2,18.9,11.39,16.1,76.5,6.44
FIRM154,15/07/2024,Large,40,251-500,>5B,Joint venture,Yes,Management contract,3,4,5,5,3,5,4,5,4,1.03,4,0,1,0,0,88.7,44,Yes,5,Easy,20.5,5,3,4,4,13.97,11.07,19.6,91.3,8.52
FIRM155,26/09/2024,Large,22,500+,500M-5B,Foreign-owned,Yes,Equity,2,4,5,5,2,5,4,4,5,4.18,10,1,0,1,0,64.8,61,Yes,1,Moderate,16.0,4,5,5,2,13.14,5.94,4.5,95.0,10.32
FIRM156,07/09/2024,Large,35,500+,500M-5B,Foreign-owned,Yes,Equity,3,4,4,5,3,4,3,5,4,2.15,1,0,0,1,0,54.9,25,Yes,1,Easy,31.5,5,4,3,7,17.22,9.38,32.2,74.4,1.99
FIRM157,04/08/2024,Large,40,251-500,500M-5B,Local,No,,0,3,3,4,4,3,3,2,3,0.67,2,0,1,0,0,52.0,23,No,14,Moderate,40.0,3,2,2,3,11.19,12.1,2.5,63.7,10.37
FIRM158,21/09/2024,Large,9,251-500,500M-5B,Local,No,,0,2,2,3,1,3,3,4,2,0.26,5,0,1,0,0,75.0,19,Yes,2,Difficult,21.9,4,6,4,5,12.47,7.71,0.6,90.9,21.67
FIRM159,13/08/2024,Large,20,251-500,500M-5B,Foreign-owned,Yes,Joint venture,5,3,4,3,3,4,5,5,4,0.49,3,0,0,0,0,67.9,91,Yes,3,Easy,19.6,5,5,5,4,11.99,9.85,4.4,86.7,8.98
FIRM160,15/07/2024,Large,40,251-500,>5B,Joint venture,Yes,Joint venture,10,3,3,4,3,5,3,3,3,1.84,5,0,0,0,0,69.1,37,Yes,5,Moderate,19.0,4,4,5,2,18.61,16.42,4.2,73.1,13.64
FIRM161,07/08/2024,Large,17,251-500,500M-5B,Foreign-owned,Yes,Management contract,11,3,4,5,3,3,4,4,4,2.31,4,0,0,1,0,80.4,58,Yes,6,Moderate,19.6,5,3,4,1,16.17,6.69,24.3,71.8,11.65
FIRM162,25/08/2024,Large,40,500+,>5B,Local,No,,0,2,5,2,3,3,3,2,2,0.46,3,0,1,1,0,55.4,32,Yes,2,Easy,38.2,3,4,4,5,6.53,6.82,3.6,70.8,10.18
FIRM163,21/07/2024,Large,17,251-500,500M-5B,Joint venture,Yes,Management contract,10,3,5,5,3,3,3,4,2,2.15,8,0,0,1,0,81.4,87,Yes,3,Moderate,19.3,3,5,2,6,17.02,13.21,24.4,74.6,11.85
FIRM164,28/08/2024,Large,20,500+,>5B,Joint venture,Yes,Technology transfer,9,2,4,5,5,3,2,4,4,2.19,5,1,0,0,0,58.8,82,No,13,Moderate,20.3,3,1,5,3,21.02,17.99,12.1,81.2,12.85
FIRM165,01/07/2024,Large,35,251-500,500M-5B,Foreign-owned,Yes,Management contract,12,4,4,4,5,4,3,2,3,2.42,4,0,1,0,0,90.0,59,Yes,4,Moderate,15.1,4,7,5,1,25.49,15.48,24.0,72.3,13.11
FIRM166,03/08/2024,Large,30,251-500,>5B,Joint venture,Yes,Joint venture,6,4,5,3,2,2,4,4,4,0.3,3,0,0,0,0,72.2,62,Yes,3,Easy,27.3,6,3,2,3,15.49,13.75,11.9,73.6,3.61
FIRM167,03/09/2024,Large,25,500+,500M-5B,Local,No,,0,3,4,3,2,5,3,3,3,0.33,1,0,1,0,0,54.0,46,Yes,8,Easy,24.5,4,4,4,2,3.78,1.17,5.4,84.4,12.22
FIRM168,23/07/2024,Large,40,500+,>5B,Foreign-owned,Yes,Management contract,7,4,3,4,4,3,4,5,4,1.92,8,0,0,0,1,40.7,59,Yes,4,Easy,15.9,3,4,4,3,24.0,18.91,12.6,63.2,6.39
FIRM169,03/09/2024,Large,18,251-500,500M-5B,Foreign-owned,Yes,Equity,10,4,4,4,5,4,4,4,4,1.39,3,1,1,1,1,74.7,65,Yes,5,Easy,17.9,5,7,5,4,14.61,10.15,11.5,74.2,13.34
FIRM170,14/07/2024,Large,28,500+,500M-5B,Local,No,,0,2,3,4,2,4,3,5,3,0.84,2,0,0,0,0,60.5,47,Yes,4,Moderate,37.3,6,4,3,4,11.56,9.63,1.3,61.2,9.38
FIRM171,19/09/2024,Large,37,251-500,>5B,Joint venture,Yes,Management contract,9,3,5,4,4,3,3,4,4,1.82,7,0,1,0,0,63.1,134,Yes,1,Easy,25.3,3,6,2,2,18.85,13.29,19.3,79.1,3.58
FIRM172,08/08/2024,Large,33,251-500,500M-5B,Foreign-owned,Yes,Management contract,5,4,4,4,3,2,5,4,5,0.12,3,1,0,0,0,74.2,67,Yes,1,Moderate,25.8,7,4,3,4,17.05,8.26,6.2,58.6,14.25
FIRM173,20/09/2024,Large,23,251-500,500M-5B,Joint venture,Yes,Technology transfer,8,4,2,4,2,4,3,4,4,2.82,7,0,0,1,1,77.1,73,Yes,1,Moderate,25.8,5,2,2,5,12.08,2.21,19.3,86.9,4.79
FIRM174,03/09/2024,Large,23,500+,500M-5B,Joint venture,Yes,Equity,9,5,4,4,5,3,3,3,4,0.9,5,0,0,1,0,79.7,81,Yes,6,Moderate,36.2,6,4,3,3,24.72,17.72,14.0,64.9,6.22
FIRM175,16/09/2024,Large,40,500+,>5B,Foreign-owned,Yes,Technology transfer,10,5,4,4,2,2,4,2,4,0.63,7,0,1,0,0,50.9,92,Yes,1,Moderate,16.6,6,4,3,4,-3.49,-2.97,19.6,60.3,15.91
FIRM176,26/07/2024,Large,40,251-500,>5B,Foreign-owned,Yes,Joint venture,7,5,3,5,5,4,3,4,4,2.75,5,0,0,1,1,82.1,87,No,10,Difficult,21.8,5,2,6,4,27.82,20.27,14.7,74.4,7.9
FIRM177,20/07/2024,Large,33,251-500,500M-5B,Foreign-owned,Yes,Management contract,2,3,4,5,4,4,5,2,3,2.08,7,1,0,1,0,58.1,49,No,9,Difficult,23.6,4,4,5,4,13.52,8.96,25.5,95.0,6.08
FIRM178,17/08/2024,Large,21,251-500,500M-5B,Local,No,,0,2,2,3,3,4,3,3,2,1.21,0,0,0,0,0,37.9,32,No,8,Moderate,11.2,6,4,5,4,11.45,12.05,5.0,85.1,7.05
FIRM179,21/07/2024,Large,24,251-500,500M-5B,Local,No,,0,2,2,4,3,2,4,2,2,0.59,2,0,0,1,1,50.9,44,No,9,Easy,17.7,5,5,4,6,12.13,8.95,3.8,58.8,6.01
FIRM180,08/09/2024,Large,29,500+,>5B,Foreign-owned,Yes,Management contract,13,4,5,3,3,3,3,3,4,0.99,3,1,1,1,0,67.6,99,No,23,Difficult,33.4,6,4,3,4,25.65,17.06,2.0,64.6,10.88
FIRM181,06/09/2024,Large,31,251-500,500M-5B,Foreign-owned,Yes,Joint venture,12,2,3,4,4,4,4,3,3,1.49,2,1,0,1,0,53.3,58,Yes,1,Moderate,31.1,6,3,3,3,17.19,12.71,26.1,74.0,6.11
FIRM182,01/07/2024,Large,36,251-500,500M-5B,Foreign-owned,Yes,Technology transfer,2,3,4,5,4,4,4,4,4,0.53,5,0,0,0,1,63.9,68,No,20,Moderate,32.5,3,5,3,3,14.03,8.96,4.1,95.0,7.18
FIRM183,15/09/2024,Large,27,500+,500M-5B,Foreign-owned,Yes,Equity,14,4,3,4,4,5,3,4,4,0.37,11,0,0,0,0,69.1,71,Yes,2,Moderate,20.3,5,3,4,3,8.37,6.04,5.2,68.6,9.78
FIRM184,11/08/2024,Large,40,500+,>5B,Joint venture,Yes,Technology transfer,11,3,5,3,4,5,4,5,4,0.78,7,0,0,1,1,62.8,62,Yes,6,Difficult,21.3,4,1,4,4,15.91,8.7,20.7,68.7,9.24
FIRM185,01/09/2024,Large,40,251-500,>5B,Local,Yes,Technology transfer,11,4,4,4,3,5,4,3,4,3.63,6,1,1,1,1,59.1,67,Yes,3,Easy,10.7,4,4,4,3,6.25,4.36,13.3,93.3,5.01
FIRM186,03/07/2024,Large,40,500+,>5B,Local,No,,0,2,3,3,2,3,4,3,2,0.27,2,1,0,0,0,50.0,10,No,5,Easy,32.5,4,3,3,3,5.23,2.71,0.5,79.9,10.94
FIRM187,15/07/2024,Large,30,251-500,>5B,Local,No,,0,3,3,2,2,4,5,5,3,0.05,1,0,0,0,0,65.3,94,Yes,8,Moderate,33.8,4,4,3,5,7.24,2.82,1.9,88.5,5.53
FIRM188,16/08/2024,Large,33,251-500,500M-5B,Local,No,,0,5,3,2,3,3,3,3,3,0.4,4,0,0,0,0,40.2,25,Yes,7,Easy,33.7,6,7,2,4,7.86,9.45,8.8,70.7,4.07
FIRM189,09/08/2024,Large,28,500+,500M-5B,Joint venture,Yes,Equity,15,3,3,4,3,4,4,4,4,0.84,7,0,0,1,0,56.8,59,Yes,1,Moderate,37.8,2,7,5,5,16.25,9.21,14.5,77.0,2.46
FIRM190,31/07/2024,Large,21,251-500,500M-5B,Joint venture,Yes,Management contract,13,4,4,3,2,3,4,3,2,2.85,5,1,0,1,0,53.9,31,Yes,5,Moderate,28.4,2,4,6,5,14.58,10.22,13.5,91.2,6.67
FIRM191,08/07/2024,Large,40,500+,>5B,Joint venture,Yes,Technology transfer,9,3,3,4,4,4,5,4,5,3.46,5,0,0,0,0,62.1,29,Yes,2,Moderate,37.5,2,3,5,2,15.03,8.92,8.3,76.6,2.8
FIRM192,31/07/2024,Large,40,251-500,500M-5B,Local,No,,0,2,2,2,4,3,3,2,2,0.31,1,0,0,0,0,62.4,34,No,4,Moderate,23.4,6,5,2,3,-5.0,-2.91,6.8,89.2,4.63
FIRM193,11/09/2024,Large,40,251-500,>5B,Joint venture,Yes,Joint venture,12,4,5,4,4,5,3,4,4,1.62,4,0,0,1,1,76.5,88,No,7,Difficult,10.9,3,3,5,5,12.23,6.01,12.4,81.9,7.27
FIRM194,11/07/2024,Large,29,500+,500M-5B,Foreign-owned,Yes,Equity,14,5,4,3,3,4,3,4,4,1.72,2,0,0,1,0,84.0,82,No,20,Easy,31.9,4,4,5,2,21.86,16.98,18.9,67.6,12.72
FIRM195,11/07/2024,Large,21,500+,>5B,Local,No,,0,3,3,4,1,3,3,1,4,0.45,1,0,0,0,1,51.6,18,No,16,Moderate,10.6,4,3,3,4,14.83,14.45,1.5,77.8,6.31
FIRM196,01/09/2024,Large,40,500+,500M-5B,Foreign-owned,Yes,Management contract,4,3,4,4,4,4,4,4,5,1.11,3,0,1,0,1,88.9,80,Yes,2,Easy,26.4,3,4,4,4,6.97,3.2,39.0,87.8,3.17
FIRM197,09/07/2024,Large,28,251-500,500M-5B,Foreign-owned,Yes,Equity,7,5,4,4,4,4,5,5,3,0.59,4,0,1,1,0,55.6,58,Yes,8,Easy,32.6,5,3,3,1,15.11,13.01,27.9,84.7,6.93
FIRM198,07/09/2024,Large,35,251-500,>5B,Foreign-owned,Yes,Joint venture,8,2,5,4,3,3,5,3,3,0.19,3,0,1,0,0,67.1,53,Yes,7,Easy,27.6,4,5,5,4,23.43,15.64,14.4,77.6,12.47
FIRM199,17/07/2024,Large,24,251-500,500M-5B,Foreign-owned,Yes,Equity,15,3,4,3,4,5,3,3,4,0.59,1,0,0,1,0,71.1,36,Yes,1,Moderate,40.0,4,3,4,2,12.69,11.89,16.3,59.1,6.23
FIRM200,17/07/2024,Large,32,251-500,>5B,Local,No,,0,3,2,5,4,2,3,2,2,0.43,2,0,0,0,1,90.0,19,No,23,Moderate,9.3,5,5,2,2,12.33,13.01,1.9,60.0,13.79
FIRM201,23/09/2024,Large,24,500+,500M-5B,Local,No,,0,3,3,3,3,2,3,2,4,0.08,3,1,1,0,0,58.5,35,No,8,Moderate,24.3,5,2,4,4,19.65,13.29,6.2,62.2,7.25
FIRM202,30/08/2024,Large,25,500+,>5B,Local,No,,0,3,3,4,3,4,4,4,4,0.56,2,1,0,1,0,43.4,32,Yes,2,Easy,25.1,3,5,5,1,9.83,3.84,12.1,72.9,10.39
FIRM203,09/09/2024,Large,32,500+,>5B,Local,No,,0,4,3,2,2,4,3,3,3,0.5,3,0,0,1,0,82.9,30,No,3,Easy,14.2,5,2,4,3,6.97,6.78,5.9,74.2,8.2
FIRM204,22/07/2024,Large,17,251-500,>5B,Joint venture,Yes,Equity,4,4,3,4,5,4,3,4,4,0.84,7,0,0,1,0,55.0,24,Yes,1,Moderate,15.8,6,4,4,7,18.06,13.09,6.7,63.2,13.46
FIRM205,03/08/2024,Large,17,500+,500M-5B,Foreign-owned,Yes,Technology transfer,7,4,5,4,4,4,4,5,5,1.07,4,0,1,1,1,60.7,65,Yes,2,Moderate,18.2,2,5,3,5,31.12,22.79,31.5,88.2,18.98
FIRM206,06/09/2024,Large,22,500+,500M-5B,Local,Yes,Joint venture,6,3,3,4,3,4,3,5,3,0.39,4,0,1,1,0,51.6,49,No,12,Moderate,16.2,5,4,2,2,18.68,12.4,37.1,65.4,5.68
FIRM207,16/09/2024,Large,27,500+,500M-5B,Foreign-owned,Yes,Joint venture,14,4,5,4,4,3,4,3,4,2.39,6,1,0,1,0,60.7,68,Yes,1,Easy,24.1,4,2,3,6,20.11,12.31,16.8,64.3,7.96
FIRM208,24/08/2024,Large,40,500+,>5B,Joint venture,Yes,Joint venture,8,4,3,4,4,3,3,4,3,2.36,3,0,0,1,0,54.9,93,No,7,Difficult,20.2,5,4,4,2,14.85,12.72,7.8,78.9,12.71
FIRM209,28/07/2024,Large,28,251-500,500M-5B,Foreign-owned,Yes,Equity,7,4,4,4,4,5,3,3,5,0.46,2,0,1,1,0,73.1,51,Yes,9,Moderate,27.5,3,3,3,3,22.23,16.2,13.7,87.7,8.35
FIRM210,08/09/2024,Large,29,251-500,>5B,Foreign-owned,Yes,Joint venture,7,4,5,5,5,4,5,3,2,0.48,7,0,1,0,0,66.0,63,Yes,6,Easy,30.2,6,3,5,2,25.96,15.28,18.2,95.0,2.39
