FirmID,Firm_Name,Subsector,Location_Zone,Year_Established,Firm_Age,Firm_Size,Employees,Total_Assets_USD,Ownership_Type,FDI_Presence,FDI_Type,FDI_Origin_Country,FDI_Ownership_Percentage,Years_With_FDI,Knowledge_Absorption,Task_Performance,Innovation_Score,Firm_Resources_Score,Skilled_Labor_Ratio,Employee_Training_Hours,IoT_Adoption,RD_Spend_Ratio,Automation_Level,Liquidity_Ratio,Debt_Equity_Ratio,ROI_Percentage,ROA_Percentage,Revenue_USD,Revenue_Growth_Rate,Export_Intensity,Market_Share_Percentage,Operational_Efficiency,Employee_Productivity_USD,Tax_Incentives_Score,Regulatory_Stability,Infrastructure_Support,Corruption_Experience,Bureaucratic_Efficiency,Trade_Policy_Support,Govt_Policy_Score,Policy_Effectiveness_Index,EEG_Beneficiary,Pioneer_Tax_Status,Power_Access_Hours_Daily,Generator_Reliance,Port_Distance_KM,ISO_Certified,NAFDAC_Compliant,Halal_Certified,FDI_Inflow_Lagos_BillionUSD,Corruption_Perception_Index,Ease_Doing_Business_Rank,Avg_Power_Reliability_Hours,Logistics_Quality_Index,FDI_Policy_Interaction,Innovation_Policy_Interaction
FIRM_001,Seasoning&Condiments_FIRM_001,Seasoning & Condiments,Ikeja,2009,15,SME,112,3992887.78,Local,0,None,None,0.0,0,2.33,3.36,3.0,3.61,0.646,13.9,0,0.0999,2,1.05,0.54,13.8,2.02,5125286.33,3.03,0.172,0.78,4.55,45761.49,2.36,5.85,2.86,5.18,1.65,3.35,3.15,44.98,0,0,9.0,0.623,57.0,0,1,0,1.2,24,131,3.2,2.8,0.0,9.43
FIRM_002,BakeryProducts_FIRM_002,Bakery Products,Apapa,1996,28,SME,62,1192924.44,Joint Venture,1,Joint Venture,China,20.37,13,3.87,3.72,3.96,3.18,0.679,90.8,1,0.0681,5,3.41,1.96,13.89,15.3,1432850.14,9.56,0.276,1.06,8.0,23110.49,2.28,2.79,2.51,6.37,3.95,1.88,2.51,35.81,1,0,9.2,0.617,59.2,0,1,1,1.2,24,131,3.2,2.8,2.51,9.93
FIRM_003,OtherFoodProducts_FIRM_003,Other Food Products,Lagos Island,2016,8,SME,148,1034269.9,Local,0,None,None,0.0,0,2.5,3.05,3.03,3.59,0.382,22.1,0,0.039,3,2.27,0.76,1.85,13.54,10943020.2,5.12,0.12,1.26,7.73,73939.33,4.63,1.87,2.78,5.03,4.75,6.15,3.86,55.13,1,0,16.6,0.307,13.8,0,1,0,1.2,24,131,3.2,2.8,0.0,11.7
FIRM_004,DairyProducts_FIRM_004,Dairy Products,Badagry,2018,6,SME,37,4652003.38,Public Listed,1,Joint Venture,South Africa,28.57,4,4.15,3.95,4.38,3.48,0.31,91.2,0,0.1033,3,1.75,0.63,13.91,10.67,13246598.72,13.17,0.13,1.68,10.0,358016.18,4.53,3.7,1.0,5.07,3.58,6.96,3.78,54.04,1,0,22.5,0.061,15.9,1,1,0,1.2,24,131,3.2,2.8,3.78,16.56
FIRM_005,DairyProducts_FIRM_005,Dairy Products,Apapa,2013,11,SME,169,2983848.78,Joint Venture,1,Greenfield,USA,30.58,6,4.64,3.2,4.11,5.0,0.213,168.7,1,0.0224,5,3.08,0.88,19.57,8.58,11679287.55,15.42,0.142,4.71,7.79,69108.21,1.0,4.47,4.59,4.09,4.38,6.25,4.1,58.56,0,0,23.7,0.012,32.0,0,0,0,1.2,24,131,3.2,2.8,4.1,16.85
FIRM_006,MeatProcessing_FIRM_006,Meat Processing,Apapa,2015,9,SME,206,4507069.38,Public Listed,1,Joint Venture,South Africa,69.53,3,4.04,3.76,4.45,4.41,0.411,188.6,0,0.0341,2,1.96,1.18,25.19,12.58,2760713.86,19.79,0.193,1.9,9.6,13401.52,4.74,1.16,6.61,5.28,4.2,2.2,3.61,51.52,0,0,22.5,0.063,27.2,0,1,0,1.2,24,131,3.2,2.8,3.61,16.03
FIRM_007,OtherFoodProducts_FIRM_007,Other Food Products,Badagry,2005,19,SME,234,1016452.79,Public Listed,0,None,None,0.0,0,2.99,3.3,3.22,2.79,0.673,191.1,0,0.0663,3,3.44,0.28,7.61,7.1,3188081.84,1.0,0.0,2.03,6.34,13624.28,6.01,2.6,1.66,6.16,2.92,4.5,3.25,46.49,0,0,14.7,0.387,16.9,0,1,1,1.2,24,131,3.2,2.8,0.0,10.5
FIRM_008,AnimalFeeds_FIRM_008,Animal Feeds,Ikeja,2023,1,SME,45,4001561.14,Foreign-Owned,1,Greenfield,Netherlands,43.73,1,3.36,3.74,4.23,3.44,0.555,16.8,1,0.0651,5,3.02,2.16,14.76,13.77,4809804.45,10.76,0.0,4.16,9.99,106884.54,3.71,1.99,2.05,5.61,1.8,1.61,2.26,32.29,0,0,10.9,0.544,6.7,0,1,1,1.2,24,131,3.2,2.8,2.26,9.56
FIRM_009,Beverages_FIRM_009,Beverages,Ikorodu,1990,34,SME,131,824363.36,Foreign-Owned,1,Greenfield,India,17.98,9,3.04,4.36,5.0,4.52,0.444,57.1,1,0.0909,1,1.53,0.32,15.24,10.5,14615907.76,29.23,0.355,1.8,9.36,111571.81,3.55,3.35,3.99,7.0,3.61,5.17,3.44,49.19,0,0,21.9,0.089,38.9,0,1,0,1.2,24,131,3.2,2.8,3.44,17.22
FIRM_010,GrainMilling_FIRM_010,Grain Milling,Ikorodu,1981,43,SME,42,2318351.81,Joint Venture,0,None,None,0.0,0,3.93,3.42,2.72,2.71,0.373,170.5,1,0.0977,1,1.99,1.76,12.5,10.89,551392.91,13.69,0.022,2.15,6.46,13128.4,6.38,1.18,5.62,5.73,3.02,3.34,3.63,51.92,0,0,17.0,0.292,15.8,0,1,1,1.2,24,131,3.2,2.8,0.0,9.9
FIRM_011,DairyProducts_FIRM_011,Dairy Products,Badagry,2004,20,SME,39,4517636.89,Local,0,None,None,0.0,0,3.41,3.04,3.03,2.92,0.815,119.0,0,0.0538,3,2.31,1.43,10.89,10.68,10887261.25,17.41,0.322,4.85,7.45,279160.54,4.84,3.88,3.29,3.37,3.0,5.06,4.12,58.82,1,0,11.7,0.511,35.7,0,0,1,1.2,24,131,3.2,2.8,0.0,12.46
FIRM_012,Oils&Fats_FIRM_012,Oils & Fats,Ikorodu,2020,4,SME,80,4930705.27,Public Listed,1,Greenfield,China,70.2,3,3.66,4.06,4.73,4.41,0.228,103.6,1,0.0562,2,2.72,1.94,15.23,14.64,9880464.55,-7.66,0.36,1.26,7.39,123505.81,4.27,2.62,5.24,4.76,3.56,4.47,3.9,55.72,0,1,22.8,0.05,55.3,0,1,1,1.2,24,131,3.2,2.8,3.9,18.46
FIRM_013,Fruits&VegetablesProcessing_FIRM_013,Fruits & Vegetables Processing,Ikeja,2010,14,SME,56,3165523.26,Public Listed,1,Greenfield,India,94.65,6,4.32,3.99,5.0,3.42,0.344,45.7,1,0.0424,2,1.3,0.96,14.28,5.68,635832.21,6.78,0.153,3.05,5.76,11354.15,3.68,6.16,1.0,5.27,4.85,3.63,3.67,52.48,0,0,23.8,0.01,23.9,0,1,0,1.2,24,131,3.2,2.8,3.67,18.37
FIRM_014,FishProcessing_FIRM_014,Fish Processing,Lagos Island,1990,34,SME,186,4199727.09,Foreign-Owned,1,M&A,USA,21.38,5,3.1,3.9,3.73,3.63,0.465,34.5,0,0.0727,1,2.52,1.58,18.73,8.78,9520140.42,24.22,0.204,2.65,8.22,51183.55,4.42,5.41,4.74,5.3,2.17,3.68,3.85,55.06,1,0,17.9,0.253,42.8,0,1,1,1.2,24,131,3.2,2.8,3.85,14.39
FIRM_015,Oils&Fats_FIRM_015,Oils & Fats,Apapa,2006,18,SME,47,3060034.86,Public Listed,1,Joint Venture,France,47.19,2,3.92,2.81,3.36,4.7,0.585,173.8,0,0.0176,1,1.98,0.72,18.12,12.43,7265224.2,15.03,0.418,1.28,6.12,154579.24,2.98,3.08,1.61,5.02,4.74,2.82,3.03,43.34,0,1,10.7,0.554,18.2,0,1,1,1.2,24,131,3.2,2.8,3.03,10.19
FIRM_016,MeatProcessing_FIRM_016,Meat Processing,Ikorodu,1990,34,SME,242,1812157.85,Joint Venture,1,Joint Venture,USA,38.06,11,4.1,3.55,3.85,3.83,0.714,152.2,1,0.0251,2,2.78,1.38,15.17,11.6,2315046.97,15.9,0.269,0.75,9.61,9566.31,3.73,5.06,1.89,4.83,2.5,4.69,3.51,50.12,0,0,9.4,0.607,33.0,0,1,0,1.2,24,131,3.2,2.8,3.51,13.51
FIRM_017,BakeryProducts_FIRM_017,Bakery Products,Badagry,2006,18,SME,147,3956397.63,Local,1,Greenfield,France,55.65,2,5.0,4.6,2.29,4.54,0.386,180.9,0,0.0293,3,3.46,1.55,13.38,10.8,2247744.18,4.97,0.152,1.01,7.15,15290.78,3.49,1.0,4.23,5.57,3.39,4.28,3.14,44.82,0,0,18.7,0.221,55.9,0,1,1,1.2,24,131,3.2,2.8,3.14,7.2
FIRM_018,Seasoning&Condiments_FIRM_018,Seasoning & Condiments,Apapa,1998,26,SME,53,1065133.92,Foreign-Owned,1,M&A,Netherlands,46.16,1,3.96,4.01,4.9,4.49,0.211,106.2,0,0.0385,3,0.66,0.91,19.94,10.09,9934912.1,31.53,0.364,3.83,7.16,187451.17,1.9,2.35,3.45,5.21,4.13,5.9,3.42,48.88,0,0,20.7,0.136,13.7,0,1,0,1.2,24,131,3.2,2.8,3.42,16.75
FIRM_019,BakeryProducts_FIRM_019,Bakery Products,Lagos Island,2020,4,SME,132,3187104.89,Foreign-Owned,1,M&A,China,60.01,2,3.65,4.55,3.23,2.56,0.361,152.0,1,0.0279,1,1.67,1.38,3.17,17.02,4534936.34,11.21,0.387,0.92,9.28,34355.58,5.57,4.47,5.57,6.26,4.44,3.58,4.23,60.4,0,0,20.1,0.164,8.0,0,1,0,1.2,24,131,3.2,2.8,4.23,13.64
FIRM_020,DairyProducts_FIRM_020,Dairy Products,Lagos Island,1995,29,SME,189,2016572.09,Public Listed,1,Joint Venture,India,51.34,4,3.54,4.38,4.38,4.73,0.53,57.8,1,0.0218,2,1.53,0.65,21.66,6.18,9230175.92,4.82,0.159,4.57,9.75,48836.91,3.06,4.09,2.3,6.66,2.68,3.41,2.81,40.17,0,0,13.3,0.445,20.1,0,1,0,1.2,24,131,3.2,2.8,2.81,12.32
FIRM_021,OtherFoodProducts_FIRM_021,Other Food Products,Apapa,1998,26,SME,62,1709226.35,Joint Venture,1,Greenfield,South Africa,43.84,9,2.87,2.51,3.81,4.37,0.173,183.4,1,0.0693,4,1.76,2.3,20.84,4.57,8882988.33,11.72,0.21,0.52,6.31,143274.01,4.41,2.85,3.42,4.16,4.38,3.86,3.79,54.19,0,1,15.6,0.352,34.8,1,1,0,1.2,24,131,3.2,2.8,3.79,14.46
FIRM_022,Fruits&VegetablesProcessing_FIRM_022,Fruits & Vegetables Processing,Ikorodu,1994,30,SME,203,2695556.66,Family Business,0,None,None,0.0,0,3.09,3.03,2.54,2.16,0.601,87.7,1,0.0187,2,3.1,1.08,7.66,2.35,2234684.08,17.86,0.101,2.58,3.86,11008.3,5.45,4.04,5.77,5.63,5.12,4.5,4.54,64.92,0,0,10.3,0.573,25.6,0,1,0,1.2,24,131,3.2,2.8,0.0,11.54
FIRM_023,FishProcessing_FIRM_023,Fish Processing,Lagos Island,2005,19,SME,170,1079036.96,Joint Venture,1,Joint Venture,India,84.5,13,4.35,3.81,3.33,4.53,0.332,82.1,1,0.0322,5,1.54,1.96,20.34,10.63,3227146.73,1.12,0.275,4.93,6.57,18983.22,4.04,6.99,1.0,6.14,4.87,2.37,3.52,50.32,0,0,10.1,0.578,54.2,0,1,0,1.2,24,131,3.2,2.8,3.52,11.74
FIRM_024,MeatProcessing_FIRM_024,Meat Processing,Ikeja,1988,36,SME,137,632867.86,Joint Venture,1,M&A,France,15.71,5,3.52,4.41,4.03,4.05,0.57,136.4,1,0.1097,2,1.71,1.95,21.1,5.13,13952052.41,10.31,0.102,1.0,8.49,101839.8,5.27,3.63,4.32,6.9,3.33,4.67,3.72,53.14,0,0,15.7,0.344,17.7,0,1,0,1.2,24,131,3.2,2.8,3.72,14.99
FIRM_025,Sugar&Confectionery_FIRM_025,Sugar & Confectionery,Apapa,1981,43,SME,90,2507012.92,Local,1,M&A,Netherlands,75.53,5,3.04,3.24,4.86,3.48,0.569,97.3,1,0.0093,4,2.58,0.75,7.49,17.22,1507459.83,20.67,0.239,1.01,9.25,16749.55,4.36,4.94,4.13,6.64,4.88,3.46,3.85,55.05,0,0,23.8,0.008,56.8,1,1,0,1.2,24,131,3.2,2.8,3.85,18.72
FIRM_026,AnimalFeeds_FIRM_026,Animal Feeds,Apapa,2002,22,SME,160,2801242.58,Foreign-Owned,0,None,None,0.0,0,3.38,3.42,2.65,3.68,0.741,70.6,0,0.0044,3,2.18,1.25,12.24,10.04,5249511.43,12.87,0.202,2.08,8.86,32809.45,6.86,4.48,3.42,7.0,4.81,3.76,4.05,57.93,0,0,23.8,0.006,2.0,0,1,0,1.2,24,131,3.2,2.8,0.0,10.75
FIRM_027,Seasoning&Condiments_FIRM_027,Seasoning & Condiments,Badagry,1995,29,SME,132,4989773.85,Family Business,0,None,None,0.0,0,2.69,1.96,3.44,3.19,0.839,156.0,0,0.0506,5,2.7,0.11,3.69,8.8,10251709.77,8.54,0.15,1.46,9.42,77664.47,3.05,2.89,4.4,5.43,3.57,4.29,3.46,49.47,0,0,19.9,0.171,5.8,0,1,1,1.2,24,131,3.2,2.8,0.0,11.92
FIRM_028,GrainMilling_FIRM_028,Grain Milling,Apapa,1981,43,SME,246,645676.87,Foreign-Owned,1,Joint Venture,Netherlands,28.74,1,4.36,4.16,4.54,3.96,0.568,109.8,1,0.0618,2,2.59,0.47,8.88,10.5,3434257.71,26.56,0.345,2.73,10.0,13960.4,3.4,3.26,3.63,5.5,4.36,6.41,3.93,56.09,1,0,14.0,0.418,17.1,0,1,1,1.2,24,131,3.2,2.8,3.93,17.81
FIRM_029,FishProcessing_FIRM_029,Fish Processing,Ikorodu,1996,28,SME,69,591870.86,Public Listed,1,Greenfield,India,82.35,8,3.83,4.42,3.81,4.42,0.613,113.3,0,0.0881,3,3.1,0.69,15.01,11.6,5022385.62,20.49,0.298,1.03,7.39,72788.2,4.08,4.12,2.97,4.13,4.62,4.78,4.07,58.21,1,0,8.1,0.661,49.5,1,1,1,1.2,24,131,3.2,2.8,4.07,15.51
FIRM_030,OtherFoodProducts_FIRM_030,Other Food Products,Badagry,1996,28,SME,242,4816810.42,Public Listed,0,None,None,0.0,0,1.86,3.29,3.09,2.89,0.646,22.8,0,0.0415,2,0.72,2.15,10.26,17.5,6847583.3,6.48,0.0,1.98,8.42,28295.8,4.05,2.09,3.33,6.5,2.79,5.05,3.14,44.81,0,0,11.7,0.513,9.6,0,0,1,1.2,24,131,3.2,2.8,0.0,9.68
FIRM_031,AnimalFeeds_FIRM_031,Animal Feeds,Ikorodu,2008,16,SME,230,4720898.8,Family Business,0,None,None,0.0,0,1.89,2.92,3.61,2.44,0.672,48.1,0,0.0858,2,3.09,1.24,14.09,11.33,8897040.62,11.76,0.119,3.17,7.66,38682.79,5.12,3.67,5.36,4.29,5.84,3.95,4.61,65.86,1,0,12.3,0.487,48.3,0,1,1,1.2,24,131,3.2,2.8,0.0,16.66
FIRM_032,FishProcessing_FIRM_032,Fish Processing,Ikeja,2006,18,SME,27,3418260.3,Family Business,1,Greenfield,UK,61.0,11,2.94,4.29,4.0,3.32,0.319,197.5,1,0.0599,4,2.61,1.44,15.06,8.33,4964352.53,5.79,0.256,0.26,7.65,183864.91,4.45,2.31,4.68,5.85,2.86,3.47,3.32,47.44,1,0,19.3,0.196,3.8,0,1,0,1.2,24,131,3.2,2.8,3.32,13.28
FIRM_033,MeatProcessing_FIRM_033,Meat Processing,Apapa,2016,8,SME,123,4679248.99,Local,0,None,None,0.0,0,2.65,3.74,2.88,3.57,0.722,95.9,0,0.0632,2,1.82,1.84,21.33,14.04,5700953.59,14.9,0.0,2.4,8.45,46349.22,4.69,3.01,3.08,3.53,5.06,3.41,3.95,56.48,1,0,11.5,0.52,26.3,0,1,1,1.2,24,131,3.2,2.8,0.0,11.39
FIRM_034,Seasoning&Condiments_FIRM_034,Seasoning & Condiments,Epe,2000,24,SME,222,3649486.9,Family Business,1,Joint Venture,UK,39.4,12,5.0,3.91,4.81,4.47,0.562,15.6,1,0.0727,2,2.88,1.67,31.49,7.9,7091907.45,6.64,0.018,4.2,9.63,31945.53,6.35,1.64,1.12,6.83,1.0,4.45,2.62,37.48,1,0,9.6,0.602,25.5,0,1,0,1.2,24,131,3.2,2.8,2.62,12.61
FIRM_035,DairyProducts_FIRM_035,Dairy Products,Badagry,1999,25,SME,240,859443.17,Family Business,0,None,None,0.0,0,3.48,2.58,3.58,2.58,0.242,194.3,0,0.0283,3,1.83,0.89,21.31,6.49,1696815.14,3.84,0.378,4.75,4.53,7070.06,2.5,5.77,1.0,5.7,1.0,4.85,2.9,41.46,0,0,16.9,0.295,33.3,1,0,1,1.2,24,131,3.2,2.8,0.0,10.38
FIRM_036,AnimalFeeds_FIRM_036,Animal Feeds,Epe,1995,29,SME,46,4686198.18,Family Business,0,None,None,0.0,0,3.58,2.89,2.42,4.03,0.428,101.2,0,0.0021,1,2.42,2.18,15.94,13.26,5579605.65,1.72,0.0,3.37,8.3,121295.77,5.0,2.33,2.26,7.0,3.25,4.26,3.02,43.09,0,0,23.1,0.037,41.6,0,1,0,1.2,24,131,3.2,2.8,0.0,7.31
FIRM_037,Sugar&Confectionery_FIRM_037,Sugar & Confectionery,Ikeja,1997,27,SME,241,3854170.85,Public Listed,0,None,None,0.0,0,3.66,3.79,3.25,2.31,0.426,133.7,1,0.0789,2,2.31,0.86,9.96,9.73,3245271.31,8.92,0.095,3.85,5.27,13465.86,5.2,4.91,2.61,3.34,2.33,2.39,3.68,52.62,0,0,17.0,0.291,24.1,0,1,0,1.2,24,131,3.2,2.8,0.0,11.96
FIRM_038,Seasoning&Condiments_FIRM_038,Seasoning & Condiments,Lagos Island,1998,26,SME,44,1174984.65,Local,0,None,None,0.0,0,3.7,3.43,2.07,3.0,0.53,190.8,0,0.1097,5,1.52,1.01,19.7,14.66,5866001.24,14.4,0.0,3.08,7.46,133318.21,3.87,4.35,2.92,5.76,3.46,2.86,3.28,46.88,0,0,12.9,0.462,48.6,0,1,0,1.2,24,131,3.2,2.8,0.0,6.78
FIRM_039,Sugar&Confectionery_FIRM_039,Sugar & Confectionery,Ikeja,2011,13,SME,155,2029530.77,Foreign-Owned,1,Joint Venture,France,20.36,11,3.48,4.16,4.36,3.5,0.28,184.4,1,0.0104,1,1.62,1.36,16.73,21.0,8377229.89,17.66,0.337,0.96,9.74,54046.64,3.87,4.24,5.46,4.07,2.12,4.83,4.08,58.24,0,0,20.3,0.156,10.7,0,1,1,1.2,24,131,3.2,2.8,4.08,17.79
FIRM_040,GrainMilling_FIRM_040,Grain Milling,Ikeja,2003,21,SME,117,4320845.53,Family Business,1,M&A,Netherlands,12.01,3,4.07,4.38,5.0,3.57,0.566,104.4,0,0.0164,5,2.53,1.16,9.57,19.57,414313.3,21.84,0.188,1.77,8.95,3541.14,5.09,3.42,2.08,6.14,4.97,6.06,3.91,55.87,0,0,13.5,0.438,37.8,0,1,0,1.2,24,131,3.2,2.8,3.91,19.56
FIRM_041,Sugar&Confectionery_FIRM_041,Sugar & Confectionery,Apapa,2003,21,SME,181,1206874.81,Public Listed,1,Joint Venture,India,60.39,3,2.6,4.09,4.56,3.17,0.846,135.7,1,0.0877,4,0.68,1.45,11.61,15.36,8041507.56,22.79,0.233,3.81,7.07,44428.22,2.62,3.05,1.09,5.19,4.51,4.09,3.03,43.28,0,0,20.1,0.163,9.4,0,1,0,1.2,24,131,3.2,2.8,3.03,13.81
FIRM_042,Seasoning&Condiments_FIRM_042,Seasoning & Condiments,Lagos Island,2001,23,SME,151,632362.69,Foreign-Owned,1,Joint Venture,USA,40.61,5,4.54,3.29,3.2,4.69,0.346,189.1,0,0.0194,3,2.22,1.46,15.83,12.21,5709080.26,20.49,0.0,2.74,10.0,37808.48,6.51,4.16,2.66,4.56,2.79,5.18,4.12,58.9,1,0,11.6,0.518,57.5,0,0,0,1.2,24,131,3.2,2.8,4.12,13.18
FIRM_043,BakeryProducts_FIRM_043,Bakery Products,Ikorodu,1993,31,SME,63,1602952.07,Joint Venture,1,Joint Venture,South Africa,61.53,6,3.49,4.37,3.14,4.11,0.485,106.2,1,0.0096,4,3.4,1.14,15.92,4.17,6285239.24,24.04,0.292,1.16,6.85,99765.7,5.78,3.5,5.44,5.28,3.06,3.26,3.96,56.59,0,1,16.2,0.327,59.8,0,1,0,1.2,24,131,3.2,2.8,3.96,12.44
FIRM_044,FishProcessing_FIRM_044,Fish Processing,Epe,1986,38,SME,61,3295832.18,Local,1,Greenfield,South Africa,21.11,4,3.62,4.76,2.96,4.13,0.487,43.6,1,0.1157,2,0.9,1.1,4.65,13.56,9599127.51,20.02,0.455,1.03,5.71,157362.75,4.74,5.31,3.02,4.58,4.56,2.43,3.91,55.9,0,0,10.4,0.567,9.4,0,1,0,1.2,24,131,3.2,2.8,3.91,11.58
FIRM_045,MeatProcessing_FIRM_045,Meat Processing,Ikorodu,1995,29,SME,236,1910647.01,Local,1,M&A,Netherlands,76.73,13,4.08,3.98,3.93,3.8,0.327,158.4,0,0.0595,3,1.85,0.64,14.9,15.92,12387784.42,18.1,0.159,0.29,7.89,52490.61,5.8,3.63,3.34,5.11,2.79,3.08,3.59,51.25,0,0,23.1,0.038,47.5,0,1,0,1.2,24,131,3.2,2.8,3.59,14.09
FIRM_046,MeatProcessing_FIRM_046,Meat Processing,Epe,2014,10,SME,105,390128.52,Joint Venture,1,M&A,UK,16.98,10,2.44,3.99,3.87,3.38,0.198,192.4,1,0.1075,2,2.9,0.8,10.62,11.85,8003476.57,20.09,0.29,3.77,8.62,76223.59,3.73,2.63,1.63,2.74,6.17,2.68,3.68,52.6,0,0,9.9,0.586,13.5,0,1,1,1.2,24,131,3.2,2.8,3.68,14.26
FIRM_047,DairyProducts_FIRM_047,Dairy Products,Lagos Island,1985,39,SME,41,1618766.26,Local,0,None,None,0.0,0,2.9,3.34,2.63,3.96,0.739,148.4,0,0.0787,3,1.46,1.91,14.25,2.95,8643922.81,10.28,0.098,0.55,5.89,210827.39,4.9,3.21,1.79,6.87,2.86,4.79,3.11,44.45,1,0,9.5,0.604,35.5,0,1,1,1.2,24,131,3.2,2.8,0.0,8.17
FIRM_048,Fruits&VegetablesProcessing_FIRM_048,Fruits & Vegetables Processing,Epe,2023,1,SME,195,96191.52,Local,0,None,None,0.0,0,3.86,3.02,3.23,3.15,0.61,69.1,0,0.0978,3,1.06,0.95,11.42,10.64,203600.55,1.35,0.268,3.83,4.59,1044.11,3.61,2.65,1.97,2.59,4.27,4.41,3.72,53.14,0,0,14.6,0.392,42.3,1,1,0,1.2,24,131,3.2,2.8,0.0,12.01
FIRM_049,GrainMilling_FIRM_049,Grain Milling,Lagos Island,2007,17,SME,66,1968984.29,Joint Venture,0,None,None,0.0,0,4.33,3.05,2.89,2.59,0.543,116.5,0,0.0812,2,2.31,0.16,17.28,3.38,1765454.33,14.34,0.21,4.91,7.8,26749.31,3.56,1.0,3.75,5.53,2.75,3.23,2.79,39.91,1,0,20.3,0.156,44.5,0,1,0,1.2,24,131,3.2,2.8,0.0,8.07
FIRM_050,Fruits&VegetablesProcessing_FIRM_050,Fruits & Vegetables Processing,Apapa,1997,27,SME,157,3938975.51,Public Listed,0,None,None,0.0,0,2.21,3.35,1.84,3.43,0.561,142.6,0,0.0939,3,1.28,1.13,20.13,11.06,5116275.7,24.06,0.0,2.47,6.46,32587.74,6.36,3.16,2.3,5.66,2.2,4.36,3.45,49.33,0,0,23.3,0.029,6.0,1,1,1,1.2,24,131,3.2,2.8,0.0,6.34
FIRM_051,AnimalFeeds_FIRM_051,Animal Feeds,Apapa,2010,14,SME,172,1414281.08,Family Business,1,M&A,South Africa,33.12,6,4.5,3.78,3.2,3.61,0.747,18.8,0,0.0674,5,2.1,1.09,19.58,11.19,487544.15,-0.55,0.287,2.84,8.29,2834.56,3.51,4.91,1.32,5.45,1.74,4.56,3.1,44.25,0,0,9.8,0.591,10.8,0,1,0,1.2,24,131,3.2,2.8,3.1,9.91
FIRM_052,OtherFoodProducts_FIRM_052,Other Food Products,Lagos Island,1990,34,SME,42,2640785.01,Joint Venture,1,Joint Venture,France,56.12,7,3.78,4.09,4.97,3.85,0.489,41.5,0,0.102,2,0.79,2.17,12.24,19.24,4405059.8,5.67,0.211,3.96,7.9,104882.38,1.43,3.75,3.39,6.38,4.53,4.97,3.28,46.89,1,0,18.6,0.227,11.4,0,0,0,1.2,24,131,3.2,2.8,3.28,16.31
FIRM_053,Seasoning&Condiments_FIRM_053,Seasoning & Condiments,Badagry,2022,2,SME,37,3871461.76,Foreign-Owned,1,M&A,Netherlands,49.43,2,3.34,3.14,3.34,4.62,0.466,85.5,1,0.0529,3,1.11,1.36,20.51,9.66,8352918.86,12.5,0.428,2.04,8.97,225754.56,5.31,4.48,1.93,4.33,4.84,3.6,3.97,56.73,0,0,18.5,0.23,10.8,0,1,1,1.2,24,131,3.2,2.8,3.97,13.25
FIRM_054,DairyProducts_FIRM_054,Dairy Products,Apapa,2013,11,SME,41,632337.74,Joint Venture,1,Joint Venture,Netherlands,92.21,11,3.56,3.37,4.0,3.79,0.264,12.4,1,0.0633,1,2.97,0.6,20.35,13.11,4809977.62,17.57,0.239,1.55,8.38,117316.53,2.76,2.62,3.4,5.24,1.39,4.19,2.86,40.79,1,0,19.5,0.187,26.4,0,1,1,1.2,24,131,3.2,2.8,2.86,11.42
FIRM_055,DairyProducts_FIRM_055,Dairy Products,Ikeja,2002,22,SME,84,3273180.55,Foreign-Owned,0,None,None,0.0,0,3.26,3.39,2.46,3.18,0.37,10.7,0,0.0201,4,1.18,2.11,15.92,3.46,7571002.79,13.89,0.0,1.14,6.61,90130.99,4.43,4.29,3.93,5.86,4.94,4.49,4.04,57.69,0,0,9.8,0.593,27.9,0,0,0,1.2,24,131,3.2,2.8,0.0,9.93
FIRM_056,BakeryProducts_FIRM_056,Bakery Products,Apapa,2010,14,SME,44,2093167.59,Public Listed,1,Joint Venture,South Africa,11.53,8,3.66,4.07,3.83,4.33,0.355,183.0,0,0.0966,4,3.45,1.59,13.61,20.4,7663583.91,9.8,0.391,3.21,5.91,174172.36,1.99,4.54,4.32,4.04,2.65,4.18,3.61,51.52,0,0,13.3,0.446,21.7,0,1,0,1.2,24,131,3.2,2.8,3.61,13.82
FIRM_057,OtherFoodProducts_FIRM_057,Other Food Products,Apapa,1994,30,SME,71,3983162.48,Local,1,Greenfield,USA,32.76,14,3.84,4.48,3.05,4.04,0.216,182.8,0,0.0995,1,0.58,1.77,9.38,11.14,4741105.66,22.95,0.198,4.75,7.26,66776.14,3.85,5.76,4.86,4.66,2.85,2.92,3.93,56.14,0,0,12.3,0.487,25.6,0,1,1,1.2,24,131,3.2,2.8,3.93,11.99
FIRM_058,Oils&Fats_FIRM_058,Oils & Fats,Epe,2016,8,SME,15,275961.29,Local,1,Greenfield,USA,49.92,8,3.24,3.79,2.25,4.17,0.346,49.3,1,0.0007,1,1.16,0.19,8.7,10.29,10887423.99,12.37,0.137,2.9,4.95,725828.27,3.99,4.74,3.52,4.2,3.09,3.04,3.7,52.82,0,0,15.9,0.338,42.7,0,1,1,1.2,24,131,3.2,2.8,3.7,8.33
FIRM_059,Seasoning&Condiments_FIRM_059,Seasoning & Condiments,Apapa,2005,19,SME,10,1979868.15,Family Business,1,Greenfield,China,87.15,5,4.3,3.32,4.44,3.31,0.818,147.1,0,0.0003,5,2.99,0.2,14.63,15.11,9913676.17,21.31,0.338,0.55,10.0,991367.62,7.0,3.51,4.49,6.46,2.44,6.14,4.19,59.81,0,0,17.6,0.268,31.1,1,1,1,1.2,24,131,3.2,2.8,4.19,18.57
FIRM_060,FishProcessing_FIRM_060,Fish Processing,Lagos Island,1997,27,SME,12,3633666.62,Joint Venture,0,None,None,0.0,0,2.36,3.84,2.88,3.19,0.464,26.0,0,0.1092,1,1.15,1.22,21.47,13.36,4595389.02,11.03,0.0,0.48,8.26,382949.09,2.37,4.45,1.81,2.51,5.44,4.55,4.02,57.39,1,0,8.2,0.658,23.5,1,1,0,1.2,24,131,3.2,2.8,0.0,11.58
FIRM_061,AnimalFeeds_FIRM_061,Animal Feeds,Badagry,1987,37,SME,43,875958.0,Public Listed,0,None,None,0.0,0,2.91,3.42,1.16,3.2,0.155,83.3,0,0.0715,1,2.53,1.55,4.32,5.62,9871901.69,5.45,0.334,0.79,5.3,229579.11,4.18,4.56,3.21,4.58,3.36,3.89,3.77,53.88,0,1,20.1,0.163,28.6,0,0,1,1.2,24,131,3.2,2.8,0.0,4.36
FIRM_062,BakeryProducts_FIRM_062,Bakery Products,Badagry,1989,35,SME,179,1905277.66,Family Business,0,None,None,0.0,0,2.78,3.79,3.06,2.94,0.42,74.7,0,0.0185,1,2.1,0.5,14.08,11.7,4031888.32,14.37,0.0,4.15,5.24,22524.52,6.84,3.92,4.15,4.49,1.89,4.2,4.09,58.36,0,0,10.4,0.566,49.4,0,1,0,1.2,24,131,3.2,2.8,0.0,12.5
FIRM_063,BakeryProducts_FIRM_063,Bakery Products,Ikeja,2000,24,SME,91,3135859.49,Local,0,None,None,0.0,0,2.73,2.56,2.78,2.66,0.53,53.3,0,0.1091,3,1.56,1.2,8.39,9.33,7548300.89,10.04,0.0,4.85,6.46,82948.36,5.05,4.1,2.68,2.79,3.4,7.0,4.57,65.34,0,0,17.7,0.263,55.3,0,1,0,1.2,24,131,3.2,2.8,0.0,12.71
FIRM_064,Seasoning&Condiments_FIRM_064,Seasoning & Condiments,Ikorodu,2020,4,SME,228,2067541.83,Family Business,0,None,None,0.0,0,2.25,3.28,2.79,2.17,0.318,69.3,0,0.0037,5,3.28,0.15,15.93,16.32,7621004.56,3.58,0.014,3.49,5.63,33425.46,5.69,3.06,1.86,4.28,2.8,5.03,3.69,52.75,1,0,21.3,0.111,44.9,1,1,0,1.2,24,131,3.2,2.8,0.0,10.32
FIRM_065,Beverages_FIRM_065,Beverages,Badagry,2023,1,SME,137,4055456.7,Family Business,0,None,None,0.0,0,2.54,3.31,2.23,2.99,0.435,87.4,1,0.0419,3,2.4,1.48,7.9,10.13,9099698.72,17.59,0.03,0.81,3.96,66421.16,5.81,4.4,2.69,3.19,2.52,3.44,3.94,56.33,1,0,21.5,0.105,33.8,0,1,1,1.2,24,131,3.2,2.8,0.0,8.78
FIRM_066,Seasoning&Condiments_FIRM_066,Seasoning & Condiments,Ikeja,2002,22,SME,28,3256696.36,Local,1,Joint Venture,USA,71.18,14,3.38,4.55,3.57,5.0,0.518,98.0,1,0.0364,4,0.93,1.96,20.41,12.55,4297808.68,13.38,0.0,0.76,7.54,153493.17,3.13,5.37,3.2,5.09,3.07,4.19,3.65,52.08,0,1,11.9,0.502,45.0,0,1,0,1.2,24,131,3.2,2.8,3.65,13.01
FIRM_067,Oils&Fats_FIRM_067,Oils & Fats,Apapa,1990,34,SME,156,2846672.57,Local,1,M&A,India,77.06,3,4.31,3.83,3.97,3.84,0.213,140.5,1,0.0465,3,3.03,1.72,13.26,9.43,12160153.76,14.85,0.163,0.74,6.69,77949.7,4.41,3.54,1.0,5.1,2.24,5.18,3.21,45.88,0,0,18.2,0.244,46.7,1,0,1,1.2,24,131,3.2,2.8,3.21,12.76
FIRM_068,BakeryProducts_FIRM_068,Bakery Products,Epe,1993,31,SME,238,4119790.44,Joint Venture,0,None,None,0.0,0,2.81,3.67,2.57,3.5,0.707,153.3,1,0.0474,4,2.72,0.86,18.99,4.8,8287324.38,15.05,0.296,1.08,6.29,34820.69,3.49,3.57,3.26,3.9,4.46,3.38,3.71,53.04,1,0,13.4,0.442,3.1,1,1,0,1.2,24,131,3.2,2.8,0.0,9.55
FIRM_069,Fruits&VegetablesProcessing_FIRM_069,Fruits & Vegetables Processing,Badagry,2012,12,SME,120,1684701.76,Joint Venture,0,None,None,0.0,0,2.99,3.07,2.82,3.33,0.624,69.3,0,0.0928,4,3.43,0.4,11.13,10.23,3147808.12,18.07,0.065,1.81,9.05,26231.73,2.44,4.74,4.22,2.37,2.28,3.53,3.81,54.36,0,0,15.7,0.344,45.4,0,1,0,1.2,24,131,3.2,2.8,0.0,10.72
FIRM_070,GrainMilling_FIRM_070,Grain Milling,Badagry,1992,32,SME,146,1233835.95,Foreign-Owned,0,None,None,0.0,0,2.89,3.62,4.19,2.6,0.658,127.7,0,0.1017,3,2.23,0.45,15.86,11.76,4657358.54,0.29,0.221,3.4,5.67,31899.72,3.9,4.45,4.68,5.01,3.08,4.18,3.88,55.45,1,1,18.1,0.246,28.0,1,0,0,1.2,24,131,3.2,2.8,0.0,16.25
FIRM_071,BakeryProducts_FIRM_071,Bakery Products,Badagry,2003,21,SME,24,1803625.44,Local,0,None,None,0.0,0,3.39,3.29,3.0,3.94,0.276,97.1,0,0.1037,4,3.19,1.72,0.14,11.61,7441229.6,14.38,0.093,2.54,5.38,310051.23,4.05,1.69,3.38,6.09,3.4,3.39,2.97,42.43,1,1,21.3,0.114,44.5,0,1,0,1.2,24,131,3.2,2.8,0.0,8.9
FIRM_072,MeatProcessing_FIRM_072,Meat Processing,Ikeja,2016,8,SME,89,4887674.14,Public Listed,1,Joint Venture,USA,50.54,4,3.46,4.26,2.79,3.33,0.546,156.6,1,0.0015,2,2.85,1.0,17.51,17.19,795571.23,0.99,0.285,4.06,7.95,8939.0,3.41,4.87,2.36,3.35,7.0,2.24,4.09,58.41,0,0,9.5,0.606,3.9,1,1,1,1.2,24,131,3.2,2.8,4.09,11.43
FIRM_073,DairyProducts_FIRM_073,Dairy Products,Apapa,1995,29,SME,26,3948367.98,Joint Venture,0,None,None,0.0,0,3.83,2.58,2.3,2.64,0.793,29.3,0,0.0265,1,1.19,2.4,14.26,5.79,2638112.74,-4.57,0.303,2.86,5.83,101465.87,3.21,3.55,3.46,6.16,3.3,3.62,3.16,45.2,0,0,22.2,0.074,33.6,0,1,1,1.2,24,131,3.2,2.8,0.0,7.29
FIRM_074,Beverages_FIRM_074,Beverages,Badagry,1996,28,SME,121,4282399.5,Family Business,0,None,None,0.0,0,3.66,2.5,2.15,2.93,0.217,167.1,1,0.0872,5,2.81,1.67,16.14,1.27,4488250.72,5.59,0.098,0.28,6.71,37092.98,3.32,3.85,1.57,3.8,4.38,2.62,3.32,47.49,0,0,14.8,0.385,19.6,0,1,0,1.2,24,131,3.2,2.8,0.0,7.14
FIRM_075,BakeryProducts_FIRM_075,Bakery Products,Ikeja,1988,36,SME,215,670514.56,Family Business,0,None,None,0.0,0,2.64,3.91,4.02,3.59,0.205,113.5,0,0.0201,1,1.31,1.61,1.01,8.19,10799424.79,15.81,0.0,2.84,7.18,50229.88,5.45,2.11,2.93,4.77,3.79,3.75,3.54,50.62,1,0,11.4,0.524,40.6,0,1,0,1.2,24,131,3.2,2.8,0.0,14.23
FIRM_076,MeatProcessing_FIRM_076,Meat Processing,Ikorodu,2023,1,SME,121,2832260.33,Family Business,1,Greenfield,Netherlands,51.01,1,3.76,4.25,4.29,3.72,0.737,12.2,0,0.1164,5,0.79,1.44,16.13,20.32,7986566.65,7.0,0.251,2.75,5.73,66004.68,2.85,3.73,3.48,5.38,4.87,5.79,3.89,55.6,0,0,16.0,0.332,6.1,0,0,0,1.2,24,131,3.2,2.8,3.89,16.71
FIRM_077,Beverages_FIRM_077,Beverages,Lagos Island,2008,16,SME,92,3158567.24,Public Listed,1,M&A,China,25.89,12,3.2,3.35,4.57,2.99,0.384,149.2,1,0.0082,3,1.57,0.3,21.74,7.4,1175322.06,17.38,0.175,4.91,6.15,12775.24,5.31,4.17,2.66,5.67,5.24,3.97,3.95,56.37,0,0,16.8,0.301,58.8,0,1,0,1.2,24,131,3.2,2.8,3.95,18.05
FIRM_078,GrainMilling_FIRM_078,Grain Milling,Ikorodu,2012,12,SME,186,1765294.63,Joint Venture,1,Joint Venture,Netherlands,61.47,2,3.64,3.03,3.61,4.47,0.828,124.7,1,0.0091,4,1.39,0.32,10.27,19.65,9765100.89,3.16,0.451,1.41,9.7,52500.54,5.26,5.95,1.52,4.0,4.82,4.33,4.31,61.63,0,0,10.5,0.563,56.8,0,0,1,1.2,24,131,3.2,2.8,4.31,15.57
FIRM_079,BakeryProducts_FIRM_079,Bakery Products,Epe,1994,30,SME,31,3144763.61,Local,0,None,None,0.0,0,2.86,3.18,1.73,3.31,0.465,191.9,0,0.1008,2,2.72,0.62,11.32,17.18,8026637.6,12.53,0.159,0.51,5.9,258923.79,4.59,3.88,5.22,5.42,1.52,5.46,3.87,55.35,0,0,21.1,0.121,4.9,0,1,0,1.2,24,131,3.2,2.8,0.0,6.7
FIRM_080,MeatProcessing_FIRM_080,Meat Processing,Ikeja,1990,34,SME,119,1390491.32,Foreign-Owned,1,Joint Venture,South Africa,49.01,3,4.42,4.13,2.76,2.87,0.383,178.1,1,0.0592,5,2.86,1.05,20.95,4.55,13101004.79,23.05,0.264,1.53,7.04,110092.48,4.98,2.98,4.48,4.63,4.8,3.72,4.05,57.9,0,0,16.0,0.334,33.0,1,1,0,1.2,24,131,3.2,2.8,4.05,11.17
FIRM_081,MeatProcessing_FIRM_081,Meat Processing,Badagry,2013,11,SME,72,1497296.4,Public Listed,0,None,None,0.0,0,3.24,2.54,2.24,1.54,0.17,49.9,0,0.0856,2,1.73,2.32,10.44,3.77,7721413.4,8.28,0.171,2.29,6.71,107241.85,5.21,1.53,3.73,4.77,3.7,4.13,3.59,51.27,0,0,20.6,0.142,38.7,0,1,1,1.2,24,131,3.2,2.8,0.0,8.03
FIRM_082,FishProcessing_FIRM_082,Fish Processing,Ikeja,2015,9,SME,122,557711.41,Joint Venture,1,Joint Venture,France,80.45,7,3.88,4.08,3.48,4.45,0.751,152.2,1,0.0733,5,1.88,1.09,18.88,9.71,7324971.74,15.52,0.472,2.21,9.32,60040.75,6.1,4.03,3.76,2.89,2.22,1.86,3.84,54.93,0,0,9.9,0.586,38.8,0,1,1,1.2,24,131,3.2,2.8,3.84,13.38
FIRM_083,GrainMilling_FIRM_083,Grain Milling,Epe,2005,19,SME,20,1264493.96,Local,1,Joint Venture,USA,73.7,8,4.41,4.94,2.59,2.77,0.529,142.3,0,0.0206,2,1.48,1.41,12.94,11.62,12664791.77,14.21,0.244,4.67,10.0,633239.59,4.14,2.38,3.25,6.0,4.94,4.64,3.56,50.84,0,0,14.5,0.395,53.4,0,1,0,1.2,24,131,3.2,2.8,3.56,9.22
FIRM_084,BakeryProducts_FIRM_084,Bakery Products,Ikeja,2023,1,SME,63,3631046.13,Family Business,1,Greenfield,India,84.3,1,4.6,2.86,3.57,3.76,0.278,172.4,0,0.056,5,1.73,1.65,22.37,6.42,10280777.94,11.88,0.237,4.25,8.43,163186.95,5.22,1.0,2.07,4.99,4.42,5.79,3.59,51.22,0,0,13.9,0.42,4.6,0,0,0,1.2,24,131,3.2,2.8,3.59,12.8
FIRM_085,AnimalFeeds_FIRM_085,Animal Feeds,Ikeja,2015,9,SME,139,3325337.23,Public Listed,1,Joint Venture,UK,78.38,9,2.8,4.81,4.54,5.0,0.395,138.7,0,0.0018,3,2.36,1.88,14.35,10.93,13242979.26,25.88,0.303,3.82,8.75,95273.23,5.59,4.07,4.61,3.86,4.02,6.17,4.77,68.09,0,0,13.0,0.457,16.0,0,1,0,1.2,24,131,3.2,2.8,4.77,21.66
FIRM_086,Beverages_FIRM_086,Beverages,Epe,2008,16,SME,53,3741479.23,Public Listed,1,Joint Venture,USA,69.17,12,3.67,2.99,2.25,3.85,0.535,111.3,0,0.0898,5,1.47,0.75,17.84,14.08,3129059.59,1.7,0.108,3.02,9.12,59038.86,4.92,4.68,2.15,5.8,3.84,3.35,3.52,50.34,0,0,8.5,0.646,17.1,1,0,1,1.2,24,131,3.2,2.8,3.52,7.92
FIRM_087,Sugar&Confectionery_FIRM_087,Sugar & Confectionery,Lagos Island,2018,6,SME,14,3168697.4,Joint Venture,1,Joint Venture,China,27.09,6,4.2,3.75,3.37,4.29,0.554,22.8,1,0.1199,3,3.3,2.02,28.18,7.64,4487441.23,9.6,0.276,4.47,8.07,320531.52,5.63,2.36,4.87,5.14,2.06,1.9,3.28,46.83,0,1,18.2,0.241,44.5,0,1,0,1.2,24,131,3.2,2.8,3.28,11.05
FIRM_088,BakeryProducts_FIRM_088,Bakery Products,Badagry,2000,24,SME,57,3004416.79,Foreign-Owned,1,Joint Venture,China,41.58,12,2.88,3.16,3.8,4.57,0.651,122.7,1,0.0546,2,1.59,2.17,19.23,10.71,9593591.57,6.25,0.273,4.87,8.54,168308.62,5.18,4.64,1.2,4.63,3.62,3.36,3.56,50.85,0,0,9.0,0.626,41.8,1,1,0,1.2,24,131,3.2,2.8,3.56,13.52
FIRM_089,GrainMilling_FIRM_089,Grain Milling,Badagry,1994,30,SME,49,4023914.13,Foreign-Owned,0,None,None,0.0,0,3.26,3.27,2.95,3.58,0.734,132.1,1,0.0889,4,1.56,0.22,12.36,7.98,1131601.14,1.32,0.19,4.43,7.29,23093.9,5.01,4.68,1.99,6.17,2.68,4.3,3.42,48.79,0,0,21.6,0.102,5.6,0,1,0,1.2,24,131,3.2,2.8,0.0,10.08
FIRM_090,Oils&Fats_FIRM_090,Oils & Fats,Ikeja,1982,42,SME,186,3363077.62,Local,0,None,None,0.0,0,3.49,3.1,2.28,2.89,0.338,29.2,1,0.0177,3,3.46,0.5,3.52,6.96,6739027.26,-0.77,0.0,1.18,4.18,36231.33,5.31,5.9,3.09,3.64,2.58,5.21,4.41,62.97,0,1,10.8,0.551,52.8,0,0,0,1.2,24,131,3.2,2.8,0.0,10.04
FIRM_091,AnimalFeeds_FIRM_091,Animal Feeds,Ikeja,1990,34,SME,192,332044.7,Local,1,M&A,South Africa,71.63,2,4.48,4.24,3.41,4.38,0.527,169.6,0,0.1067,4,0.55,1.35,26.48,10.79,8114633.46,9.54,0.414,0.67,10.0,42263.72,4.51,2.8,5.74,6.21,3.54,6.07,4.08,58.23,0,0,14.4,0.398,58.3,0,1,1,1.2,24,131,3.2,2.8,4.08,13.9
FIRM_092,FishProcessing_FIRM_092,Fish Processing,Apapa,1996,28,SME,200,2875843.21,Foreign-Owned,1,Joint Venture,UK,82.61,3,3.84,4.12,3.4,4.13,0.829,118.5,1,0.0449,3,3.32,2.25,15.47,17.69,8526266.46,-1.14,0.118,1.75,8.57,42631.33,7.0,4.67,4.21,6.74,2.74,4.16,4.01,57.24,0,0,12.2,0.49,34.2,0,1,1,1.2,24,131,3.2,2.8,4.01,13.62
FIRM_093,BakeryProducts_FIRM_093,Bakery Products,Ikorodu,2016,8,SME,228,248292.64,Foreign-Owned,1,M&A,USA,30.24,8,4.25,4.4,4.66,4.26,0.509,143.8,0,0.0451,2,1.01,0.17,13.48,8.34,7639079.57,7.03,0.365,2.6,8.72,33504.73,4.2,3.88,2.43,6.54,3.22,2.14,2.89,41.25,1,0,9.8,0.592,37.3,0,1,0,1.2,24,131,3.2,2.8,2.89,13.46
FIRM_094,GrainMilling_FIRM_094,Grain Milling,Epe,2013,11,SME,241,1039214.29,Family Business,0,None,None,0.0,0,2.82,2.62,3.22,3.68,0.735,186.2,0,0.0382,5,2.98,1.36,13.81,7.06,4216482.14,12.48,0.162,0.25,7.11,17495.78,4.05,4.1,5.57,6.28,4.63,3.45,3.92,55.99,0,0,19.8,0.174,18.1,0,0,1,1.2,24,131,3.2,2.8,0.0,12.64
FIRM_095,OtherFoodProducts_FIRM_095,Other Food Products,Epe,1988,36,SME,41,2737956.08,Foreign-Owned,0,None,None,0.0,0,2.64,3.09,1.65,2.76,0.39,168.6,0,0.0223,2,3.29,0.25,5.51,9.58,10063761.77,26.1,0.063,1.31,1.71,245457.6,3.72,4.95,4.42,6.14,3.72,4.68,3.89,55.6,1,1,11.4,0.525,40.5,0,1,0,1.2,24,131,3.2,2.8,0.0,6.43
FIRM_096,MeatProcessing_FIRM_096,Meat Processing,Ikorodu,2020,4,SME,93,3799449.0,Public Listed,1,Joint Venture,South Africa,68.74,1,4.22,4.74,3.39,3.99,0.754,166.3,1,0.0583,4,1.36,1.28,19.28,15.68,6419616.33,4.03,0.006,0.91,8.46,69028.13,3.84,4.8,4.48,6.6,5.98,4.97,4.25,60.65,0,0,13.2,0.449,2.6,0,1,1,1.2,24,131,3.2,2.8,4.25,14.41
FIRM_097,GrainMilling_FIRM_097,Grain Milling,Ikeja,1987,37,SME,246,424522.46,Foreign-Owned,1,Joint Venture,USA,93.35,13,3.99,3.79,4.19,4.49,0.582,174.1,1,0.1048,5,2.2,0.81,16.17,14.61,5265210.64,0.92,0.188,1.21,10.0,21403.3,5.05,1.19,4.74,5.62,4.06,1.4,3.14,44.84,0,0,13.3,0.448,14.1,1,1,0,1.2,24,131,3.2,2.8,3.14,13.14
FIRM_098,FishProcessing_FIRM_098,Fish Processing,Ikorodu,2010,14,SME,15,2850156.45,Joint Venture,1,Greenfield,India,78.71,6,3.6,4.28,4.19,3.38,0.162,139.0,1,0.0505,2,0.6,1.24,11.81,7.1,9042053.8,15.55,0.203,4.86,10.0,602803.59,4.02,2.81,3.6,4.01,3.73,4.58,3.79,54.15,1,0,16.8,0.3,25.4,0,1,0,1.2,24,131,3.2,2.8,3.79,15.88
FIRM_099,BakeryProducts_FIRM_099,Bakery Products,Apapa,2023,1,SME,154,4501338.78,Foreign-Owned,1,M&A,South Africa,73.75,1,4.49,4.54,3.58,3.49,0.277,39.8,0,0.005,5,1.16,1.34,12.39,12.8,4460843.01,-6.5,0.384,0.35,7.09,28966.51,3.34,2.19,1.72,4.77,2.72,2.6,2.63,37.62,0,0,8.1,0.661,56.7,0,1,0,1.2,24,131,3.2,2.8,2.63,9.44
FIRM_100,Sugar&Confectionery_FIRM_100,Sugar & Confectionery,Badagry,2006,18,SME,15,1293287.87,Public Listed,1,Joint Venture,India,56.54,9,2.53,4.24,2.46,3.76,0.34,11.2,0,0.1159,4,1.2,0.61,14.37,12.52,6013677.93,-0.35,0.295,0.75,9.95,400911.86,6.13,3.46,1.0,3.46,2.25,3.25,3.44,49.12,1,0,14.7,0.387,30.8,0,1,1,1.2,24,131,3.2,2.8,3.44,8.48
FIRM_101,Sugar&Confectionery_FIRM_101,Sugar & Confectionery,Ikeja,2014,10,SME,121,2239148.77,Local,0,None,None,0.0,0,2.88,2.82,3.53,3.99,0.264,54.4,1,0.1002,5,1.41,0.73,7.43,5.58,548592.21,4.61,0.026,4.3,6.68,4533.82,5.56,4.95,1.63,6.25,1.0,6.91,3.63,51.91,0,0,16.2,0.325,13.3,1,1,1,1.2,24,131,3.2,2.8,0.0,12.84
FIRM_102,Seasoning&Condiments_FIRM_102,Seasoning & Condiments,Ikorodu,1988,36,SME,72,1160376.87,Family Business,0,None,None,0.0,0,3.78,2.21,2.37,3.41,0.186,103.6,0,0.0401,4,2.58,1.43,7.39,6.0,3237793.79,12.36,0.0,4.56,8.83,44969.36,2.84,1.37,3.08,4.99,3.91,5.45,3.28,46.81,0,0,11.9,0.502,58.6,0,1,0,1.2,24,131,3.2,2.8,0.0,7.78
FIRM_103,MeatProcessing_FIRM_103,Meat Processing,Ikorodu,2005,19,SME,82,1188469.08,Local,0,None,None,0.0,0,3.17,3.38,2.9,2.32,0.224,18.6,0,0.0642,2,0.6,2.48,10.78,6.58,5336715.89,6.6,0.236,2.58,5.17,65081.9,6.15,6.76,1.77,5.11,6.23,3.85,4.61,65.85,0,0,10.1,0.581,7.8,0,1,1,1.2,24,131,3.2,2.8,0.0,13.37
FIRM_104,Sugar&Confectionery_FIRM_104,Sugar & Confectionery,Lagos Island,1996,28,SME,218,4455071.21,Joint Venture,1,Greenfield,India,65.43,5,3.82,3.51,4.28,4.44,0.377,138.5,1,0.0724,2,2.23,1.13,18.37,16.16,3419253.21,1.53,0.135,3.49,9.17,15684.65,3.15,4.79,4.81,5.49,3.13,1.46,3.31,47.27,0,0,15.4,0.356,2.8,1,1,1,1.2,24,131,3.2,2.8,3.31,14.16
FIRM_105,OtherFoodProducts_FIRM_105,Other Food Products,Epe,1988,36,SME,69,3898404.56,Family Business,1,M&A,South Africa,35.15,9,3.91,4.37,3.71,5.0,0.199,27.1,0,0.0409,2,1.72,0.44,10.76,16.35,7546556.33,21.33,0.34,3.98,8.55,109370.38,5.71,3.64,3.58,5.88,2.02,5.46,3.75,53.62,1,0,13.2,0.451,40.6,0,1,1,1.2,24,131,3.2,2.8,3.75,13.92
FIRM_106,MeatProcessing_FIRM_106,Meat Processing,Ikeja,1980,44,SME,53,4625058.66,Local,0,None,None,0.0,0,4.04,3.09,2.19,3.53,0.233,10.0,0,0.0428,3,0.94,0.32,14.93,13.99,4175780.28,-9.6,0.084,3.36,5.68,78788.31,3.17,3.54,1.0,4.63,1.0,3.69,2.63,37.55,0,0,17.5,0.272,42.3,0,1,0,1.2,24,131,3.2,2.8,0.0,5.75
FIRM_107,OtherFoodProducts_FIRM_107,Other Food Products,Epe,2004,20,SME,117,3482439.53,Joint Venture,0,None,None,0.0,0,3.0,3.74,3.32,3.86,0.281,14.9,0,0.0532,5,2.89,0.66,13.55,3.31,5995803.48,15.46,0.0,1.46,5.07,51246.18,5.76,2.75,3.13,5.01,3.29,4.05,3.66,52.31,0,0,17.6,0.268,39.9,0,0,0,1.2,24,131,3.2,2.8,0.0,12.16
FIRM_108,MeatProcessing_FIRM_108,Meat Processing,Epe,2017,7,SME,61,3664597.5,Foreign-Owned,0,None,None,0.0,0,3.45,2.52,2.7,3.3,0.401,183.2,1,0.0379,1,3.43,2.1,20.78,11.55,7509313.94,-6.95,0.078,1.61,7.75,123103.51,3.35,5.26,1.0,6.23,3.32,5.61,3.38,48.34,1,0,9.0,0.626,31.0,1,1,0,1.2,24,131,3.2,2.8,0.0,9.12
FIRM_109,Beverages_FIRM_109,Beverages,Ikeja,1999,25,SME,182,619973.58,Joint Venture,1,Joint Venture,UK,42.92,5,5.0,3.51,3.82,4.21,0.818,38.8,1,0.0722,5,0.83,2.18,12.46,10.91,10140785.91,6.17,0.266,3.52,7.83,55718.6,3.86,3.34,2.43,5.43,1.08,5.06,3.06,43.67,1,0,22.1,0.081,34.4,0,1,0,1.2,24,131,3.2,2.8,3.06,11.68
FIRM_110,MeatProcessing_FIRM_110,Meat Processing,Apapa,1998,26,SME,48,4700864.52,Foreign-Owned,1,M&A,China,52.71,14,4.82,3.88,3.12,4.56,0.698,62.6,0,0.0149,2,3.46,0.88,18.4,18.75,11730786.41,8.2,0.013,2.4,8.89,244391.38,2.19,5.41,3.74,3.33,5.05,2.08,3.86,55.09,1,0,10.0,0.582,13.0,0,1,0,1.2,24,131,3.2,2.8,3.86,12.02
FIRM_111,Seasoning&Condiments_FIRM_111,Seasoning & Condiments,Lagos Island,2013,11,SME,117,289395.42,Joint Venture,0,None,None,0.0,0,1.93,3.73,2.98,3.83,0.728,130.0,0,0.0718,3,3.37,1.4,6.14,11.91,7493397.12,21.63,0.0,0.39,7.38,64046.13,4.92,1.64,3.4,4.39,3.81,2.54,3.32,47.41,0,0,14.2,0.409,5.0,0,1,0,1.2,24,131,3.2,2.8,0.0,9.88
FIRM_112,FishProcessing_FIRM_112,Fish Processing,Epe,2004,20,SME,145,1389568.97,Family Business,1,Greenfield,China,10.62,3,3.67,3.96,3.19,4.51,0.541,192.4,1,0.0118,2,1.06,1.4,16.81,10.7,13577152.39,10.21,0.27,4.23,7.49,93635.53,4.08,3.69,3.28,3.83,2.57,2.46,3.37,48.2,0,0,23.2,0.034,10.3,0,1,1,1.2,24,131,3.2,2.8,3.37,10.75
FIRM_113,OtherFoodProducts_FIRM_113,Other Food Products,Apapa,1996,28,SME,197,890869.34,Joint Venture,0,None,None,0.0,0,2.82,1.9,2.55,2.96,0.385,43.6,1,0.1148,5,1.21,0.33,14.0,6.68,7374006.67,8.3,0.0,4.62,10.0,37431.51,3.74,5.45,2.26,5.15,3.57,3.4,3.54,50.62,0,0,10.9,0.546,48.4,0,1,0,1.2,24,131,3.2,2.8,0.0,9.02
FIRM_114,GrainMilling_FIRM_114,Grain Milling,Badagry,1996,28,SME,196,1891995.07,Joint Venture,0,None,None,0.0,0,2.18,2.8,3.1,3.77,0.432,108.7,0,0.0162,3,1.69,0.42,1.21,14.91,5607038.2,-3.71,0.0,2.15,8.43,28607.34,2.67,4.17,7.0,3.47,1.68,4.41,4.08,58.23,0,1,13.7,0.43,47.3,0,1,0,1.2,24,131,3.2,2.8,0.0,12.62
FIRM_115,MeatProcessing_FIRM_115,Meat Processing,Lagos Island,2003,21,SME,118,2091395.15,Joint Venture,0,None,None,0.0,0,2.84,4.42,2.52,2.63,0.443,123.9,0,0.0346,2,1.75,2.28,9.89,7.98,3524352.12,2.62,0.0,0.25,6.55,29867.39,5.99,3.29,2.37,3.49,4.61,2.73,3.92,55.97,0,0,18.0,0.249,48.9,0,1,1,1.2,24,131,3.2,2.8,0.0,9.88
FIRM_116,Beverages_FIRM_116,Beverages,Ikorodu,1990,34,SME,51,944886.5,Joint Venture,1,M&A,France,77.21,2,3.79,4.16,2.42,2.97,0.581,25.5,1,0.0206,1,1.14,0.78,24.17,16.44,353080.62,16.26,0.191,3.28,9.34,6923.15,7.0,1.73,5.09,6.48,2.23,5.21,3.8,54.25,0,1,11.7,0.513,54.0,0,1,1,1.2,24,131,3.2,2.8,3.8,9.17
FIRM_117,GrainMilling_FIRM_117,Grain Milling,Badagry,2011,13,SME,150,1086806.06,Local,0,None,None,0.0,0,3.47,2.8,2.25,3.65,0.437,49.8,0,0.0775,5,1.41,1.98,15.63,13.28,10685956.05,14.16,0.0,3.39,6.1,71239.71,6.31,3.83,1.01,4.28,1.19,5.55,3.6,51.45,0,0,12.3,0.487,13.5,0,0,0,1.2,24,131,3.2,2.8,0.0,8.12
FIRM_118,MeatProcessing_FIRM_118,Meat Processing,Apapa,1989,35,SME,226,1652467.59,Family Business,0,None,None,0.0,0,3.46,2.45,1.99,2.99,0.226,57.2,0,0.0971,2,2.14,2.32,7.3,9.6,2927483.85,8.26,0.111,4.57,5.58,12953.47,2.72,4.81,2.0,3.83,3.48,3.84,3.5,50.04,1,0,11.8,0.51,56.7,0,1,0,1.2,24,131,3.2,2.8,0.0,6.97
FIRM_119,BakeryProducts_FIRM_119,Bakery Products,Ikorodu,2023,1,SME,80,701850.17,Family Business,0,None,None,0.0,0,3.14,2.87,3.83,3.8,0.365,173.3,0,0.0261,4,1.08,2.07,18.03,15.33,4762403.97,4.15,0.0,2.44,7.88,59530.05,1.08,4.43,3.53,4.58,2.47,4.38,3.22,45.98,0,0,9.1,0.619,22.3,0,1,0,1.2,24,131,3.2,2.8,0.0,12.33
FIRM_120,BakeryProducts_FIRM_120,Bakery Products,Ikeja,1983,41,SME,199,4713188.19,Joint Venture,1,M&A,France,93.1,13,3.19,4.11,3.73,3.04,0.391,108.9,1,0.1056,5,1.75,0.25,8.59,9.3,6290895.96,28.66,0.0,4.36,4.45,31612.54,5.81,3.31,1.94,5.58,3.76,4.65,3.65,52.12,0,0,21.5,0.103,17.1,1,1,0,1.2,24,131,3.2,2.8,3.65,13.6
FIRM_121,Beverages_FIRM_121,Beverages,Ikorodu,2022,2,SME,210,2122540.96,Foreign-Owned,1,Joint Venture,UK,87.78,2,3.37,4.16,3.93,4.0,0.451,32.6,1,0.0419,3,2.73,1.81,19.72,9.01,13133015.05,18.24,0.211,3.78,7.58,62538.17,2.35,3.67,1.97,6.14,4.95,4.24,3.17,45.31,0,0,8.5,0.646,33.0,1,1,0,1.2,24,131,3.2,2.8,3.17,12.45
FIRM_122,DairyProducts_FIRM_122,Dairy Products,Ikorodu,2002,22,SME,16,3785118.34,Foreign-Owned,0,None,None,0.0,0,3.1,3.08,3.44,2.75,0.524,173.2,0,0.1145,3,0.55,2.27,15.38,3.96,4925713.92,0.09,0.074,0.4,5.73,307857.12,4.7,3.73,4.12,6.05,5.09,4.16,3.96,56.55,0,0,23.9,0.004,20.2,0,1,0,1.2,24,131,3.2,2.8,0.0,13.62
FIRM_123,Beverages_FIRM_123,Beverages,Ikorodu,2005,19,SME,204,3192787.96,Public Listed,1,Joint Venture,South Africa,11.76,2,4.09,3.67,3.14,3.95,0.819,56.9,0,0.0203,5,1.95,0.61,14.47,12.55,11715343.02,9.38,0.258,2.57,8.64,57428.15,6.25,6.1,4.33,4.82,1.73,4.57,4.36,62.31,0,0,9.9,0.588,25.3,0,1,1,1.2,24,131,3.2,2.8,4.36,13.68
FIRM_124,Sugar&Confectionery_FIRM_124,Sugar & Confectionery,Epe,2017,7,SME,32,1406241.09,Joint Venture,1,Greenfield,USA,92.42,1,4.41,4.18,3.61,4.14,0.226,196.4,1,0.093,2,2.8,1.61,12.58,8.73,7442947.9,18.82,0.565,3.75,8.74,232592.12,6.66,4.75,3.48,5.91,4.2,5.11,4.38,62.61,0,0,14.8,0.383,58.1,0,1,0,1.2,24,131,3.2,2.8,4.38,15.8
FIRM_125,Sugar&Confectionery_FIRM_125,Sugar & Confectionery,Ikeja,2009,15,SME,217,3495595.31,Local,0,None,None,0.0,0,2.47,3.51,1.26,1.62,0.415,108.3,0,0.0239,4,0.58,1.76,8.44,7.21,6033513.35,5.52,0.0,0.49,3.83,27804.21,3.17,3.79,2.88,4.65,2.55,4.38,3.35,47.91,0,0,16.6,0.31,13.3,0,0,0,1.2,24,131,3.2,2.8,0.0,4.22
FIRM_126,Oils&Fats_FIRM_126,Oils & Fats,Badagry,1995,29,SME,82,4456671.28,Foreign-Owned,1,Joint Venture,Netherlands,90.93,4,4.79,4.74,4.93,3.81,0.499,51.2,0,0.0105,2,1.77,0.92,14.64,12.44,7281493.67,18.98,0.33,1.82,8.56,88798.7,5.1,4.62,2.0,2.81,2.99,5.2,4.18,59.75,0,0,18.0,0.251,45.0,0,1,0,1.2,24,131,3.2,2.8,4.18,20.63
FIRM_127,DairyProducts_FIRM_127,Dairy Products,Epe,2008,16,SME,58,149114.99,Family Business,1,Joint Venture,South Africa,59.59,7,4.6,3.2,4.11,3.46,0.532,48.8,1,0.0898,5,1.64,0.35,4.02,15.12,8823877.73,30.04,0.158,4.81,9.54,152135.82,5.09,5.4,5.06,1.8,4.05,2.34,4.69,66.99,0,0,19.8,0.175,51.7,0,1,0,1.2,24,131,3.2,2.8,4.69,19.27
FIRM_128,MeatProcessing_FIRM_128,Meat Processing,Ikeja,2005,19,SME,109,2120541.0,Family Business,1,Greenfield,China,65.12,6,3.09,3.24,3.69,2.96,0.284,115.5,1,0.0248,5,0.76,1.96,20.02,10.2,5912727.08,26.15,0.304,0.91,8.23,54245.2,2.68,4.53,4.15,2.85,4.03,5.06,4.27,60.95,0,0,19.5,0.187,55.9,0,1,1,1.2,24,131,3.2,2.8,4.27,15.75
FIRM_129,FishProcessing_FIRM_129,Fish Processing,Ikorodu,2021,3,SME,131,551830.22,Joint Venture,1,Joint Venture,France,55.26,3,4.42,4.41,3.83,4.43,0.237,33.1,0,0.0221,5,2.5,1.6,14.36,22.09,7528622.1,7.63,0.286,1.07,4.92,57470.4,4.86,3.62,1.96,4.19,6.01,4.53,4.13,59.05,0,0,22.8,0.052,31.1,0,1,1,1.2,24,131,3.2,2.8,4.13,15.83
FIRM_130,Beverages_FIRM_130,Beverages,Lagos Island,2014,10,SME,53,1614185.85,Local,0,None,None,0.0,0,1.98,3.21,2.61,2.94,0.21,194.8,0,0.0737,1,1.79,0.28,19.72,5.69,5394408.23,4.2,0.0,3.87,6.45,101781.29,5.73,3.5,2.42,3.2,3.42,3.34,3.87,55.25,0,0,13.3,0.445,20.3,1,1,1,1.2,24,131,3.2,2.8,0.0,10.1
FIRM_131,Oils&Fats_FIRM_131,Oils & Fats,Ikorodu,2022,2,SME,189,4966662.72,Public Listed,0,None,None,0.0,0,3.17,3.71,2.06,3.6,0.592,96.6,0,0.0909,1,0.79,1.11,5.83,9.9,847064.35,12.11,0.0,2.62,5.56,4481.82,3.66,4.14,3.8,6.46,3.63,5.28,3.68,52.5,0,1,19.9,0.169,48.5,0,1,1,1.2,24,131,3.2,2.8,0.0,7.55
FIRM_132,DairyProducts_FIRM_132,Dairy Products,Epe,2009,15,SME,61,3136351.29,Foreign-Owned,1,Joint Venture,France,87.25,8,3.61,3.09,3.15,3.27,0.411,49.7,0,0.1133,5,1.85,0.71,16.93,16.31,2942921.04,15.02,0.221,4.77,8.41,48244.61,2.23,2.54,3.21,4.43,5.72,2.53,3.3,47.13,0,0,23.6,0.015,12.8,0,1,0,1.2,24,131,3.2,2.8,3.3,10.41
FIRM_133,Sugar&Confectionery_FIRM_133,Sugar & Confectionery,Ikorodu,2020,4,SME,84,4693996.8,Family Business,0,None,None,0.0,0,3.34,2.57,2.2,2.03,0.32,48.7,0,0.1102,4,3.43,1.01,9.28,13.63,8886029.77,21.85,0.0,3.81,4.46,105786.07,2.21,6.08,2.64,4.81,1.04,3.45,3.1,44.34,0,1,17.3,0.278,53.3,0,1,0,1.2,24,131,3.2,2.8,0.0,6.82
FIRM_134,Beverages_FIRM_134,Beverages,Epe,2015,9,SME,159,433540.72,Foreign-Owned,0,None,None,0.0,0,2.38,3.26,2.75,3.17,0.506,152.6,0,0.0617,1,2.65,1.5,10.17,10.71,5183876.83,9.23,0.097,2.43,7.17,32603.0,3.53,4.14,3.11,6.45,3.61,3.1,3.17,45.34,0,0,11.3,0.531,49.9,0,1,0,1.2,24,131,3.2,2.8,0.0,8.74
FIRM_135,Beverages_FIRM_135,Beverages,Lagos Island,2007,17,SME,174,2038399.62,Family Business,1,Greenfield,UK,82.92,14,3.11,4.1,4.98,3.97,0.831,48.3,1,0.009,3,3.32,0.92,17.09,14.54,2899961.47,14.8,0.235,3.58,10.0,16666.45,3.54,2.62,2.32,4.53,3.97,6.82,3.79,54.13,0,1,20.5,0.144,2.6,0,0,0,1.2,24,131,3.2,2.8,3.79,18.87
FIRM_136,AnimalFeeds_FIRM_136,Animal Feeds,Ikorodu,1980,44,SME,186,4934103.68,Public Listed,1,Joint Venture,UK,85.43,1,3.37,3.87,4.75,4.48,0.334,99.7,1,0.1143,3,1.71,2.5,16.87,13.07,1375480.84,-10.7,0.156,0.86,9.05,7395.06,3.09,2.22,2.82,4.45,4.54,1.77,3.0,42.8,0,1,21.0,0.126,57.0,1,1,0,1.2,24,131,3.2,2.8,3.0,14.22
FIRM_137,MeatProcessing_FIRM_137,Meat Processing,Ikorodu,1997,27,SME,29,3951594.6,Foreign-Owned,1,M&A,South Africa,48.25,4,3.32,4.24,4.01,3.72,0.218,20.6,1,0.0069,4,2.31,0.65,24.64,13.52,7213791.53,-0.85,0.443,0.94,7.01,248751.43,2.67,5.81,2.68,6.84,3.4,1.79,2.92,41.66,0,0,11.6,0.517,31.3,0,1,0,1.2,24,131,3.2,2.8,2.92,11.7
FIRM_138,BakeryProducts_FIRM_138,Bakery Products,Epe,1992,32,SME,133,2588671.25,Family Business,0,None,None,0.0,0,3.54,3.73,2.94,3.98,0.41,27.6,0,0.0473,3,2.65,0.4,15.39,13.84,5940797.0,17.52,0.378,3.48,5.99,44667.65,3.49,2.73,2.74,4.58,4.04,3.28,3.28,46.9,1,0,19.4,0.193,2.4,0,1,0,1.2,24,131,3.2,2.8,0.0,9.65
FIRM_139,Oils&Fats_FIRM_139,Oils & Fats,Badagry,2007,17,SME,216,2903897.7,Family Business,1,Joint Venture,India,67.91,3,3.33,4.0,3.38,4.01,0.567,150.5,1,0.101,2,1.75,0.84,16.73,14.03,1854812.4,16.23,0.246,1.18,6.98,8587.09,3.74,4.16,2.47,6.19,2.46,2.63,2.88,41.12,0,0,14.7,0.388,27.8,0,1,0,1.2,24,131,3.2,2.8,2.88,9.73
FIRM_140,BakeryProducts_FIRM_140,Bakery Products,Badagry,1984,40,SME,65,2554332.71,Public Listed,1,M&A,India,73.46,13,3.82,4.6,2.97,3.66,0.641,11.9,1,0.0395,3,3.1,1.17,14.75,16.64,6542571.61,-2.61,0.625,2.04,10.0,100654.95,6.53,4.01,3.48,3.56,2.91,6.1,4.58,65.37,1,0,12.7,0.469,55.9,1,1,1,1.2,24,131,3.2,2.8,4.58,13.58
FIRM_141,Seasoning&Condiments_FIRM_141,Seasoning & Condiments,Ikorodu,2017,7,SME,217,2346727.82,Local,1,Joint Venture,UK,48.68,6,3.44,4.06,4.15,4.25,0.687,31.7,0,0.1001,5,2.79,0.74,13.52,15.89,12274736.91,10.04,0.0,1.4,8.42,56565.61,3.94,3.3,7.0,7.0,3.89,4.5,3.94,56.27,0,0,19.9,0.172,39.3,0,1,1,1.2,24,131,3.2,2.8,3.94,16.37
FIRM_142,Seasoning&Condiments_FIRM_142,Seasoning & Condiments,Ikorodu,1986,38,SME,16,721524.26,Public Listed,1,Joint Venture,India,79.8,5,3.66,4.16,4.27,4.09,0.343,131.4,1,0.1197,3,2.87,1.55,13.21,5.34,484261.01,14.81,0.092,0.55,9.28,30266.31,7.0,5.31,4.45,4.18,4.18,5.79,5.09,72.74,0,0,9.0,0.624,36.4,0,0,0,1.2,24,131,3.2,2.8,5.09,21.76
FIRM_143,BakeryProducts_FIRM_143,Bakery Products,Apapa,2014,10,SME,239,4646349.89,Foreign-Owned,1,Greenfield,France,43.83,5,3.59,2.79,4.66,3.25,0.614,145.9,1,0.0379,3,0.81,0.13,18.33,9.68,14153805.8,12.15,0.249,4.36,8.83,59220.94,6.45,2.29,3.52,4.88,4.19,6.32,4.31,61.64,0,0,18.1,0.246,3.4,0,1,0,1.2,24,131,3.2,2.8,4.31,20.1
FIRM_144,BakeryProducts_FIRM_144,Bakery Products,Ikeja,2009,15,SME,102,2755057.99,Joint Venture,0,None,None,0.0,0,2.64,3.61,3.45,2.86,0.431,190.1,0,0.015,4,0.83,0.59,13.45,8.96,3022709.95,19.06,0.124,4.21,8.08,29634.41,4.62,4.73,4.68,3.78,4.87,3.05,4.36,62.29,0,1,16.2,0.325,21.9,0,1,0,1.2,24,131,3.2,2.8,0.0,15.03
FIRM_145,MeatProcessing_FIRM_145,Meat Processing,Badagry,2006,18,SME,62,3918237.34,Joint Venture,0,None,None,0.0,0,2.72,3.58,1.82,3.63,0.821,16.4,0,0.02,3,1.15,1.59,12.25,6.96,309962.48,13.8,0.0,3.79,5.79,4999.39,3.83,1.17,4.6,5.07,5.16,2.0,3.28,46.88,0,0,23.2,0.035,13.9,0,1,0,1.2,24,131,3.2,2.8,0.0,5.99
FIRM_146,DairyProducts_FIRM_146,Dairy Products,Badagry,1996,28,SME,126,4731289.79,Family Business,1,Joint Venture,France,49.87,3,3.63,3.61,3.51,4.72,0.249,34.8,0,0.0237,5,2.13,0.31,13.84,9.57,1909595.7,6.3,0.176,1.89,6.97,15155.52,4.75,1.0,2.86,3.79,2.13,3.37,3.05,43.61,1,0,19.0,0.21,15.1,1,0,1,1.2,24,131,3.2,2.8,3.05,10.7
FIRM_147,Seasoning&Condiments_FIRM_147,Seasoning & Condiments,Apapa,1987,37,SME,50,3914461.56,Public Listed,0,None,None,0.0,0,2.63,1.73,2.18,3.1,0.464,188.7,0,0.0287,1,1.26,0.26,13.62,7.93,6922355.64,9.15,0.0,3.63,7.74,138447.11,3.81,2.39,3.74,4.45,4.35,2.72,3.43,48.94,0,0,8.3,0.655,54.8,0,1,0,1.2,24,131,3.2,2.8,0.0,7.47
FIRM_148,OtherFoodProducts_FIRM_148,Other Food Products,Badagry,2010,14,SME,239,430138.64,Family Business,0,None,None,0.0,0,4.03,3.09,2.71,3.37,0.842,75.4,1,0.0881,3,0.8,0.75,19.17,7.98,1175441.63,11.2,0.225,1.78,6.93,4918.17,2.66,3.38,2.69,4.89,4.44,4.16,3.41,48.68,0,0,15.1,0.369,43.1,0,1,0,1.2,24,131,3.2,2.8,0.0,9.22
FIRM_149,Beverages_FIRM_149,Beverages,Apapa,2018,6,SME,238,2525167.88,Joint Venture,0,None,None,0.0,0,3.58,3.38,2.01,2.04,0.774,164.6,0,0.0299,2,1.75,0.45,9.84,10.81,2402806.32,21.32,0.0,2.58,8.15,10095.82,3.53,3.88,2.74,6.48,1.0,3.98,2.78,39.65,0,0,19.7,0.179,15.5,0,1,1,1.2,24,131,3.2,2.8,0.0,5.57
FIRM_150,Seasoning&Condiments_FIRM_150,Seasoning & Condiments,Ikeja,2019,5,SME,142,2228892.63,Local,0,None,None,0.0,0,2.94,3.95,3.23,3.02,0.187,143.2,1,0.1094,5,3.49,1.25,9.14,19.88,9913525.9,6.63,0.0,4.02,9.02,69813.56,3.9,7.0,2.96,3.45,3.87,3.79,4.34,62.06,0,0,16.5,0.311,38.6,0,1,0,1.2,24,131,3.2,2.8,0.0,14.03
FIRM_151,GrainMilling_FIRM_151,Grain Milling,Badagry,2003,21,SME,187,4653181.19,Public Listed,1,M&A,UK,76.13,11,3.77,3.58,3.47,3.85,0.749,78.2,0,0.0858,2,3.4,0.52,9.87,15.45,10475872.28,2.69,0.354,3.11,9.92,56020.71,3.17,5.06,4.9,4.29,2.53,3.22,3.76,53.78,0,1,22.1,0.08,58.0,0,1,1,1.2,24,131,3.2,2.8,3.76,13.08
FIRM_152,BakeryProducts_FIRM_152,Bakery Products,Badagry,1984,40,SME,175,4297787.68,Local,1,Greenfield,South Africa,23.57,14,2.84,4.06,3.08,4.05,0.244,32.0,0,0.0167,4,1.95,2.25,19.1,9.21,11016981.65,11.22,0.339,4.27,7.94,62954.18,7.0,5.46,4.28,5.23,4.81,4.62,4.82,68.9,1,0,15.4,0.36,30.9,1,1,0,1.2,24,131,3.2,2.8,4.82,14.86
FIRM_153,Fruits&VegetablesProcessing_FIRM_153,Fruits & Vegetables Processing,Epe,1983,41,SME,169,1090450.25,Public Listed,1,Greenfield,France,65.1,3,3.58,4.12,3.17,4.02,0.6,154.9,1,0.0319,1,2.91,2.06,15.8,13.9,6573914.99,4.95,0.167,2.78,8.69,38898.91,4.33,5.35,2.82,4.82,2.97,3.36,3.67,52.38,0,0,20.6,0.141,15.6,0,1,0,1.2,24,131,3.2,2.8,3.67,11.64
FIRM_154,AnimalFeeds_FIRM_154,Animal Feeds,Badagry,2006,18,SME,33,4021133.44,Foreign-Owned,0,None,None,0.0,0,3.18,2.7,2.97,2.29,0.64,154.2,1,0.0607,1,1.08,1.24,10.65,3.63,5956413.77,18.82,0.0,2.96,5.67,180497.39,3.46,5.31,3.32,4.31,4.38,4.17,4.05,57.92,0,0,22.5,0.061,37.1,0,1,0,1.2,24,131,3.2,2.8,0.0,12.06
FIRM_155,AnimalFeeds_FIRM_155,Animal Feeds,Badagry,1997,27,SME,97,4748941.8,Public Listed,0,None,None,0.0,0,2.88,2.57,3.27,2.39,0.764,65.2,1,0.0358,5,3.4,1.01,8.05,6.24,5335307.32,9.72,0.0,3.58,7.72,55003.17,3.76,2.85,4.93,3.43,3.89,3.57,3.93,56.14,0,0,19.6,0.185,20.5,0,1,1,1.2,24,131,3.2,2.8,0.0,12.83
FIRM_156,FishProcessing_FIRM_156,Fish Processing,Apapa,2000,24,SME,241,1210131.95,Family Business,0,None,None,0.0,0,3.25,3.17,2.97,3.05,0.339,143.5,0,0.1187,4,2.69,1.37,15.68,8.08,4282472.45,17.93,0.025,4.2,6.9,17769.6,3.45,4.28,5.82,6.21,3.87,3.73,3.82,54.62,0,0,17.9,0.253,39.0,0,1,0,1.2,24,131,3.2,2.8,0.0,11.35
FIRM_157,Fruits&VegetablesProcessing_FIRM_157,Fruits & Vegetables Processing,Ikorodu,2022,2,SME,124,2358554.24,Family Business,1,Joint Venture,France,84.45,2,3.59,4.01,3.65,3.68,0.846,43.2,0,0.0208,4,2.54,0.59,15.94,21.08,13568267.16,1.49,0.038,2.88,7.98,109421.51,5.52,1.33,2.72,3.84,2.98,4.22,3.49,49.83,0,0,16.1,0.328,30.9,1,1,1,1.2,24,131,3.2,2.8,3.49,12.72
FIRM_158,Seasoning&Condiments_FIRM_158,Seasoning & Condiments,Epe,2000,24,SME,169,3950773.99,Foreign-Owned,1,Greenfield,France,22.38,5,4.39,3.89,3.68,3.33,0.794,27.8,0,0.0733,5,3.26,1.66,17.94,9.19,5930394.65,11.97,0.067,0.35,6.64,35091.09,2.0,2.23,4.21,5.82,2.99,2.78,2.73,39.02,0,0,20.8,0.134,43.0,0,1,1,1.2,24,131,3.2,2.8,2.73,10.05
FIRM_159,Fruits&VegetablesProcessing_FIRM_159,Fruits & Vegetables Processing,Ikorodu,1986,38,SME,215,923376.86,Joint Venture,0,None,None,0.0,0,2.69,3.86,3.38,3.09,0.538,43.2,0,0.1012,4,2.45,2.18,12.8,5.85,8516046.0,15.38,0.138,0.92,8.85,39609.52,5.35,3.7,1.91,4.5,2.19,3.94,3.43,49.02,0,0,18.6,0.224,50.5,0,1,0,1.2,24,131,3.2,2.8,0.0,11.59
FIRM_160,Fruits&VegetablesProcessing_FIRM_160,Fruits & Vegetables Processing,Lagos Island,2006,18,SME,12,993351.43,Local,0,None,None,0.0,0,2.85,3.39,2.8,2.83,0.597,76.5,0,0.0079,1,3.01,2.41,9.04,11.52,6854350.76,11.51,0.245,4.26,8.68,571195.9,3.25,3.82,1.69,2.58,2.39,4.09,3.44,49.2,0,0,23.4,0.024,43.6,0,1,1,1.2,24,131,3.2,2.8,0.0,9.64
FIRM_161,Sugar&Confectionery_FIRM_161,Sugar & Confectionery,Ikorodu,2000,24,SME,199,462125.41,Foreign-Owned,1,M&A,UK,11.51,8,3.83,3.81,3.86,3.18,0.503,12.6,1,0.0721,1,3.17,1.26,10.95,16.58,4912989.01,13.76,0.291,1.64,5.99,24688.39,3.47,2.5,5.27,4.94,2.5,6.31,3.85,55.02,0,0,21.9,0.086,15.8,0,1,1,1.2,24,131,3.2,2.8,3.85,14.88
FIRM_162,GrainMilling_FIRM_162,Grain Milling,Apapa,1985,39,SME,62,1253466.43,Joint Venture,1,Joint Venture,USA,45.23,6,3.41,3.0,3.47,4.34,0.606,166.7,1,0.0088,5,3.44,1.53,9.74,10.27,8327629.67,16.01,0.253,4.61,8.31,134316.61,5.07,3.71,2.49,5.33,1.43,3.75,3.19,45.51,0,0,17.3,0.279,22.7,0,1,0,1.2,24,131,3.2,2.8,3.19,11.05
FIRM_163,Beverages_FIRM_163,Beverages,Lagos Island,2001,23,SME,149,3096484.53,Joint Venture,0,None,None,0.0,0,3.14,3.65,2.47,3.02,0.323,97.3,0,0.0669,5,1.3,2.1,20.82,5.0,7827043.78,18.94,0.0,2.27,6.89,52530.5,4.46,4.94,3.04,7.0,1.0,4.45,3.15,44.98,0,0,16.4,0.318,3.4,0,1,0,1.2,24,131,3.2,2.8,0.0,7.78
FIRM_164,Beverages_FIRM_164,Beverages,Ikorodu,2012,12,SME,168,1793543.33,Family Business,1,Greenfield,USA,20.68,7,4.61,2.95,2.83,3.99,0.504,197.8,1,0.007,1,0.97,2.37,16.55,8.84,8301199.03,12.39,0.383,3.64,10.0,49411.9,6.47,6.68,1.0,5.37,3.61,3.49,3.98,56.85,0,0,15.7,0.344,5.7,0,1,0,1.2,24,131,3.2,2.8,3.98,11.24
FIRM_165,FishProcessing_FIRM_165,Fish Processing,Badagry,2001,23,SME,122,212640.65,Family Business,0,None,None,0.0,0,3.27,2.6,2.45,2.94,0.393,60.4,0,0.1139,2,1.96,1.79,9.5,12.66,2918580.8,26.16,0.01,4.0,4.18,23922.79,5.04,4.72,5.25,7.0,3.84,4.96,4.13,59.05,0,0,23.5,0.02,8.5,0,1,0,1.2,24,131,3.2,2.8,0.0,10.13
FIRM_166,MeatProcessing_FIRM_166,Meat Processing,Badagry,2014,10,SME,186,1420925.36,Joint Venture,0,None,None,0.0,0,3.84,2.91,1.83,3.58,0.438,37.6,0,0.1156,1,3.45,2.12,10.89,9.23,3212272.32,-0.65,0.01,2.84,5.09,17270.28,5.95,4.8,3.48,3.36,4.47,5.66,4.83,69.05,0,0,18.8,0.216,54.6,0,1,1,1.2,24,131,3.2,2.8,0.0,8.86
FIRM_167,AnimalFeeds_FIRM_167,Animal Feeds,Epe,2022,2,SME,145,4215996.53,Local,1,M&A,France,19.82,2,4.28,3.31,3.63,4.49,0.575,45.8,0,0.1161,4,2.06,2.45,21.52,17.42,3644721.52,-2.91,0.379,1.65,9.54,25136.01,4.01,4.42,1.0,5.38,4.74,2.22,3.17,45.24,0,0,21.1,0.121,8.8,0,1,0,1.2,24,131,3.2,2.8,3.17,11.49
FIRM_168,MeatProcessing_FIRM_168,Meat Processing,Ikorodu,2010,14,SME,176,79030.4,Foreign-Owned,1,M&A,Netherlands,64.13,14,4.79,4.13,3.86,3.43,0.548,177.5,0,0.0887,4,2.01,1.15,8.77,17.24,4199292.58,8.03,0.112,1.32,6.48,23859.62,5.38,5.94,1.0,4.65,3.89,4.24,3.97,56.69,0,0,23.1,0.037,14.3,0,1,1,1.2,24,131,3.2,2.8,3.97,15.31
FIRM_169,Beverages_FIRM_169,Beverages,Epe,2000,24,SME,133,2707452.78,Family Business,0,None,None,0.0,0,2.64,3.27,3.05,4.21,0.614,122.1,0,0.0241,5,2.46,1.97,11.02,9.15,4205483.3,16.48,0.0,4.11,9.36,31620.18,4.31,6.93,1.87,4.41,1.54,2.68,3.49,49.81,0,0,9.4,0.606,30.9,0,1,1,1.2,24,131,3.2,2.8,0.0,10.63
FIRM_170,FishProcessing_FIRM_170,Fish Processing,Apapa,2017,7,SME,66,4301953.71,Public Listed,1,Joint Venture,India,47.23,7,4.23,3.63,3.23,2.98,0.374,35.6,1,0.0687,1,2.93,1.03,12.34,8.9,1138477.5,7.69,0.397,4.67,9.69,17249.66,5.34,1.94,3.6,6.57,4.17,6.89,3.9,55.65,0,1,12.2,0.493,52.8,0,1,0,1.2,24,131,3.2,2.8,3.9,12.57
FIRM_171,Sugar&Confectionery_FIRM_171,Sugar & Confectionery,Badagry,1985,39,SME,90,129817.0,Family Business,1,M&A,UK,67.95,3,4.21,3.36,3.89,4.71,0.669,135.8,1,0.0971,2,1.41,0.16,22.1,11.75,11945448.18,12.13,0.115,1.21,7.23,132727.2,1.43,1.77,2.73,5.67,2.46,3.76,2.41,34.47,0,0,22.2,0.074,45.3,1,1,0,1.2,24,131,3.2,2.8,2.41,9.4
FIRM_172,MeatProcessing_FIRM_172,Meat Processing,Ikorodu,1991,33,SME,81,494019.55,Family Business,0,None,None,0.0,0,2.03,3.12,2.79,2.98,0.259,136.2,0,0.0213,5,1.21,2.35,10.53,13.06,5186616.59,11.44,0.082,4.97,5.59,64032.3,4.82,1.35,2.39,4.79,3.83,5.43,3.51,50.08,0,0,12.5,0.48,11.3,0,1,0,1.2,24,131,3.2,2.8,0.0,9.8
FIRM_173,Beverages_FIRM_173,Beverages,Badagry,1988,36,SME,102,2820988.82,Joint Venture,1,Joint Venture,India,84.91,10,3.86,2.98,4.57,4.15,0.26,12.9,1,0.0706,2,1.78,1.43,8.18,15.01,5830397.93,5.45,0.279,2.11,9.79,57160.76,3.73,4.25,2.2,4.05,2.38,6.23,3.79,54.15,0,0,20.6,0.141,49.5,0,1,0,1.2,24,131,3.2,2.8,3.79,17.34
FIRM_174,FishProcessing_FIRM_174,Fish Processing,Badagry,1994,30,SME,187,3881275.68,Local,1,Greenfield,South Africa,66.65,9,4.5,3.56,3.71,4.34,0.568,163.8,0,0.1119,2,3.4,0.62,16.46,10.43,3245167.01,10.87,0.331,3.41,9.29,17353.83,4.23,2.56,2.6,3.86,2.1,4.45,3.35,47.81,0,0,10.7,0.555,9.0,1,0,1,1.2,24,131,3.2,2.8,3.35,12.41
FIRM_175,Seasoning&Condiments_FIRM_175,Seasoning & Condiments,Ikeja,2018,6,SME,51,1583834.96,Local,1,Joint Venture,South Africa,29.27,6,3.86,3.97,2.71,4.38,0.787,130.4,1,0.1091,3,2.94,0.66,19.34,8.91,4689804.64,25.0,0.125,1.39,7.55,91956.95,3.55,2.05,1.41,4.88,1.13,3.93,2.53,36.16,0,1,8.2,0.66,6.4,0,0,1,1.2,24,131,3.2,2.8,2.53,6.86
FIRM_176,GrainMilling_FIRM_176,Grain Milling,Apapa,2007,17,SME,23,1074015.78,Family Business,1,Joint Venture,Netherlands,53.35,13,3.0,2.33,4.72,4.2,0.488,31.2,1,0.0962,2,1.77,0.65,19.72,7.49,946845.83,15.1,0.369,1.23,9.0,41167.21,1.0,3.06,2.15,3.96,2.96,2.65,2.65,37.79,0,0,14.6,0.392,56.2,1,1,0,1.2,24,131,3.2,2.8,2.65,12.49
FIRM_177,Beverages_FIRM_177,Beverages,Apapa,2015,9,SME,77,2769671.63,Foreign-Owned,1,Greenfield,China,33.95,9,3.42,3.76,2.97,3.78,0.813,100.3,1,0.092,2,2.77,0.83,20.76,21.8,247050.85,15.63,0.221,4.42,7.61,3208.45,3.21,4.25,2.9,5.02,2.33,4.36,3.34,47.7,0,0,14.0,0.417,31.5,0,0,0,1.2,24,131,3.2,2.8,3.34,9.93
FIRM_178,Fruits&VegetablesProcessing_FIRM_178,Fruits & Vegetables Processing,Ikorodu,2001,23,SME,91,1525844.26,Foreign-Owned,0,None,None,0.0,0,3.49,3.9,1.95,2.15,0.571,21.5,0,0.0656,3,1.0,1.01,10.51,4.96,7140387.22,20.19,0.0,2.59,4.96,78465.79,3.79,1.0,2.44,6.51,3.95,4.49,2.86,40.83,0,0,10.6,0.56,54.0,0,1,0,1.2,24,131,3.2,2.8,0.0,5.59
FIRM_179,Beverages_FIRM_179,Beverages,Badagry,1997,27,SME,240,3126461.19,Foreign-Owned,0,None,None,0.0,0,2.04,2.54,2.15,3.93,0.392,168.8,1,0.0811,5,1.25,2.03,7.55,6.62,5646848.92,20.25,0.0,0.48,7.34,23528.54,3.23,5.64,3.52,4.91,6.75,2.73,4.16,59.43,0,0,17.4,0.276,36.0,0,1,1,1.2,24,131,3.2,2.8,0.0,8.96
FIRM_180,DairyProducts_FIRM_180,Dairy Products,Ikeja,2004,20,SME,245,810736.47,Family Business,1,M&A,France,60.22,11,3.59,3.41,3.98,3.8,0.661,13.9,1,0.0584,5,2.08,2.33,19.41,5.21,1904959.77,10.09,0.0,4.03,8.88,7775.35,6.82,4.12,2.53,5.5,2.94,4.11,3.84,54.82,0,0,10.9,0.545,23.2,0,1,1,1.2,24,131,3.2,2.8,3.84,15.29
FIRM_181,OtherFoodProducts_FIRM_181,Other Food Products,Ikeja,2020,4,SME,115,4037761.03,Public Listed,0,None,None,0.0,0,3.5,4.22,2.21,3.73,0.686,92.2,0,0.0778,5,2.46,1.58,9.58,8.46,1173767.85,19.17,0.084,0.72,7.49,10206.68,1.93,4.37,2.78,5.24,4.1,3.77,3.29,46.97,1,0,22.1,0.079,26.1,0,0,0,1.2,24,131,3.2,2.8,0.0,7.27
FIRM_182,Oils&Fats_FIRM_182,Oils & Fats,Lagos Island,1987,37,SME,216,834339.58,Joint Venture,0,None,None,0.0,0,2.94,3.53,4.04,3.62,0.437,101.6,1,0.0334,2,3.34,0.78,13.17,17.74,2030973.4,13.54,0.0,2.48,7.8,9402.65,6.13,5.36,3.73,4.54,3.77,3.87,4.39,62.66,0,0,11.5,0.521,27.7,0,1,1,1.2,24,131,3.2,2.8,0.0,17.7
FIRM_183,Seasoning&Condiments_FIRM_183,Seasoning & Condiments,Ikeja,1990,34,SME,232,1438612.72,Local,1,Greenfield,France,79.93,11,4.49,3.45,4.4,3.36,0.199,174.3,1,0.0526,3,2.37,0.42,11.2,15.56,12526347.64,5.53,0.173,4.06,9.5,53992.88,3.84,3.95,3.67,2.4,2.24,3.52,3.8,54.34,0,0,15.5,0.352,12.2,1,1,0,1.2,24,131,3.2,2.8,3.8,16.74
FIRM_184,MeatProcessing_FIRM_184,Meat Processing,Apapa,2023,1,SME,36,2457704.93,Public Listed,1,Greenfield,UK,79.08,1,3.32,3.47,3.18,2.88,0.664,130.8,0,0.0099,1,3.3,0.54,14.1,9.63,5427780.3,10.33,0.026,3.99,6.04,150771.68,4.29,1.35,3.7,3.84,5.72,4.63,3.98,56.79,0,0,23.1,0.036,16.2,1,1,0,1.2,24,131,3.2,2.8,3.98,12.66
FIRM_185,Fruits&VegetablesProcessing_FIRM_185,Fruits & Vegetables Processing,Epe,1982,42,SME,33,4299427.75,Local,1,Greenfield,UK,90.53,2,3.34,3.95,3.15,4.48,0.771,79.9,1,0.0835,2,2.76,2.42,24.44,15.99,12154571.09,8.13,0.245,2.72,7.31,368320.34,2.97,5.52,2.87,5.33,4.32,2.25,3.44,49.08,0,0,22.8,0.05,47.6,0,1,0,1.2,24,131,3.2,2.8,3.44,10.84
FIRM_186,OtherFoodProducts_FIRM_186,Other Food Products,Ikorodu,2002,22,SME,223,4039161.29,Foreign-Owned,1,Greenfield,Netherlands,14.13,4,3.43,2.8,3.54,3.98,0.599,14.5,1,0.105,5,0.78,1.92,15.7,17.54,939674.83,16.16,0.542,0.79,6.31,4213.79,7.0,4.19,3.37,5.03,4.14,4.91,4.43,63.27,1,0,15.9,0.338,11.3,0,1,0,1.2,24,131,3.2,2.8,4.43,15.67
FIRM_187,AnimalFeeds_FIRM_187,Animal Feeds,Apapa,2015,9,SME,166,4832817.34,Local,1,Greenfield,South Africa,46.58,4,4.69,3.35,3.61,3.77,0.65,101.2,1,0.0182,2,2.08,0.83,13.06,11.65,14241988.01,-0.47,0.266,2.27,7.72,85795.11,7.0,3.25,3.48,4.41,2.7,3.06,3.85,54.94,0,0,21.8,0.092,56.6,0,1,1,1.2,24,131,3.2,2.8,3.85,13.9
FIRM_188,AnimalFeeds_FIRM_188,Animal Feeds,Ikorodu,1999,25,SME,144,4613838.01,Local,1,M&A,USA,90.24,4,4.16,3.66,4.42,3.28,0.236,127.7,0,0.0933,3,1.49,0.2,14.28,24.25,2478593.85,9.76,0.211,3.83,8.37,17212.46,3.67,6.35,4.97,5.26,1.0,3.57,3.71,53.05,0,0,11.0,0.541,54.3,0,1,1,1.2,24,131,3.2,2.8,3.71,16.43
FIRM_189,Beverages_FIRM_189,Beverages,Lagos Island,2007,17,SME,179,1526771.83,Family Business,1,Joint Venture,India,54.82,4,4.29,3.34,3.71,5.0,0.695,169.9,1,0.0743,1,3.18,0.16,23.26,9.44,1373542.2,18.6,0.303,2.84,6.63,7673.42,4.97,2.23,4.8,3.87,3.98,4.57,4.11,58.78,0,0,15.9,0.336,21.3,1,1,0,1.2,24,131,3.2,2.8,4.11,15.28
FIRM_190,AnimalFeeds_FIRM_190,Animal Feeds,Ikeja,2003,21,SME,54,1308029.04,Joint Venture,1,Greenfield,USA,68.47,11,1.82,3.44,3.3,4.05,0.287,141.1,1,0.0499,3,2.16,1.37,12.9,13.15,3117717.43,9.41,0.347,1.0,9.83,57735.51,4.29,5.51,2.8,6.9,4.24,4.55,3.75,53.56,0,0,21.3,0.111,13.3,0,1,0,1.2,24,131,3.2,2.8,3.75,12.39
FIRM_191,Sugar&Confectionery_FIRM_191,Sugar & Confectionery,Ikeja,2021,3,SME,20,4363101.28,Public Listed,1,Joint Venture,France,29.14,3,3.53,3.96,3.79,4.44,0.758,168.5,0,0.0838,1,2.95,0.19,16.82,17.27,6048609.77,11.1,0.564,0.16,8.4,302430.49,5.58,2.55,2.62,4.89,1.0,6.01,3.48,49.67,0,0,17.6,0.267,48.8,1,1,0,1.2,24,131,3.2,2.8,3.48,13.18
FIRM_192,MeatProcessing_FIRM_192,Meat Processing,Epe,1992,32,SME,39,1394952.22,Foreign-Owned,1,Joint Venture,France,16.17,5,3.26,3.99,1.9,3.51,0.627,58.2,0,0.0674,4,1.17,1.29,18.38,3.12,7529901.58,20.14,0.227,3.77,6.78,193074.4,5.38,5.58,4.23,6.16,4.45,3.43,4.15,59.29,0,0,14.1,0.411,50.5,1,1,0,1.2,24,131,3.2,2.8,4.15,7.89
FIRM_193,Beverages_FIRM_193,Beverages,Ikeja,2004,20,SME,94,3955750.99,Foreign-Owned,0,None,None,0.0,0,2.68,3.62,3.03,3.27,0.443,152.2,0,0.0551,1,1.26,2.09,13.32,9.7,4673897.65,-0.7,0.0,3.19,9.69,49722.32,3.92,7.0,4.54,5.82,4.53,3.08,4.21,60.11,0,0,22.3,0.071,55.4,1,1,1,1.2,24,131,3.2,2.8,0.0,12.74
FIRM_194,FishProcessing_FIRM_194,Fish Processing,Ikeja,2010,14,SME,28,4759412.04,Foreign-Owned,0,None,None,0.0,0,3.2,2.84,1.64,4.38,0.664,80.5,0,0.0811,3,2.1,1.72,11.29,15.83,6054690.75,7.02,0.0,0.46,7.39,216238.96,4.9,4.23,1.7,5.72,4.62,4.21,3.66,52.23,0,0,11.0,0.541,38.2,0,1,0,1.2,24,131,3.2,2.8,0.0,5.99
FIRM_195,Fruits&VegetablesProcessing_FIRM_195,Fruits & Vegetables Processing,Badagry,1992,32,SME,72,4446635.51,Local,1,M&A,France,30.85,4,3.52,3.97,4.1,3.29,0.215,148.6,1,0.0817,4,0.94,1.07,16.07,7.89,725362.1,19.12,0.401,4.21,7.96,10074.47,4.38,2.14,2.3,5.95,5.17,3.95,3.33,47.6,0,0,8.3,0.653,53.6,0,1,0,1.2,24,131,3.2,2.8,3.33,13.66
FIRM_196,Oils&Fats_FIRM_196,Oils & Fats,Lagos Island,2011,13,SME,21,3595810.45,Family Business,0,None,None,0.0,0,2.37,3.3,2.66,3.45,0.359,70.2,0,0.0038,5,2.58,2.19,14.23,13.75,6245847.95,32.18,0.0,4.43,9.16,297421.33,6.2,4.47,6.68,5.82,2.32,3.95,4.3,61.43,0,0,13.0,0.459,19.8,0,1,0,1.2,24,131,3.2,2.8,0.0,11.45
FIRM_197,GrainMilling_FIRM_197,Grain Milling,Apapa,1981,43,SME,156,4418227.46,Family Business,0,None,None,0.0,0,2.5,4.07,2.05,3.78,0.344,199.4,0,0.0774,4,2.89,0.92,11.56,8.0,306412.56,14.64,0.009,2.24,5.48,1964.18,2.08,2.69,3.85,4.5,3.7,2.54,3.06,43.74,1,0,22.9,0.048,5.2,0,1,0,1.2,24,131,3.2,2.8,0.0,6.28
FIRM_198,OtherFoodProducts_FIRM_198,Other Food Products,Lagos Island,2020,4,SME,197,2660909.5,Public Listed,0,None,None,0.0,0,2.79,2.42,2.0,3.11,0.512,148.1,0,0.0195,4,0.99,1.87,16.74,7.48,6565610.07,18.3,0.0,0.94,5.13,33327.97,2.96,4.43,2.06,5.56,1.5,3.46,2.81,40.12,0,0,22.1,0.079,53.7,0,1,1,1.2,24,131,3.2,2.8,0.0,5.63
FIRM_199,Sugar&Confectionery_FIRM_199,Sugar & Confectionery,Epe,2017,7,SME,128,4684389.92,Public Listed,0,None,None,0.0,0,2.51,2.47,3.01,2.67,0.503,144.7,1,0.0389,2,1.19,1.9,18.56,11.89,4922639.38,-1.11,0.078,1.51,7.45,38458.12,5.36,2.72,1.0,5.1,5.04,2.84,3.31,47.29,0,0,17.7,0.264,56.2,0,1,0,1.2,24,131,3.2,2.8,0.0,9.97
FIRM_200,Beverages_FIRM_200,Beverages,Ikorodu,1991,33,SME,66,1206223.15,Public Listed,1,M&A,Netherlands,20.46,9,4.76,3.29,4.5,3.93,0.741,55.5,1,0.0738,2,1.79,0.65,8.43,6.25,14077577.37,19.47,0.266,4.54,5.57,213296.63,2.49,1.32,2.65,7.0,4.42,1.69,2.26,32.34,1,0,14.6,0.391,14.0,0,1,0,1.2,24,131,3.2,2.8,2.26,10.19
FIRM_201,BakeryProducts_FIRM_201,Bakery Products,Ikorodu,2007,17,Large,990,91055768.25,Local,1,M&A,France,44.95,3,3.36,3.85,4.62,3.81,0.58,168.1,1,0.0142,4,0.86,1.65,23.75,13.7,148391159.61,18.57,0.281,6.41,6.75,149890.06,4.64,1.53,2.15,5.15,3.16,1.97,2.72,38.8,0,0,23.8,0.01,19.3,0,1,0,1.2,24,131,3.2,2.8,2.72,12.55
FIRM_202,Fruits&VegetablesProcessing_FIRM_202,Fruits & Vegetables Processing,Badagry,2022,2,Large,1569,89747063.35,Joint Venture,0,None,None,0.0,0,2.21,3.18,2.59,2.68,0.441,151.9,1,0.0615,3,0.81,2.07,8.83,9.91,71577090.52,0.18,0.0,6.3,6.42,45619.56,3.85,5.72,5.0,5.06,3.39,6.26,4.53,64.65,0,0,17.2,0.282,14.8,1,1,1,1.2,24,131,3.2,2.8,0.0,11.73
FIRM_203,AnimalFeeds_FIRM_203,Animal Feeds,Lagos Island,2008,16,Large,492,34408133.64,Public Listed,0,None,None,0.0,0,2.89,1.96,2.64,3.58,0.526,19.4,1,0.0294,5,1.84,1.23,12.18,13.5,99084263.34,12.23,0.0,9.69,4.97,201390.78,3.13,2.53,4.96,3.92,3.32,6.35,4.06,58.03,0,0,22.5,0.064,58.2,0,1,0,1.2,24,131,3.2,2.8,0.0,10.74
FIRM_204,Beverages_FIRM_204,Beverages,Ikeja,1998,26,Large,925,21282839.67,Foreign-Owned,0,None,None,0.0,0,3.5,4.22,3.05,2.83,0.177,177.0,0,0.0155,4,3.19,0.41,16.62,14.21,54816872.29,-4.48,0.073,1.72,4.72,59261.48,4.8,5.51,2.7,7.0,3.27,1.66,3.16,45.11,0,0,12.8,0.468,40.3,1,1,0,1.2,24,131,3.2,2.8,0.0,9.63
FIRM_205,Fruits&VegetablesProcessing_FIRM_205,Fruits & Vegetables Processing,Apapa,1983,41,Large,1028,34909909.76,Foreign-Owned,0,None,None,0.0,0,2.17,3.57,3.52,2.37,0.665,67.7,0,0.1189,1,1.71,0.25,14.23,13.06,147839170.01,-2.77,0.001,8.07,8.38,143812.42,3.16,2.92,4.46,4.05,4.37,3.06,3.65,52.19,0,0,19.9,0.17,14.4,1,1,0,1.2,24,131,3.2,2.8,0.0,12.87
FIRM_206,Fruits&VegetablesProcessing_FIRM_206,Fruits & Vegetables Processing,Ikorodu,1995,29,Large,715,40929644.47,Joint Venture,0,None,None,0.0,0,2.28,3.41,3.17,3.49,0.523,20.0,0,0.1131,2,2.62,1.18,13.38,13.7,17861080.46,15.18,0.0,13.12,8.21,24980.53,2.05,2.35,3.03,3.2,6.22,4.99,3.91,55.79,0,0,10.7,0.553,58.0,1,1,0,1.2,24,131,3.2,2.8,0.0,12.37
FIRM_207,Sugar&Confectionery_FIRM_207,Sugar & Confectionery,Lagos Island,2001,23,Large,394,24885572.52,Public Listed,1,M&A,China,45.26,10,3.68,3.64,4.01,2.86,0.661,111.2,0,0.1142,3,0.93,0.61,21.33,12.49,180797651.42,12.11,0.224,9.0,9.75,458877.29,4.76,3.44,1.19,6.61,3.94,2.48,2.87,40.97,0,0,20.3,0.153,31.0,1,0,0,1.2,24,131,3.2,2.8,2.87,11.49
FIRM_208,Sugar&Confectionery_FIRM_208,Sugar & Confectionery,Ikeja,2022,2,Large,527,36446544.65,Public Listed,0,None,None,0.0,0,3.26,2.87,2.43,1.9,0.59,32.4,0,0.034,5,1.29,2.11,16.65,11.77,118161492.48,8.68,0.0,8.64,8.53,224215.36,3.68,2.71,5.5,6.22,4.77,3.7,3.69,52.73,0,0,8.6,0.643,34.0,0,1,0,1.2,24,131,3.2,2.8,0.0,8.98
FIRM_209,DairyProducts_FIRM_209,Dairy Products,Lagos Island,1999,25,Large,1460,35488866.64,Joint Venture,1,Joint Venture,UK,67.14,4,3.47,4.15,3.13,4.8,0.432,158.8,0,0.0152,1,1.94,1.0,17.38,14.66,187816200.63,11.41,0.048,12.33,7.71,128641.23,6.04,5.14,1.11,3.93,2.48,3.47,3.72,53.12,0,0,13.8,0.423,52.7,1,1,1,1.2,24,131,3.2,2.8,3.72,11.64
FIRM_210,Beverages_FIRM_210,Beverages,Epe,2016,8,Large,1002,38320043.35,Family Business,0,None,None,0.0,0,2.64,3.51,1.62,3.39,0.414,136.2,0,0.0152,1,1.42,0.48,14.64,13.79,13668745.8,-9.38,0.0,8.59,6.53,13641.46,1.82,4.66,4.76,4.01,3.18,4.35,3.79,54.21,1,0,13.6,0.433,34.0,1,1,0,1.2,24,131,3.2,2.8,0.0,6.16
FIRM_211,Fruits&VegetablesProcessing_FIRM_211,Fruits & Vegetables Processing,Badagry,2000,24,Large,639,5427925.69,Family Business,1,Greenfield,India,77.74,13,3.71,3.41,3.96,3.77,0.221,19.3,1,0.0394,2,1.74,0.9,13.78,17.48,159031193.5,12.05,0.41,4.15,7.53,248875.11,4.47,4.6,2.16,6.67,1.45,2.75,2.79,39.9,1,1,17.4,0.274,32.2,0,1,0,1.2,24,131,3.2,2.8,2.79,11.05
FIRM_212,Sugar&Confectionery_FIRM_212,Sugar & Confectionery,Badagry,1990,34,Large,898,62835806.22,Joint Venture,1,Greenfield,USA,92.96,3,4.58,4.35,2.48,3.78,0.163,24.2,1,0.1163,2,2.85,0.32,24.29,19.18,207170309.23,16.53,0.262,14.36,6.12,230701.9,4.18,3.24,1.0,5.2,3.8,2.8,2.97,42.42,0,0,20.1,0.161,48.0,0,0,0,1.2,24,131,3.2,2.8,2.97,7.37
FIRM_213,Sugar&Confectionery_FIRM_213,Sugar & Confectionery,Ikorodu,2001,23,Large,395,94849541.39,Public Listed,1,Joint Venture,UK,16.69,10,3.79,4.48,3.98,3.45,0.294,93.8,1,0.099,4,2.18,2.27,14.16,14.06,152985978.48,20.12,0.016,2.96,6.82,387306.27,2.1,2.13,3.6,5.72,3.41,3.95,2.91,41.6,0,0,13.6,0.435,53.7,0,1,0,1.2,24,131,3.2,2.8,2.91,11.59
FIRM_214,FishProcessing_FIRM_214,Fish Processing,Badagry,2008,16,Large,1297,17597379.12,Foreign-Owned,1,M&A,South Africa,53.96,2,4.56,4.02,3.76,3.81,0.194,100.5,0,0.0729,2,2.24,1.03,24.69,12.72,154045325.25,12.05,0.159,6.64,5.93,118770.49,5.39,4.39,3.11,3.06,2.45,4.23,4.08,58.34,0,0,23.3,0.027,43.5,0,1,0,1.2,24,131,3.2,2.8,4.08,15.34
FIRM_215,Oils&Fats_FIRM_215,Oils & Fats,Lagos Island,2019,5,Large,1268,31168501.46,Foreign-Owned,1,Joint Venture,South Africa,89.18,5,3.55,4.4,3.89,4.05,0.447,22.6,1,0.0628,4,3.44,0.94,14.41,14.72,26455245.37,13.79,0.306,11.53,10.0,20863.76,2.72,2.65,2.08,4.25,3.04,3.67,2.98,42.64,0,1,21.8,0.092,57.8,1,1,1,1.2,24,131,3.2,2.8,2.98,11.6
FIRM_216,Sugar&Confectionery_FIRM_216,Sugar & Confectionery,Apapa,2009,15,Large,1748,68579423.8,Foreign-Owned,1,M&A,China,27.58,9,3.6,3.07,3.91,2.97,0.839,68.8,1,0.0334,1,2.58,1.16,22.96,10.42,260692741.9,7.02,0.48,5.28,9.5,149137.72,5.32,1.0,2.12,3.99,1.87,3.74,3.01,43.01,0,0,9.4,0.61,39.7,0,0,1,1.2,24,131,3.2,2.8,3.01,11.77
FIRM_217,DairyProducts_FIRM_217,Dairy Products,Ikorodu,2000,24,Large,326,15488902.28,Joint Venture,0,None,None,0.0,0,3.56,3.59,2.82,2.46,0.312,44.4,0,0.0162,5,3.32,0.55,9.01,12.46,70158204.27,15.83,0.0,4.57,5.26,215209.22,4.43,2.58,2.32,6.67,4.72,2.66,3.01,42.93,0,0,22.8,0.051,28.5,0,1,0,1.2,24,131,3.2,2.8,0.0,8.48
FIRM_218,FishProcessing_FIRM_218,Fish Processing,Apapa,2017,7,Large,1742,67829237.4,Joint Venture,1,Greenfield,India,11.91,7,4.5,2.72,4.16,4.11,0.216,84.1,1,0.0692,2,1.47,0.43,20.01,14.75,233065195.17,16.52,0.4,8.99,9.58,133791.73,2.82,6.13,5.32,5.18,1.7,2.13,3.49,49.8,1,0,9.5,0.606,39.6,1,1,0,1.2,24,131,3.2,2.8,3.49,14.48
FIRM_219,BakeryProducts_FIRM_219,Bakery Products,Ikorodu,2020,4,Large,1800,38879070.89,Family Business,0,None,None,0.0,0,2.77,3.39,3.0,3.44,0.767,102.2,0,0.1103,5,1.44,0.58,16.39,15.21,48419482.96,3.33,0.0,14.99,5.59,26899.71,2.65,2.01,4.68,4.47,2.93,3.2,3.17,45.25,1,0,10.2,0.575,47.0,0,1,0,1.2,24,131,3.2,2.8,0.0,9.51
FIRM_220,OtherFoodProducts_FIRM_220,Other Food Products,Epe,2020,4,Large,1685,5906200.63,Public Listed,0,None,None,0.0,0,2.81,2.58,1.61,3.0,0.677,166.4,0,0.0585,3,1.25,1.64,15.14,11.07,187618510.72,6.88,0.199,14.9,6.09,111346.3,4.21,1.93,1.0,5.96,2.95,4.85,2.83,40.44,0,0,11.5,0.519,4.0,1,1,0,1.2,24,131,3.2,2.8,0.0,4.56
FIRM_221,AnimalFeeds_FIRM_221,Animal Feeds,Ikeja,1997,27,Large,956,94968826.42,Foreign-Owned,0,None,None,0.0,0,3.7,3.39,1.65,2.67,0.336,111.9,0,0.0528,1,2.66,0.61,12.95,6.05,51772602.32,-1.98,0.0,7.01,7.91,54155.44,4.43,1.05,1.0,5.1,2.79,6.39,3.09,44.21,0,0,12.0,0.499,49.0,0,1,0,1.2,24,131,3.2,2.8,0.0,5.11
FIRM_222,BakeryProducts_FIRM_222,Bakery Products,Apapa,2008,16,Large,571,8254806.67,Foreign-Owned,1,Greenfield,China,60.48,1,4.9,3.32,3.78,4.13,0.386,121.2,1,0.0104,5,2.32,1.36,13.84,10.7,102239366.27,21.32,0.0,9.6,9.01,179053.18,4.69,4.13,3.8,6.1,4.26,2.54,3.55,50.76,0,0,21.3,0.111,45.1,0,1,1,1.2,24,131,3.2,2.8,3.55,13.42
FIRM_223,OtherFoodProducts_FIRM_223,Other Food Products,Apapa,1988,36,Large,1438,90563277.99,Public Listed,1,M&A,USA,74.06,12,4.39,3.75,3.23,4.83,0.3,77.6,1,0.0211,2,1.26,1.19,20.57,14.93,112038225.19,6.75,0.504,6.57,10.0,77912.53,4.07,5.22,7.0,3.61,4.08,3.15,4.65,66.47,0,0,11.7,0.513,21.0,1,1,1,1.2,24,131,3.2,2.8,4.65,15.04
FIRM_224,Sugar&Confectionery_FIRM_224,Sugar & Confectionery,Ikeja,1993,31,Large,1806,81571112.5,Local,0,None,None,0.0,0,2.68,3.41,2.47,2.78,0.429,42.3,0,0.0316,4,2.11,1.79,16.92,8.72,64128504.37,5.56,0.002,11.69,8.04,35508.58,3.01,3.11,1.0,2.49,3.39,3.92,3.32,47.48,0,0,16.1,0.327,38.4,1,1,1,1.2,24,131,3.2,2.8,0.0,8.22
FIRM_225,OtherFoodProducts_FIRM_225,Other Food Products,Lagos Island,2023,1,Large,1741,53143153.87,Joint Venture,1,Joint Venture,China,74.97,1,3.72,3.05,3.5,4.59,0.688,17.7,1,0.0244,3,0.61,1.59,17.9,14.73,213371782.6,0.53,0.187,3.93,5.49,122557.03,5.42,3.46,1.61,5.92,1.0,4.34,2.98,42.64,1,0,8.1,0.661,47.2,0,1,1,1.2,24,131,3.2,2.8,2.98,10.44
FIRM_226,Fruits&VegetablesProcessing_FIRM_226,Fruits & Vegetables Processing,Ikeja,1983,41,Large,1889,92418713.68,Local,0,None,None,0.0,0,3.69,2.99,3.21,3.14,0.61,93.4,1,0.1104,5,0.59,1.76,17.01,8.25,55315902.07,19.51,0.042,1.44,9.63,29283.17,5.95,3.83,3.68,6.3,5.53,1.66,3.73,53.22,0,0,22.7,0.055,9.8,0,1,0,1.2,24,131,3.2,2.8,0.0,11.97
FIRM_227,AnimalFeeds_FIRM_227,Animal Feeds,Badagry,1982,42,Large,820,19613462.83,Foreign-Owned,0,None,None,0.0,0,3.25,2.99,2.87,3.51,0.399,11.4,1,0.0515,4,0.8,0.75,14.59,12.18,39003071.87,8.71,0.168,1.59,3.93,47564.72,4.89,3.87,3.32,5.81,5.34,5.75,4.23,60.38,0,0,23.8,0.009,44.5,0,0,1,1.2,24,131,3.2,2.8,0.0,12.12
FIRM_228,Oils&Fats_FIRM_228,Oils & Fats,Ikeja,2007,17,Large,353,83915512.49,Joint Venture,1,M&A,Netherlands,80.48,1,4.6,3.64,3.92,3.97,0.607,105.4,0,0.0007,1,0.87,2.45,20.8,10.07,58712292.5,21.87,0.17,10.18,10.0,166323.77,2.16,2.49,1.0,4.16,4.5,3.5,2.92,41.64,0,0,11.9,0.503,35.5,1,1,1,1.2,24,131,3.2,2.8,2.92,11.43
FIRM_229,Fruits&VegetablesProcessing_FIRM_229,Fruits & Vegetables Processing,Ikeja,2020,4,Large,1536,78480031.69,Local,1,M&A,France,57.77,2,4.48,3.58,4.06,3.21,0.608,191.3,0,0.0964,1,2.71,1.47,12.09,17.95,34473751.63,18.93,0.491,5.27,5.02,22443.85,5.94,5.45,2.04,6.65,5.32,3.69,3.96,56.64,0,0,23.1,0.038,49.4,0,1,1,1.2,24,131,3.2,2.8,3.96,16.09
FIRM_230,DairyProducts_FIRM_230,Dairy Products,Lagos Island,1996,28,Large,1782,58079297.13,Public Listed,1,M&A,Netherlands,53.77,5,3.82,3.63,4.57,3.54,0.179,57.7,0,0.1023,1,2.1,1.07,19.83,23.08,240045927.32,22.39,0.17,1.81,8.83,134705.91,2.13,4.86,4.74,5.87,3.61,2.8,3.38,48.26,1,0,16.1,0.328,48.9,1,1,1,1.2,24,131,3.2,2.8,3.38,15.43
FIRM_231,Seasoning&Condiments_FIRM_231,Seasoning & Condiments,Apapa,2005,19,Large,1197,72469935.59,Local,0,None,None,0.0,0,4.05,3.02,2.21,3.41,0.252,70.1,0,0.0308,4,2.49,1.28,1.73,14.45,198161536.17,2.16,0.019,2.12,7.02,165548.48,2.42,3.98,3.59,5.9,1.31,5.05,3.07,43.92,0,0,12.4,0.483,56.0,1,0,1,1.2,24,131,3.2,2.8,0.0,6.8
FIRM_232,GrainMilling_FIRM_232,Grain Milling,Ikorodu,2002,22,Large,662,45172498.86,Public Listed,0,None,None,0.0,0,3.54,3.46,3.35,2.63,0.803,144.0,0,0.0954,3,2.76,0.89,16.76,11.53,214832538.21,26.21,0.0,3.78,5.06,324520.45,4.17,2.71,3.39,7.0,2.99,4.82,3.18,45.43,1,0,14.1,0.415,35.4,0,1,0,1.2,24,131,3.2,2.8,0.0,10.66
FIRM_233,DairyProducts_FIRM_233,Dairy Products,Badagry,2023,1,Large,763,93400280.43,Public Listed,1,Greenfield,UK,51.91,1,3.83,4.24,2.25,5.0,0.378,100.4,0,0.1183,4,1.25,1.05,24.36,14.15,251100272.94,14.8,0.297,8.98,8.8,329096.03,4.42,4.12,1.0,6.43,5.02,4.64,3.46,49.45,0,0,20.7,0.138,22.9,0,1,0,1.2,24,131,3.2,2.8,3.46,7.8
FIRM_234,AnimalFeeds_FIRM_234,Animal Feeds,Epe,1986,38,Large,619,21175568.03,Joint Venture,1,Joint Venture,South Africa,40.19,9,2.89,3.6,4.08,4.57,0.599,69.0,0,0.0253,1,2.48,1.06,22.89,16.8,217137964.23,14.48,0.359,5.84,8.02,350788.31,2.99,2.4,4.23,4.57,2.39,3.23,3.11,44.46,0,0,17.0,0.291,2.3,1,1,1,1.2,24,131,3.2,2.8,3.11,12.7
FIRM_235,Beverages_FIRM_235,Beverages,Badagry,2015,9,Large,458,68834669.16,Family Business,0,None,None,0.0,0,3.43,4.11,2.74,3.39,0.57,100.5,0,0.0091,2,2.6,2.32,9.49,9.77,123283239.63,-2.69,0.238,5.11,9.24,269177.38,3.8,4.59,5.02,2.29,4.43,5.03,4.76,68.03,0,0,16.3,0.319,28.0,1,1,1,1.2,24,131,3.2,2.8,0.0,13.06
FIRM_236,Sugar&Confectionery_FIRM_236,Sugar & Confectionery,Badagry,2021,3,Large,333,93153749.12,Public Listed,0,None,None,0.0,0,2.67,3.16,2.78,2.99,0.633,73.6,0,0.0838,4,1.98,2.3,11.42,0.51,51401309.42,6.73,0.0,4.96,6.85,154358.29,3.13,2.32,2.13,6.45,2.64,3.38,2.52,36.07,0,0,15.3,0.364,31.4,0,1,0,1.2,24,131,3.2,2.8,0.0,7.03
FIRM_237,Sugar&Confectionery_FIRM_237,Sugar & Confectionery,Epe,2019,5,Large,1401,79700571.58,Public Listed,0,None,None,0.0,0,2.36,2.85,3.59,3.46,0.307,24.6,0,0.1172,1,0.57,0.29,19.32,11.84,156196505.55,-0.93,0.155,12.39,8.86,111489.3,3.58,7.0,4.29,7.0,5.31,4.29,4.25,60.66,0,0,12.2,0.49,30.7,0,1,0,1.2,24,131,3.2,2.8,0.0,15.24
FIRM_238,MeatProcessing_FIRM_238,Meat Processing,Lagos Island,2022,2,Large,345,77732457.73,Public Listed,0,None,None,0.0,0,3.18,2.97,2.09,2.51,0.646,79.9,0,0.012,1,3.34,0.95,9.15,14.47,107133505.75,9.24,0.0,14.84,5.25,310531.9,2.69,1.68,3.3,6.18,3.05,2.85,2.56,36.63,0,0,17.4,0.273,42.3,1,1,0,1.2,24,131,3.2,2.8,0.0,5.35
FIRM_239,BakeryProducts_FIRM_239,Bakery Products,Ikorodu,1998,26,Large,1410,77365557.11,Joint Venture,1,Greenfield,France,61.36,1,3.22,3.08,4.64,2.67,0.31,166.2,1,0.0846,1,3.01,0.49,21.47,18.15,141372833.66,11.99,0.206,3.31,9.72,100264.42,1.81,5.74,3.41,5.56,5.28,3.24,3.66,52.22,1,0,9.2,0.616,16.3,0,1,0,1.2,24,131,3.2,2.8,3.66,16.95
FIRM_240,Seasoning&Condiments_FIRM_240,Seasoning & Condiments,Apapa,1997,27,Large,1080,6127777.93,Local,0,None,None,0.0,0,3.34,3.6,3.85,3.33,0.387,23.4,0,0.0864,1,2.68,1.01,21.57,8.9,16093715.22,-3.95,0.0,10.46,7.52,14901.59,3.08,3.08,1.06,4.51,1.67,4.19,2.76,39.47,0,0,18.7,0.219,45.7,1,1,1,1.2,24,131,3.2,2.8,0.0,10.63
FIRM_241,FishProcessing_FIRM_241,Fish Processing,Apapa,1994,30,Large,1276,78162472.73,Local,1,Greenfield,UK,53.98,5,4.11,3.26,4.38,5.0,0.192,61.9,0,0.0425,1,1.37,0.81,25.31,11.68,73448739.82,4.3,0.157,7.4,6.21,57561.71,5.74,3.04,1.0,3.89,3.97,4.41,3.71,53.02,0,0,21.9,0.086,40.5,1,1,1,1.2,24,131,3.2,2.8,3.71,16.27
FIRM_242,MeatProcessing_FIRM_242,Meat Processing,Badagry,1998,26,Large,1210,47427180.61,Family Business,0,None,None,0.0,0,2.82,3.21,3.43,2.68,0.633,178.0,1,0.1102,5,3.44,2.21,5.5,10.22,34270752.31,13.85,0.003,4.72,8.57,28322.94,4.53,4.93,2.8,4.17,2.72,4.0,3.8,54.31,0,0,18.4,0.235,28.9,0,1,0,1.2,24,131,3.2,2.8,0.0,13.02
FIRM_243,OtherFoodProducts_FIRM_243,Other Food Products,Badagry,2006,18,Large,654,63483135.43,Public Listed,0,None,None,0.0,0,3.02,3.39,2.34,3.08,0.821,37.0,0,0.0987,5,1.07,1.23,17.54,19.62,92078540.35,5.82,0.198,14.12,4.36,140792.88,4.49,5.17,3.05,4.88,4.27,3.68,3.96,56.6,0,0,20.4,0.15,4.0,0,1,0,1.2,24,131,3.2,2.8,0.0,9.27
FIRM_244,BakeryProducts_FIRM_244,Bakery Products,Lagos Island,2006,18,Large,624,79721647.31,Foreign-Owned,1,M&A,USA,43.49,7,4.49,3.88,3.34,4.73,0.729,30.3,1,0.0837,5,3.15,2.11,27.07,9.72,188439183.04,10.37,0.324,10.79,8.35,301985.87,4.15,5.52,4.34,4.64,2.97,3.42,3.96,56.57,0,0,19.4,0.191,11.1,1,1,0,1.2,24,131,3.2,2.8,3.96,13.22
FIRM_245,Fruits&VegetablesProcessing_FIRM_245,Fruits & Vegetables Processing,Lagos Island,1983,41,Large,1737,57023138.49,Local,1,M&A,India,23.04,10,3.49,4.14,2.49,3.23,0.704,106.9,1,0.0887,1,2.62,0.47,19.48,18.37,206968182.51,6.69,0.242,5.7,5.57,119152.67,3.61,3.66,4.91,3.72,1.0,2.75,3.37,48.12,0,0,14.8,0.385,18.2,0,0,0,1.2,24,131,3.2,2.8,3.37,8.37
FIRM_246,Seasoning&Condiments_FIRM_246,Seasoning & Condiments,Lagos Island,2010,14,Large,1689,36377946.67,Public Listed,1,Greenfield,China,29.85,4,4.41,3.36,3.45,3.52,0.615,64.4,1,0.1124,5,2.31,2.03,21.3,12.8,182152295.56,12.09,0.334,1.86,6.21,107846.24,5.75,3.38,4.84,7.0,3.46,4.74,3.86,55.16,0,0,14.0,0.418,54.3,0,0,1,1.2,24,131,3.2,2.8,3.86,13.3
FIRM_247,DairyProducts_FIRM_247,Dairy Products,Apapa,2021,3,Large,1346,29225346.99,Public Listed,1,Greenfield,Netherlands,35.96,3,3.73,3.59,2.4,4.72,0.554,107.9,0,0.0779,5,1.77,0.44,32.69,16.72,133687220.39,11.48,0.428,1.58,6.66,99321.86,4.91,1.66,2.38,5.47,2.51,5.32,3.22,45.95,0,0,16.4,0.318,8.6,1,1,1,1.2,24,131,3.2,2.8,3.22,7.73
FIRM_248,Seasoning&Condiments_FIRM_248,Seasoning & Condiments,Ikorodu,2013,11,Large,877,72985377.3,Joint Venture,0,None,None,0.0,0,2.55,3.47,2.8,2.31,0.303,133.1,0,0.0176,2,2.0,0.62,15.16,8.44,144796070.95,7.05,0.0,11.67,8.96,165103.84,3.37,4.39,2.36,4.47,3.24,5.98,3.81,54.44,0,0,17.7,0.264,41.8,1,1,0,1.2,24,131,3.2,2.8,0.0,10.68
FIRM_249,GrainMilling_FIRM_249,Grain Milling,Ikeja,2012,12,Large,1857,45392991.44,Local,0,None,None,0.0,0,2.32,3.64,3.51,3.39,0.365,16.8,0,0.0414,4,1.52,1.97,17.51,12.51,61181105.71,17.15,0.131,0.53,6.93,32946.21,5.85,2.65,5.18,4.12,4.67,5.58,4.63,66.21,0,0,18.9,0.212,32.9,0,1,1,1.2,24,131,3.2,2.8,0.0,16.27
FIRM_250,GrainMilling_FIRM_250,Grain Milling,Epe,2007,17,Large,1781,63463071.7,Foreign-Owned,0,None,None,0.0,0,2.94,3.16,2.42,3.75,0.173,10.2,1,0.0916,2,0.61,1.27,22.14,14.53,188862639.54,5.47,0.11,5.25,5.8,106043.03,1.73,3.34,1.0,4.33,4.25,2.19,2.7,38.54,1,0,18.6,0.226,3.9,1,1,0,1.2,24,131,3.2,2.8,0.0,6.53
FIRM_251,AnimalFeeds_FIRM_251,Animal Feeds,Badagry,2021,3,Large,1344,61622865.29,Foreign-Owned,1,Joint Venture,France,33.35,3,4.28,4.47,3.68,3.05,0.704,100.4,1,0.0925,2,1.73,2.25,18.32,16.99,198365654.43,20.21,0.301,14.88,8.55,147593.49,2.88,3.48,1.79,4.64,4.82,4.13,3.41,48.71,0,0,8.9,0.63,35.3,0,1,1,1.2,24,131,3.2,2.8,3.41,12.55
FIRM_252,OtherFoodProducts_FIRM_252,Other Food Products,Lagos Island,2018,6,Large,705,36917179.2,Foreign-Owned,1,Greenfield,Netherlands,41.15,6,5.0,4.32,4.63,3.77,0.352,156.0,1,0.0855,2,1.28,1.29,19.53,20.99,201054481.22,22.14,0.188,8.83,8.53,285183.66,3.08,5.79,1.96,4.41,1.61,4.32,3.39,48.44,0,0,20.8,0.132,45.4,0,0,0,1.2,24,131,3.2,2.8,3.39,15.7
FIRM_253,FishProcessing_FIRM_253,Fish Processing,Badagry,1988,36,Large,1813,86909915.87,Public Listed,1,M&A,China,50.25,12,4.29,3.96,4.46,3.7,0.15,42.0,1,0.0394,1,0.88,1.91,13.46,14.52,79039100.97,15.0,0.228,13.66,8.7,43595.75,1.77,3.83,2.59,3.57,4.35,6.21,3.87,55.22,0,0,13.0,0.459,34.9,0,0,0,1.2,24,131,3.2,2.8,3.87,17.24
FIRM_254,Fruits&VegetablesProcessing_FIRM_254,Fruits & Vegetables Processing,Epe,1994,30,Large,1744,15317703.22,Local,0,None,None,0.0,0,3.59,2.68,3.23,2.36,0.79,99.4,0,0.1114,3,1.66,0.7,15.31,10.66,162889174.8,15.99,0.0,11.47,5.02,93399.76,6.18,6.46,7.0,4.02,7.0,3.57,5.7,81.44,0,0,20.0,0.167,9.9,1,0,0,1.2,24,131,3.2,2.8,0.0,18.39
FIRM_255,OtherFoodProducts_FIRM_255,Other Food Products,Epe,2017,7,Large,1504,76258779.22,Foreign-Owned,1,Greenfield,Netherlands,51.25,5,4.75,3.17,3.85,3.3,0.616,93.4,0,0.073,3,1.47,0.8,10.13,13.05,133348722.25,1.18,0.222,12.94,8.36,88662.71,3.57,1.72,1.51,5.57,1.97,5.34,2.76,39.38,1,0,20.2,0.158,46.1,0,1,0,1.2,24,131,3.2,2.8,2.76,10.61
FIRM_256,DairyProducts_FIRM_256,Dairy Products,Lagos Island,1993,31,Large,1204,8055700.68,Joint Venture,1,M&A,USA,10.59,6,3.76,4.14,3.65,4.77,0.805,122.4,1,0.0041,1,1.34,1.49,23.84,13.45,149917191.76,13.73,0.123,14.65,9.46,124515.94,5.58,2.76,3.29,6.43,4.68,2.22,3.35,47.86,0,0,13.9,0.421,3.5,0,0,0,1.2,24,131,3.2,2.8,3.35,12.23
FIRM_257,MeatProcessing_FIRM_257,Meat Processing,Epe,1987,37,Large,428,90857889.83,Foreign-Owned,1,Joint Venture,South Africa,21.64,10,4.7,3.76,2.32,4.07,0.331,17.2,1,0.0276,5,2.46,1.73,18.97,21.1,227502995.37,4.54,0.038,14.75,9.21,531549.05,3.35,2.87,3.07,5.17,3.92,6.37,3.73,53.35,0,1,17.8,0.258,43.5,1,1,1,1.2,24,131,3.2,2.8,3.73,8.66
FIRM_258,GrainMilling_FIRM_258,Grain Milling,Epe,1992,32,Large,1569,34686390.98,Family Business,1,Greenfield,France,82.0,14,4.23,3.86,4.03,3.36,0.338,111.1,0,0.0587,1,1.13,1.26,14.02,17.03,180419516.15,-0.91,0.0,9.68,10.0,114990.13,2.42,4.77,4.97,6.07,4.9,5.65,4.11,58.68,1,0,10.3,0.57,50.6,1,1,0,1.2,24,131,3.2,2.8,4.11,16.53
FIRM_259,Sugar&Confectionery_FIRM_259,Sugar & Confectionery,Epe,1983,41,Large,971,27071876.86,Joint Venture,1,Joint Venture,Netherlands,20.48,12,4.32,4.86,3.36,3.93,0.479,185.7,1,0.075,4,3.16,2.15,19.26,19.94,58437493.01,-1.53,0.127,7.6,2.93,60182.79,4.55,2.44,1.0,4.94,2.09,4.56,2.95,42.13,0,0,8.5,0.644,41.1,1,1,0,1.2,24,131,3.2,2.8,2.95,9.91
FIRM_260,Fruits&VegetablesProcessing_FIRM_260,Fruits & Vegetables Processing,Badagry,2015,9,Large,274,54294505.51,Local,1,M&A,India,30.61,3,4.06,4.86,2.93,4.45,0.479,83.7,1,0.0768,4,0.94,0.33,25.45,14.97,61129999.47,13.61,0.214,0.81,10.0,223102.19,4.1,2.61,1.44,6.02,4.42,5.89,3.4,48.62,0,0,14.8,0.382,57.8,0,1,0,1.2,24,131,3.2,2.8,3.4,9.96
FIRM_261,Oils&Fats_FIRM_261,Oils & Fats,Ikorodu,2001,23,Large,502,64788719.55,Family Business,0,None,None,0.0,0,3.4,3.35,2.82,4.15,0.266,144.0,0,0.034,5,3.4,0.72,16.19,10.76,151866839.81,-6.57,0.0,4.3,7.46,302523.59,4.4,3.68,4.9,5.53,5.23,3.16,3.98,56.8,0,0,16.7,0.303,14.4,0,1,1,1.2,24,131,3.2,2.8,0.0,11.19
FIRM_262,Oils&Fats_FIRM_262,Oils & Fats,Apapa,2014,10,Large,1432,17327412.18,Local,0,None,None,0.0,0,3.68,2.67,3.39,2.94,0.805,12.2,0,0.0602,3,1.14,0.75,14.33,13.39,161500445.51,6.38,0.0,13.93,8.59,112779.64,5.92,4.54,3.16,7.0,3.62,3.38,3.6,51.49,1,0,20.8,0.133,35.9,0,1,0,1.2,24,131,3.2,2.8,0.0,12.23
FIRM_263,Oils&Fats_FIRM_263,Oils & Fats,Lagos Island,1999,25,Large,1682,15354999.04,Family Business,0,None,None,0.0,0,2.73,3.29,3.36,3.2,0.554,77.3,0,0.0939,1,1.58,0.21,15.38,13.21,215388594.09,12.43,0.182,13.67,5.34,128055.05,3.96,3.94,2.88,2.93,6.92,4.87,4.61,65.84,0,0,12.1,0.498,57.4,1,1,1,1.2,24,131,3.2,2.8,0.0,15.49
FIRM_264,Fruits&VegetablesProcessing_FIRM_264,Fruits & Vegetables Processing,Lagos Island,2009,15,Large,595,82183336.85,Foreign-Owned,0,None,None,0.0,0,2.41,3.61,1.74,2.19,0.177,37.9,0,0.1198,4,1.55,2.16,8.36,11.58,34699598.01,16.18,0.0,10.72,5.71,58318.65,5.23,3.77,1.0,7.0,5.77,4.87,3.61,51.51,1,0,15.0,0.376,6.2,0,1,1,1.2,24,131,3.2,2.8,0.0,6.28
FIRM_265,Beverages_FIRM_265,Beverages,Ikeja,2005,19,Large,1024,88612478.58,Public Listed,0,None,None,0.0,0,3.7,2.98,3.68,2.0,0.574,79.4,0,0.0604,4,3.49,1.28,16.26,6.89,172925691.98,14.83,0.152,10.77,7.58,168872.75,3.67,3.7,3.34,5.23,4.8,4.77,3.84,54.87,1,0,16.1,0.33,39.6,0,1,1,1.2,24,131,3.2,2.8,0.0,14.15
FIRM_266,Oils&Fats_FIRM_266,Oils & Fats,Ikorodu,1990,34,Large,293,62825000.96,Foreign-Owned,1,M&A,USA,79.51,12,5.0,4.77,4.7,4.14,0.7,55.1,1,0.1126,4,2.16,1.02,18.45,17.73,158361466.45,11.31,0.099,4.48,10.0,540482.82,3.34,2.49,5.07,4.16,3.02,5.25,3.83,54.78,0,0,24.0,0.0,40.9,0,1,0,1.2,24,131,3.2,2.8,3.83,18.01
FIRM_267,Beverages_FIRM_267,Beverages,Ikeja,1981,43,Large,1716,52569816.08,Public Listed,1,Greenfield,France,79.93,10,4.15,4.12,3.17,4.82,0.624,100.4,0,0.0875,3,3.0,2.27,19.38,20.95,79832241.69,39.14,0.227,8.1,8.24,46522.29,5.08,3.23,1.62,2.84,2.17,4.14,3.56,50.91,0,0,20.9,0.129,9.7,0,1,1,1.2,24,131,3.2,2.8,3.56,11.31
FIRM_268,Seasoning&Condiments_FIRM_268,Seasoning & Condiments,Badagry,2005,19,Large,405,52379384.68,Public Listed,0,None,None,0.0,0,3.86,2.94,1.74,3.11,0.223,168.8,0,0.064,2,1.24,0.12,11.14,9.17,122173776.49,15.69,0.0,2.91,9.84,301663.65,3.08,5.39,2.72,6.75,4.55,1.0,3.0,42.83,0,0,9.9,0.586,34.3,1,1,0,1.2,24,131,3.2,2.8,0.0,5.2
FIRM_269,BakeryProducts_FIRM_269,Bakery Products,Ikorodu,2015,9,Large,1850,35618259.97,Public Listed,1,M&A,USA,72.88,9,3.88,4.21,3.78,3.82,0.755,94.6,0,0.1041,5,2.22,2.15,12.31,12.35,221551145.76,7.97,0.265,12.38,9.07,119757.38,3.02,5.39,1.27,4.98,6.57,3.38,3.78,53.94,0,0,10.0,0.582,39.7,1,1,0,1.2,24,131,3.2,2.8,3.78,14.28
FIRM_270,Fruits&VegetablesProcessing_FIRM_270,Fruits & Vegetables Processing,Ikeja,1992,32,Large,1050,34427635.4,Family Business,1,Joint Venture,France,10.75,10,3.04,3.92,4.19,3.9,0.531,84.5,1,0.0302,2,3.04,0.81,20.77,18.38,246184571.24,21.77,0.211,14.66,7.74,234461.5,4.18,4.16,5.3,7.0,2.82,3.73,3.53,50.47,0,0,10.2,0.574,47.1,0,1,1,1.2,24,131,3.2,2.8,3.53,14.81
FIRM_271,FishProcessing_FIRM_271,Fish Processing,Ikorodu,1996,28,Large,1286,71517884.63,Joint Venture,1,Greenfield,China,67.81,10,2.97,3.84,4.13,3.23,0.788,86.7,1,0.0778,5,3.17,0.72,21.02,18.38,222268332.85,12.09,0.052,13.71,7.59,172836.96,5.19,3.27,3.29,3.18,2.41,3.75,3.79,54.09,0,0,17.9,0.255,25.5,1,1,0,1.2,24,131,3.2,2.8,3.79,15.64
FIRM_272,Fruits&VegetablesProcessing_FIRM_272,Fruits & Vegetables Processing,Ikeja,1997,27,Large,1522,47174771.23,Family Business,0,None,None,0.0,0,3.06,2.88,3.15,2.71,0.329,110.4,0,0.0825,4,3.04,2.48,2.36,13.64,170426502.23,19.03,0.077,12.74,3.49,111975.36,4.06,4.79,1.0,7.0,2.0,7.0,3.31,47.25,1,0,15.1,0.37,36.2,1,1,1,1.2,24,131,3.2,2.8,0.0,10.43
FIRM_273,MeatProcessing_FIRM_273,Meat Processing,Apapa,2017,7,Large,258,44279960.09,Public Listed,0,None,None,0.0,0,2.62,2.89,3.11,3.19,0.58,45.8,0,0.0571,3,1.56,0.44,9.62,10.25,183554825.9,5.43,0.147,13.24,5.87,711452.81,4.71,3.55,2.31,4.51,4.73,3.44,3.71,52.96,0,0,20.0,0.167,9.9,0,1,0,1.2,24,131,3.2,2.8,0.0,11.54
FIRM_274,Sugar&Confectionery_FIRM_274,Sugar & Confectionery,Ikeja,2009,15,Large,1042,23565145.73,Public Listed,1,Joint Venture,UK,67.7,1,3.96,4.25,3.38,4.21,0.517,196.4,1,0.003,2,2.77,1.57,16.09,10.43,210767206.46,7.16,0.165,7.55,7.14,202271.79,4.82,2.99,3.43,3.24,6.38,2.38,4.13,58.97,0,0,15.2,0.366,2.9,1,1,0,1.2,24,131,3.2,2.8,4.13,13.95
FIRM_275,FishProcessing_FIRM_275,Fish Processing,Ikeja,2007,17,Large,1942,32062764.65,Family Business,0,None,None,0.0,0,3.34,2.84,3.69,2.42,0.184,87.5,0,0.0272,3,1.28,1.65,23.23,11.64,11151399.27,6.06,0.001,10.19,7.19,5742.22,4.74,3.36,1.0,4.87,1.0,2.72,2.66,37.97,0,0,11.7,0.512,54.1,0,1,0,1.2,24,131,3.2,2.8,0.0,9.8
FIRM_276,BakeryProducts_FIRM_276,Bakery Products,Badagry,2013,11,Large,825,82836706.47,Local,0,None,None,0.0,0,2.16,3.49,2.07,3.59,0.438,109.9,0,0.0714,2,0.69,0.5,22.51,13.44,162112005.4,3.73,0.0,5.16,4.53,196499.4,2.87,4.36,4.65,6.26,2.39,4.47,3.41,48.76,0,0,21.1,0.122,40.0,0,1,1,1.2,24,131,3.2,2.8,0.0,7.06
FIRM_277,GrainMilling_FIRM_277,Grain Milling,Lagos Island,2010,14,Large,1823,54804503.15,Family Business,1,Greenfield,India,15.09,5,3.83,3.05,3.75,4.18,0.773,133.7,1,0.1026,1,2.9,1.35,15.98,16.26,49599545.58,11.78,0.426,14.7,10.0,27207.65,6.61,1.32,2.57,5.4,3.01,7.0,3.85,55.02,0,0,9.9,0.589,41.0,1,1,1,1.2,24,131,3.2,2.8,3.85,14.45
FIRM_278,Sugar&Confectionery_FIRM_278,Sugar & Confectionery,Lagos Island,2010,14,Large,1675,76582870.61,Public Listed,0,None,None,0.0,0,3.33,4.08,2.65,3.52,0.323,168.4,0,0.1154,5,1.62,0.29,20.13,17.8,111129314.91,8.28,0.0,10.57,6.35,66345.86,3.63,5.27,1.6,5.51,3.0,3.09,3.18,45.4,0,0,20.6,0.14,40.1,0,1,0,1.2,24,131,3.2,2.8,0.0,8.42
FIRM_279,Fruits&VegetablesProcessing_FIRM_279,Fruits & Vegetables Processing,Apapa,2013,11,Large,609,93295445.78,Family Business,1,M&A,Netherlands,46.86,11,3.93,3.82,3.69,3.31,0.576,62.2,0,0.0714,2,0.53,1.25,15.1,14.33,245577631.21,-1.39,0.16,4.21,9.08,403247.34,6.5,5.29,3.61,4.93,3.49,3.07,4.17,59.59,0,0,23.2,0.034,49.9,1,0,0,1.2,24,131,3.2,2.8,4.17,15.4
FIRM_280,GrainMilling_FIRM_280,Grain Milling,Apapa,1996,28,Large,1816,21294655.91,Family Business,1,M&A,South Africa,25.91,9,3.12,4.71,3.16,4.59,0.371,109.5,1,0.0425,2,3.24,0.32,20.54,12.29,111486945.92,17.62,0.315,6.47,7.53,61391.49,2.86,4.99,3.75,6.96,2.46,2.07,2.86,40.89,0,0,10.1,0.58,35.1,1,1,1,1.2,24,131,3.2,2.8,2.86,9.05
FIRM_281,AnimalFeeds_FIRM_281,Animal Feeds,Lagos Island,1988,36,Large,257,85675818.75,Public Listed,0,None,None,0.0,0,3.3,3.53,2.88,3.99,0.774,121.7,0,0.0656,3,1.44,0.23,17.72,14.87,198529358.24,12.31,0.0,7.93,9.06,772487.78,4.31,4.57,2.66,5.37,4.22,3.81,3.7,52.87,0,0,8.7,0.639,54.6,0,1,0,1.2,24,131,3.2,2.8,0.0,10.66
FIRM_282,GrainMilling_FIRM_282,Grain Milling,Ikorodu,1991,33,Large,442,49264675.34,Local,0,None,None,0.0,0,3.41,3.62,3.25,3.08,0.328,185.6,0,0.0689,4,1.28,0.39,18.7,11.82,72148486.06,13.88,0.153,7.61,5.63,163231.87,5.19,4.95,4.85,5.24,3.84,2.78,4.06,58.03,0,0,12.0,0.498,23.6,1,1,1,1.2,24,131,3.2,2.8,0.0,13.22
FIRM_283,Beverages_FIRM_283,Beverages,Epe,1987,37,Large,374,82244979.48,Foreign-Owned,0,None,None,0.0,0,2.4,2.84,1.36,3.45,0.826,193.1,0,0.0954,2,1.72,0.76,17.09,11.29,210114762.97,4.02,0.0,9.46,4.31,561804.18,6.18,3.98,4.53,7.0,2.6,3.88,3.69,52.78,0,0,19.2,0.2,49.9,0,0,1,1.2,24,131,3.2,2.8,0.0,5.04
FIRM_284,Sugar&Confectionery_FIRM_284,Sugar & Confectionery,Ikorodu,1993,31,Large,1681,77829153.19,Local,0,None,None,0.0,0,2.84,3.28,2.64,1.9,0.609,131.9,1,0.0036,5,1.77,0.51,16.92,10.28,189967060.24,-0.6,0.235,14.27,8.55,113008.36,5.96,5.67,3.23,6.22,4.84,3.7,4.2,59.97,0,0,23.0,0.04,24.2,1,1,0,1.2,24,131,3.2,2.8,0.0,11.09
FIRM_285,OtherFoodProducts_FIRM_285,Other Food Products,Epe,2018,6,Large,259,79679561.43,Foreign-Owned,0,None,None,0.0,0,3.41,2.84,1.32,2.75,0.754,172.3,1,0.0731,4,1.8,0.68,9.81,13.56,156357109.64,9.76,0.07,13.58,5.32,603695.4,3.8,5.17,1.0,3.65,5.87,2.49,3.78,54.01,0,0,17.5,0.271,23.6,1,1,1,1.2,24,131,3.2,2.8,0.0,4.99
FIRM_286,AnimalFeeds_FIRM_286,Animal Feeds,Apapa,2015,9,Large,1607,73761263.78,Family Business,0,None,None,0.0,0,3.32,2.22,3.61,2.32,0.525,184.6,0,0.0893,4,1.55,0.25,12.25,7.49,124454583.18,17.97,0.12,11.22,5.56,77445.29,7.0,4.14,4.03,5.91,1.41,3.51,3.7,52.81,1,0,24.0,0.001,12.5,1,1,0,1.2,24,131,3.2,2.8,0.0,13.34
FIRM_287,Fruits&VegetablesProcessing_FIRM_287,Fruits & Vegetables Processing,Ikorodu,2007,17,Large,614,28630610.3,Foreign-Owned,1,M&A,South Africa,46.33,14,3.37,3.85,4.69,3.58,0.791,88.6,1,0.0843,3,0.53,1.63,12.87,12.67,189767524.18,-4.24,0.282,0.95,10.0,309067.63,1.4,6.57,3.96,5.1,2.98,1.89,3.28,46.9,0,0,13.1,0.455,57.8,1,1,0,1.2,24,131,3.2,2.8,3.28,15.4
FIRM_288,FishProcessing_FIRM_288,Fish Processing,Badagry,2007,17,Large,1988,73197445.86,Public Listed,0,None,None,0.0,0,3.6,3.37,2.71,2.96,0.777,62.2,0,0.0363,4,1.51,0.7,15.07,7.19,77679987.16,18.43,0.114,9.73,6.89,39074.44,5.22,4.88,1.42,6.02,3.26,5.28,3.67,52.47,1,0,20.2,0.156,6.0,1,1,0,1.2,24,131,3.2,2.8,0.0,9.95
FIRM_289,BakeryProducts_FIRM_289,Bakery Products,Epe,1998,26,Large,950,88573450.64,Joint Venture,1,M&A,China,62.29,2,4.86,3.65,2.5,4.4,0.538,148.8,1,0.0013,1,3.0,0.84,10.74,10.88,42981471.88,23.02,0.049,4.79,9.35,45243.65,4.04,2.55,4.77,5.7,4.46,2.99,3.52,50.23,0,0,21.8,0.093,2.8,0,1,0,1.2,24,131,3.2,2.8,3.52,8.79
FIRM_290,Beverages_FIRM_290,Beverages,Badagry,2021,3,Large,1516,47045957.22,Joint Venture,0,None,None,0.0,0,3.22,3.64,2.03,2.87,0.502,98.0,1,0.0708,3,1.71,1.06,18.39,10.17,177234831.85,7.32,0.0,5.77,5.97,116909.52,3.81,5.22,5.14,5.61,3.68,4.28,4.09,58.37,0,0,14.9,0.381,46.0,1,1,0,1.2,24,131,3.2,2.8,0.0,8.28
FIRM_291,OtherFoodProducts_FIRM_291,Other Food Products,Lagos Island,2023,1,Large,1434,58000573.99,Family Business,1,Greenfield,China,88.35,1,3.38,3.96,2.95,3.78,0.341,46.2,0,0.085,2,1.1,1.12,21.98,20.34,180327954.14,10.49,0.227,1.14,5.1,125751.71,4.17,4.46,1.66,6.65,4.15,5.0,3.47,49.52,0,0,16.7,0.303,10.5,0,0,0,1.2,24,131,3.2,2.8,3.47,10.21
FIRM_292,Seasoning&Condiments_FIRM_292,Seasoning & Condiments,Badagry,2019,5,Large,1416,61074069.7,Joint Venture,1,M&A,Netherlands,85.65,5,3.33,3.43,3.52,3.46,0.219,89.0,1,0.1111,3,2.28,0.8,18.22,18.1,75287372.61,13.32,0.132,6.97,7.02,53169.05,6.27,6.16,1.66,6.85,1.0,3.3,3.26,46.52,0,0,23.4,0.025,38.8,0,1,0,1.2,24,131,3.2,2.8,3.26,11.47
FIRM_293,FishProcessing_FIRM_293,Fish Processing,Ikorodu,2002,22,Large,286,14392937.74,Public Listed,1,Greenfield,UK,29.03,3,4.31,4.93,3.23,4.91,0.681,84.7,0,0.0321,1,1.7,2.47,19.57,12.17,95118021.34,22.22,0.222,9.59,8.2,332580.49,2.65,2.36,4.2,7.0,2.75,4.5,2.91,41.56,0,0,21.3,0.114,37.0,1,1,0,1.2,24,131,3.2,2.8,2.91,9.39
FIRM_294,Fruits&VegetablesProcessing_FIRM_294,Fruits & Vegetables Processing,Epe,1990,34,Large,1624,89472641.48,Local,1,Greenfield,France,44.08,13,3.08,3.94,3.81,3.67,0.393,193.4,1,0.0134,5,1.43,2.22,21.09,10.4,149302670.07,1.93,0.442,12.69,6.12,91935.14,4.34,3.1,2.69,6.33,4.45,5.65,3.65,52.16,0,0,19.3,0.194,51.6,0,1,1,1.2,24,131,3.2,2.8,3.65,13.91
FIRM_295,Fruits&VegetablesProcessing_FIRM_295,Fruits & Vegetables Processing,Lagos Island,2006,18,Large,411,72691490.87,Local,0,None,None,0.0,0,4.11,3.47,3.54,2.81,0.784,106.2,0,0.085,2,1.86,0.34,16.4,9.67,74936169.03,11.93,0.0,2.27,7.07,182326.45,5.6,4.91,3.94,7.0,3.21,2.17,3.47,49.59,0,0,13.1,0.455,21.5,1,1,1,1.2,24,131,3.2,2.8,0.0,12.3
FIRM_296,Seasoning&Condiments_FIRM_296,Seasoning & Condiments,Ikeja,1995,29,Large,767,81794645.57,Joint Venture,1,Greenfield,Netherlands,60.48,7,3.88,4.02,3.43,3.64,0.211,64.5,0,0.0182,1,3.34,1.47,10.43,14.39,134346648.5,5.19,0.0,0.84,9.74,175158.6,2.07,3.89,4.5,4.63,6.6,6.58,4.5,64.31,0,0,15.7,0.347,49.1,0,1,1,1.2,24,131,3.2,2.8,4.5,15.42
FIRM_297,Sugar&Confectionery_FIRM_297,Sugar & Confectionery,Epe,2008,16,Large,279,25431789.79,Foreign-Owned,1,M&A,France,37.06,11,3.51,4.5,3.28,4.6,0.267,16.3,1,0.1084,2,1.12,2.43,18.62,14.71,241714850.14,11.02,0.274,4.47,6.32,866361.47,6.29,2.48,1.0,5.84,3.95,2.79,3.11,44.47,0,0,15.7,0.346,25.2,0,1,0,1.2,24,131,3.2,2.8,3.11,10.21
FIRM_298,Seasoning&Condiments_FIRM_298,Seasoning & Condiments,Ikorodu,1985,39,Large,323,14516085.99,Local,1,Joint Venture,Netherlands,67.66,2,2.88,3.65,4.48,3.45,0.272,179.0,0,0.114,2,1.87,2.05,20.21,17.9,235772933.16,3.06,0.0,13.75,9.64,729947.16,2.31,1.3,1.0,6.4,4.32,3.08,2.27,32.42,0,0,9.9,0.588,45.9,1,1,0,1.2,24,131,3.2,2.8,2.27,10.17
FIRM_299,Seasoning&Condiments_FIRM_299,Seasoning & Condiments,Badagry,2012,12,Large,798,59220655.46,Public Listed,0,None,None,0.0,0,2.08,4.44,2.83,3.19,0.613,73.2,0,0.0713,1,2.3,2.16,18.0,9.54,94010952.57,1.59,0.0,1.6,4.72,117808.21,5.3,2.78,2.65,5.08,4.96,6.11,4.12,58.86,0,0,19.9,0.17,9.4,1,1,1,1.2,24,131,3.2,2.8,0.0,11.64
FIRM_300,OtherFoodProducts_FIRM_300,Other Food Products,Epe,2006,18,Large,430,71394178.09,Family Business,1,M&A,India,70.23,2,4.9,3.86,4.24,4.19,0.367,198.9,1,0.0195,2,0.68,2.23,27.07,21.52,162975518.34,18.7,0.186,14.07,7.61,379012.83,3.16,3.85,3.59,5.37,2.49,6.47,3.7,52.83,0,0,22.3,0.071,57.4,0,1,0,1.2,24,131,3.2,2.8,3.7,15.67
