two_theta_deg,intensity
5.0000,42.75
5.0200,50.93
5.0400,50.58
5.0600,57.32
5.0800,47.34
5.1000,55.68
5.1200,49.32
5.1400,52.67
5.1600,53.21
5.1800,47.69
5.2000,52.08
5.2200,54.35
5.2400,50.81
5.2600,48.90
5.2800,43.62
5.3000,55.37
5.3200,49.67
5.3400,49.78
5.3600,44.96
5.3800,57.59
5.4000,50.01
5.4200,45.58
5.4400,64.76
5.4600,50.84
5.4800,59.42
5.5000,48.37
5.5200,50.81
5.5400,52.94
5.5600,45.33
5.5800,48.77
5.6000,60.42
5.6200,46.20
5.6400,49.80
5.6600,50.05
5.6800,45.99
5.7000,44.51
5.7200,50.20
5.7400,47.47
5.7600,44.16
5.7800,58.73
5.8000,49.70
5.8200,52.79
5.8400,50.30
5.8600,42.01
5.8800,47.48
5.9000,45.47
5.9200,50.41
5.9400,51.18
5.9600,54.88
5.9800,51.19
6.0000,56.95
6.0200,49.69
6.0400,48.23
6.0600,52.94
6.0800,52.74
6.1000,51.29
6.1200,45.11
6.1400,40.62
6.1600,53.17
6.1800,48.02
6.2000,54.37
6.2200,43.56
6.2400,57.40
6.2600,43.74
6.2800,48.91
6.3000,48.48
6.3200,44.07
6.3400,50.99
6.3600,49.90
6.3800,47.92
6.4000,46.73
6.4200,52.71
6.4400,48.93
6.4600,55.31
6.4800,50.36
6.5000,55.23
6.5200,51.44
6.5400,58.02
6.5600,48.07
6.5800,54.96
6.6000,57.85
6.6200,51.06
6.6400,51.00
6.6600,50.32
6.6800,53.74
6.7000,47.35
6.7200,44.92
6.7400,47.83
6.7600,54.66
6.7800,44.85
6.8000,50.84
6.8200,45.70
6.8400,55.06
6.8600,53.01
6.8800,51.39
6.9000,48.57
6.9200,46.56
6.9400,50.38
6.9600,59.03
6.9800,48.29
7.0000,50.35
7.0200,46.05
7.0400,48.88
7.0600,49.43
7.0800,40.10
7.1000,55.40
7.1200,49.30
7.1400,62.24
7.1600,50.40
7.1800,53.69
7.2000,52.53
7.2200,40.64
7.2400,49.15
7.2600,46.96
7.2800,45.07
7.3000,53.87
7.3200,55.09
7.3400,52.57
7.3600,44.58
7.3800,43.15
7.4000,54.48
7.4200,53.25
7.4400,47.13
7.4600,51.85
7.4800,52.61
7.5000,43.79
7.5200,45.36
7.5400,48.25
7.5600,56.04
7.5800,54.39
7.6000,41.72
7.6200,44.82
7.6400,48.37
7.6600,47.37
7.6800,44.74
7.7000,51.17
7.7200,48.54
7.7400,57.16
7.7600,46.46
7.7800,51.37
7.8000,49.25
7.8200,48.58
7.8400,45.71
7.8600,51.02
7.8800,39.74
7.9000,52.04
7.9200,54.39
7.9400,54.85
7.9600,46.52
7.9800,49.74
8.0000,53.31
8.0200,48.67
8.0400,51.35
8.0600,53.10
8.0800,60.68
8.1000,51.90
8.1200,51.49
8.1400,44.14
8.1600,53.42
8.1800,44.03
8.2000,52.31
8.2200,53.28
8.2400,44.20
8.2600,51.39
8.2800,50.16
8.3000,45.86
8.3200,54.44
8.3400,57.53
8.3600,45.13
8.3800,49.33
8.4000,51.08
8.4200,48.91
8.4400,53.31
8.4600,41.94
8.4800,53.07
8.5000,37.66
8.5200,51.51
8.5400,48.10
8.5600,49.30
8.5800,43.85
8.6000,49.00
8.6200,53.73
8.6400,43.69
8.6600,41.95
8.6800,45.74
8.7000,56.08
8.7200,40.31
8.7400,41.77
8.7600,55.32
8.7800,42.56
8.8000,48.89
8.8200,52.44
8.8400,68.28
8.8600,51.40
8.8800,58.54
8.9000,54.06
8.9200,58.54
8.9400,54.80
8.9600,45.67
8.9800,51.37
9.0000,50.03
9.0200,45.07
9.0400,42.22
9.0600,46.91
9.0800,50.65
9.1000,42.51
9.1200,48.58
9.1400,44.29
9.1600,49.48
9.1800,48.26
9.2000,52.98
9.2200,52.41
9.2400,50.79
9.2600,46.47
9.2800,60.10
9.3000,52.45
9.3200,54.34
9.3400,53.88
9.3600,48.88
9.3800,46.03
9.4000,46.51
9.4200,49.67
9.4400,53.47
9.4600,50.17
9.4800,39.86
9.5000,49.51
9.5200,53.46
9.5400,53.12
9.5600,53.31
9.5800,57.66
9.6000,43.74
9.6200,58.60
9.6400,50.21
9.6600,59.11
9.6800,44.35
9.7000,56.64
9.7200,54.95
9.7400,51.26
9.7600,60.19
9.7800,53.72
9.8000,49.00
9.8200,58.45
9.8400,55.21
9.8600,57.67
9.8800,52.42
9.9000,46.28
9.9200,58.15
9.9400,53.38
9.9600,47.78
9.9800,54.61
10.0000,48.84
10.0200,49.63
10.0400,48.17
10.0600,55.09
10.0800,48.06
10.1000,49.51
10.1200,55.01
10.1400,48.49
10.1600,50.44
10.1800,52.48
10.2000,58.37
10.2200,52.36
10.2400,51.44
10.2600,54.90
10.2800,48.95
10.3000,48.62
10.3200,57.03
10.3400,53.10
10.3600,61.01
10.3800,47.30
10.4000,54.59
10.4200,47.16
10.4400,49.84
10.4600,56.62
10.4800,49.02
10.5000,40.31
10.5200,53.11
10.5400,50.45
10.5600,53.12
10.5800,44.11
10.6000,48.28
10.6200,51.02
10.6400,49.98
10.6600,46.57
10.6800,52.66
10.7000,56.73
10.7200,48.27
10.7400,54.43
10.7600,49.86
10.7800,57.88
10.8000,51.61
10.8200,46.10
10.8400,46.03
10.8600,45.17
10.8800,52.34
10.9000,65.62
10.9200,50.57
10.9400,45.82
10.9600,49.59
10.9800,50.68
11.0000,44.53
11.0200,53.58
11.0400,45.32
11.0600,50.29
11.0800,57.01
11.1000,52.03
11.1200,55.39
11.1400,48.21
11.1600,54.10
11.1800,53.36
11.2000,50.02
11.2200,64.16
11.2400,55.01
11.2600,47.60
11.2800,58.35
11.3000,50.14
11.3200,60.27
11.3400,56.20
11.3600,53.31
11.3800,46.39
11.4000,56.99
11.4200,56.84
11.4400,46.14
11.4600,54.12
11.4800,54.27
11.5000,48.03
11.5200,46.60
11.5400,49.86
11.5600,55.20
11.5800,50.26
11.6000,52.06
11.6200,52.05
11.6400,44.39
11.6600,57.87
11.6800,46.45
11.7000,50.19
11.7200,54.39
11.7400,54.99
11.7600,44.00
11.7800,48.65
11.8000,53.01
11.8200,44.97
11.8400,58.65
11.8600,48.76
11.8800,45.44
11.9000,58.16
11.9200,58.62
11.9400,53.17
11.9600,51.84
11.9800,49.04
12.0000,53.17
12.0200,51.21
12.0400,55.29
12.0600,44.77
12.0800,54.53
12.1000,54.87
12.1200,57.93
12.1400,54.25
12.1600,58.39
12.1800,64.26
12.2000,51.35
12.2200,55.16
12.2400,51.85
12.2600,45.59
12.2800,46.88
12.3000,56.86
12.3200,54.82
12.3400,57.20
12.3600,48.05
12.3800,51.71
12.4000,57.02
12.4200,54.20
12.4400,53.05
12.4600,61.96
12.4800,47.38
12.5000,56.26
12.5200,54.65
12.5400,61.03
12.5600,51.87
12.5800,50.49
12.6000,54.74
12.6200,58.95
12.6400,59.61
12.6600,49.73
12.6800,50.84
12.7000,46.44
12.7200,52.80
12.7400,48.69
12.7600,54.17
12.7800,55.17
12.8000,52.41
12.8200,53.59
12.8400,58.70
12.8600,53.32
12.8800,58.81
12.9000,53.08
12.9200,49.74
12.9400,53.77
12.9600,56.41
12.9800,54.45
13.0000,57.72
13.0200,57.87
13.0400,52.60
13.0600,58.75
13.0800,59.32
13.1000,47.18
13.1200,60.67
13.1400,58.27
13.1600,52.65
13.1800,55.24
13.2000,56.30
13.2200,57.03
13.2400,56.38
13.2600,46.16
13.2800,54.53
13.3000,56.19
13.3200,59.99
13.3400,55.72
13.3600,46.72
13.3800,59.71
13.4000,55.96
13.4200,39.04
13.4400,57.70
13.4600,57.94
13.4800,48.51
13.5000,50.14
13.5200,60.28
13.5400,53.47
13.5600,55.71
13.5800,49.09
13.6000,63.47
13.6200,62.90
13.6400,63.03
13.6600,54.15
13.6800,62.50
13.7000,61.00
13.7200,54.23
13.7400,58.20
13.7600,61.18
13.7800,57.65
13.8000,52.69
13.8200,61.01
13.8400,60.05
13.8600,51.02
13.8800,57.26
13.9000,56.71
13.9200,51.68
13.9400,58.53
13.9600,54.19
13.9800,51.93
14.0000,65.44
14.0200,54.27
14.0400,56.52
14.0600,55.00
14.0800,60.06
14.1000,57.92
14.1200,59.85
14.1400,51.05
14.1600,59.03
14.1800,53.07
14.2000,56.44
14.2200,63.05
14.2400,58.68
14.2600,65.32
14.2800,62.37
14.3000,62.10
14.3200,63.41
14.3400,61.78
14.3600,55.82
14.3800,67.81
14.4000,61.60
14.4200,60.65
14.4400,64.16
14.4600,67.18
14.4800,67.68
14.5000,58.66
14.5200,58.99
14.5400,59.45
14.5600,60.33
14.5800,57.64
14.6000,62.63
14.6200,63.84
14.6400,59.73
14.6600,57.45
14.6800,63.45
14.7000,66.70
14.7200,60.29
14.7400,63.56
14.7600,60.36
14.7800,59.46
14.8000,60.72
14.8200,60.96
14.8400,57.37
14.8600,60.59
14.8800,60.08
14.9000,59.99
14.9200,74.26
14.9400,73.00
14.9600,66.14
14.9800,59.27
15.0000,66.08
15.0200,68.21
15.0400,61.36
15.0600,64.51
15.0800,64.14
15.1000,61.24
15.1200,64.74
15.1400,64.05
15.1600,53.22
15.1800,78.84
15.2000,69.02
15.2200,71.33
15.2400,64.46
15.2600,77.84
15.2800,62.76
15.3000,59.61
15.3200,54.94
15.3400,67.67
15.3600,62.92
15.3800,65.30
15.4000,64.70
15.4200,72.88
15.4400,66.65
15.4600,65.70
15.4800,60.13
15.5000,69.15
15.5200,72.22
15.5400,57.89
15.5600,68.01
15.5800,62.72
15.6000,67.01
15.6200,78.48
15.6400,64.12
15.6600,75.83
15.6800,64.58
15.7000,68.06
15.7200,78.22
15.7400,64.34
15.7600,71.03
15.7800,71.01
15.8000,70.81
15.8200,66.80
15.8400,70.04
15.8600,80.17
15.8800,69.95
15.9000,71.86
15.9200,68.99
15.9400,72.62
15.9600,68.67
15.9800,76.20
16.0000,73.44
16.0200,67.77
16.0400,70.77
16.0600,61.43
16.0800,77.14
16.1000,75.60
16.1200,72.69
16.1400,74.76
16.1600,82.48
16.1800,72.85
16.2000,78.73
16.2200,78.60
16.2400,78.17
16.2600,82.66
16.2800,71.93
16.3000,68.31
16.3200,70.47
16.3400,80.51
16.3600,74.35
16.3800,81.37
16.4000,76.48
16.4200,78.62
16.4400,71.00
16.4600,77.25
16.4800,79.37
16.5000,85.67
16.5200,75.59
16.5400,80.06
16.5600,74.04
16.5800,73.87
16.6000,76.20
16.6200,81.20
16.6400,84.49
16.6600,82.79
16.6800,82.28
16.7000,82.29
16.7200,78.58
16.7400,80.47
16.7600,77.33
16.7800,65.30
16.8000,81.73
16.8200,77.17
16.8400,86.56
16.8600,74.13
16.8800,80.50
16.9000,88.32
16.9200,82.60
16.9400,87.42
16.9600,85.76
16.9800,88.33
17.0000,85.62
17.0200,75.13
17.0400,74.16
17.0600,88.73
17.0800,79.90
17.1000,83.64
17.1200,86.72
17.1400,75.59
17.1600,86.16
17.1800,87.83
17.2000,85.85
17.2200,86.11
17.2400,88.31
17.2600,84.65
17.2800,95.78
17.3000,84.44
17.3200,89.48
17.3400,89.03
17.3600,85.02
17.3800,92.32
17.4000,91.84
17.4200,89.02
17.4400,83.68
17.4600,93.71
17.4800,87.01
17.5000,93.44
17.5200,95.19
17.5400,102.21
17.5600,86.01
17.5800,91.14
17.6000,97.01
17.6200,95.24
17.6400,105.92
17.6600,98.24
17.6800,102.66
17.7000,112.29
17.7200,110.29
17.7400,128.64
17.7600,151.20
17.7800,159.67
17.8000,181.54
17.8200,211.30
17.8400,230.61
17.8600,271.30
17.8800,299.71
17.9000,332.13
17.9200,359.71
17.9400,388.09
17.9600,415.83
17.9800,431.02
18.0000,430.94
18.0200,423.26
18.0400,418.45
18.0600,395.54
18.0800,358.19
18.1000,335.21
18.1200,296.71
18.1400,275.87
18.1600,238.06
18.1800,214.33
18.2000,181.08
18.2200,166.81
18.2400,157.24
18.2600,141.28
18.2800,131.05
18.3000,117.66
18.3200,116.47
18.3400,111.47
18.3600,111.39
18.3800,108.07
18.4000,102.32
18.4200,104.58
18.4400,113.22
18.4600,108.88
18.4800,107.31
18.5000,104.44
18.5200,119.10
18.5400,104.38
18.5600,110.22
18.5800,114.66
18.6000,110.48
18.6200,111.65
18.6400,118.55
18.6600,111.52
18.6800,113.94
18.7000,112.26
18.7200,124.49
18.7400,114.63
18.7600,116.48
18.7800,116.53
18.8000,114.79
18.8200,120.12
18.8400,121.27
18.8600,120.43
18.8800,118.73
18.9000,116.81
18.9200,120.95
18.9400,117.71
18.9600,120.66
18.9800,118.66
19.0000,104.56
19.0200,124.31
19.0400,120.87
19.0600,120.17
19.0800,129.21
19.1000,125.18
19.1200,125.91
19.1400,115.68
19.1600,118.21
19.1800,114.91
19.2000,118.97
19.2200,113.93
19.2400,115.24
19.2600,118.66
19.2800,136.82
19.3000,126.49
19.3200,134.02
19.3400,121.60
19.3600,126.56
19.3800,127.94
19.4000,130.68
19.4200,130.57
19.4400,129.59
19.4600,141.49
19.4800,133.53
19.5000,128.01
19.5200,127.24
19.5400,131.23
19.5600,136.39
19.5800,129.14
19.6000,138.99
19.6200,129.49
19.6400,126.02
19.6600,138.70
19.6800,139.09
19.7000,142.35
19.7200,137.99
19.7400,140.51
19.7600,144.25
19.7800,134.74
19.8000,142.72
19.8200,147.91
19.8400,133.84
19.8600,143.46
19.8800,146.03
19.9000,139.94
19.9200,143.68
19.9400,153.34
19.9600,144.39
19.9800,141.53
20.0000,135.14
20.0200,147.40
20.0400,144.15
20.0600,150.77
20.0800,145.02
20.1000,152.53
20.1200,138.50
20.1400,145.36
20.1600,149.09
20.1800,148.72
20.2000,147.80
20.2200,152.94
20.2400,158.27
20.2600,142.14
20.2800,155.05
20.3000,150.31
20.3200,163.02
20.3400,147.42
20.3600,148.05
20.3800,161.85
20.4000,154.84
20.4200,153.80
20.4400,151.54
20.4600,168.15
20.4800,162.30
20.5000,165.87
20.5200,161.44
20.5400,170.87
20.5600,179.42
20.5800,185.80
20.6000,197.97
20.6200,209.11
20.6400,235.34
20.6600,255.46
20.6800,258.30
20.7000,302.43
20.7200,327.99
20.7400,348.09
20.7600,377.96
20.7800,369.02
20.8000,386.29
20.8200,378.47
20.8400,372.26
20.8600,352.65
20.8800,318.58
20.9000,304.51
20.9200,284.84
20.9400,250.81
20.9600,239.97
20.9800,222.12
21.0000,195.25
21.0200,188.03
21.0400,191.76
21.0600,186.84
21.0800,176.37
21.1000,176.82
21.1200,178.12
21.1400,177.61
21.1600,185.34
21.1800,178.97
21.2000,177.29
21.2200,175.23
21.2400,189.01
21.2600,177.89
21.2800,181.44
21.3000,174.23
21.3200,191.72
21.3400,184.11
21.3600,189.43
21.3800,195.66
21.4000,179.30
21.4200,187.81
21.4400,176.66
21.4600,196.61
21.4800,196.56
21.5000,183.09
21.5200,196.49
21.5400,188.95
21.5600,185.18
21.5800,194.71
21.6000,191.91
21.6200,188.05
21.6400,199.01
21.6600,195.26
21.6800,199.09
21.7000,199.95
21.7200,191.99
21.7400,191.84
21.7600,193.37
21.7800,204.61
21.8000,206.03
21.8200,197.83
21.8400,201.80
21.8600,196.58
21.8800,201.45
21.9000,196.52
21.9200,197.76
21.9400,198.17
21.9600,204.87
21.9800,206.46
22.0000,204.24
22.0200,202.17
22.0400,203.18
22.0600,202.85
22.0800,211.51
22.1000,205.52
22.1200,207.75
22.1400,206.07
22.1600,210.79
22.1800,222.90
22.2000,211.45
22.2200,214.15
22.2400,212.94
22.2600,207.70
22.2800,209.46
22.3000,215.95
22.3200,209.71
22.3400,214.75
22.3600,226.94
22.3800,210.98
22.4000,215.69
22.4200,212.36
22.4400,223.66
22.4600,208.54
22.4800,215.88
22.5000,218.66
22.5200,220.05
22.5400,216.38
22.5600,223.16
22.5800,225.09
22.6000,219.13
22.6200,227.60
22.6400,234.76
22.6600,226.06
22.6800,224.97
22.7000,224.09
22.7200,226.61
22.7400,227.05
22.7600,233.34
22.7800,226.30
22.8000,232.59
22.8200,223.47
22.8400,234.50
22.8600,222.92
22.8800,231.43
22.9000,230.47
22.9200,238.06
22.9400,231.79
22.9600,226.63
22.9800,233.27
23.0000,238.48
23.0200,233.28
23.0400,236.14
23.0600,233.55
23.0800,235.91
23.1000,236.70
23.1200,248.14
23.1400,239.74
23.1600,240.29
23.1800,244.43
23.2000,241.79
23.2200,236.81
23.2400,239.79
23.2600,234.08
23.2800,240.69
23.3000,249.91
23.3200,249.07
23.3400,247.54
23.3600,256.50
23.3800,244.94
23.4000,236.73
23.4200,244.54
23.4400,253.66
23.4600,248.84
23.4800,251.83
23.5000,247.89
23.5200,246.89
23.5400,254.51
23.5600,250.18
23.5800,257.71
23.6000,245.34
23.6200,260.83
23.6400,254.70
23.6600,247.48
23.6800,256.64
23.7000,256.64
23.7200,248.33
23.7400,261.84
23.7600,254.21
23.7800,258.96
23.8000,253.19
23.8200,254.70
23.8400,253.07
23.8600,255.88
23.8800,253.25
23.9000,262.89
23.9200,265.29
23.9400,258.09
23.9600,265.17
23.9800,253.26
24.0000,262.64
24.0200,267.03
24.0400,262.42
24.0600,262.96
24.0800,263.47
24.1000,266.25
24.1200,262.64
24.1400,261.83
24.1600,271.45
24.1800,265.67
24.2000,270.28
24.2200,263.63
24.2400,272.37
24.2600,269.96
24.2800,276.28
24.3000,267.48
24.3200,278.60
24.3400,263.03
24.3600,272.33
24.3800,271.68
24.4000,279.14
24.4200,275.27
24.4400,272.80
24.4600,276.64
24.4800,275.27
24.5000,272.36
24.5200,274.35
24.5400,278.88
24.5600,273.54
24.5800,282.85
24.6000,279.91
24.6200,278.55
24.6400,280.65
24.6600,282.32
24.6800,284.13
24.7000,275.96
24.7200,275.89
24.7400,280.90
24.7600,284.07
24.7800,269.94
24.8000,284.35
24.8200,280.09
24.8400,289.73
24.8600,279.05
24.8800,285.64
24.9000,284.99
24.9200,284.52
24.9400,286.89
24.9600,275.89
24.9800,281.32
25.0000,293.45
25.0200,283.10
25.0400,296.51
25.0600,280.72
25.0800,285.61
25.1000,285.24
25.1200,280.46
25.1400,285.17
25.1600,293.35
25.1800,284.84
25.2000,286.60
25.2200,293.41
25.2400,285.86
25.2600,290.82
25.2800,287.10
25.3000,302.98
25.3200,293.21
25.3400,286.96
25.3600,292.90
25.3800,290.68
25.4000,287.67
25.4200,295.23
25.4400,293.24
25.4600,292.25
25.4800,290.90
25.5000,289.58
25.5200,291.17
25.5400,292.96
25.5600,293.11
25.5800,298.89
25.6000,286.89
25.6200,293.34
25.6400,304.14
25.6600,295.44
25.6800,305.51
25.7000,303.93
25.7200,292.58
25.7400,303.33
25.7600,303.65
25.7800,300.60
25.8000,303.44
25.8200,306.05
25.8400,288.72
25.8600,299.83
25.8800,298.45
25.9000,304.48
25.9200,306.19
25.9400,303.22
25.9600,291.78
25.9800,310.66
26.0000,294.34
26.0200,301.91
26.0400,299.25
26.0600,301.30
26.0800,305.03
26.1000,311.10
26.1200,296.66
26.1400,293.92
26.1600,299.38
26.1800,300.16
26.2000,308.33
26.2200,308.96
26.2400,308.75
26.2600,298.33
26.2800,300.32
26.3000,299.19
26.3200,307.88
26.3400,313.90
26.3600,318.73
26.3800,320.60
26.4000,341.10
26.4200,346.06
26.4400,363.33
26.4600,390.82
26.4800,413.47
26.5000,433.58
26.5200,469.02
26.5400,492.08
26.5600,494.31
26.5800,524.60
26.6000,523.85
26.6200,524.29
26.6400,502.78
26.6600,480.67
26.6800,469.98
26.7000,436.83
26.7200,410.60
26.7400,387.07
26.7600,361.60
26.7800,362.59
26.8000,332.20
26.8200,319.66
26.8400,318.07
26.8600,319.04
26.8800,308.36
26.9000,309.78
26.9200,311.84
26.9400,297.12
26.9600,298.82
26.9800,302.33
27.0000,305.18
27.0200,300.15
27.0400,309.25
27.0600,313.05
27.0800,304.90
27.1000,298.89
27.1200,303.52
27.1400,298.97
27.1600,306.34
27.1800,308.10
27.2000,301.39
27.2200,303.61
27.2400,302.16
27.2600,315.15
27.2800,307.12
27.3000,295.36
27.3200,322.09
27.3400,309.96
27.3600,313.53
27.3800,312.31
27.4000,298.30
27.4200,307.50
27.4400,295.17
27.4600,309.20
27.4800,299.37
27.5000,307.38
27.5200,298.90
27.5400,299.46
27.5600,306.97
27.5800,305.75
27.6000,296.20
27.6200,295.16
27.6400,303.33
27.6600,305.69
27.6800,296.80
27.7000,308.66
27.7200,307.27
27.7400,298.44
27.7600,303.88
27.7800,297.91
27.8000,301.08
27.8200,299.34
27.8400,295.71
27.8600,300.40
27.8800,294.57
27.9000,299.29
27.9200,303.33
27.9400,298.51
27.9600,301.37
27.9800,301.24
28.0000,300.09
28.0200,299.09
28.0400,304.13
28.0600,299.94
28.0800,308.19
28.1000,305.41
28.1200,303.57
28.1400,299.14
28.1600,299.19
28.1800,295.83
28.2000,294.80
28.2200,304.58
28.2400,297.58
28.2600,294.63
28.2800,294.02
28.3000,299.32
28.3200,289.44
28.3400,291.00
28.3600,291.53
28.3800,296.58
28.4000,291.37
28.4200,284.04
28.4400,292.42
28.4600,296.61
28.4800,290.34
28.5000,298.84
28.5200,304.54
28.5400,285.70
28.5600,292.99
28.5800,303.24
28.6000,290.02
28.6200,290.05
28.6400,295.92
28.6600,285.42
28.6800,290.93
28.7000,301.70
28.7200,280.37
28.7400,294.17
28.7600,288.54
28.7800,285.11
28.8000,297.36
28.8200,284.74
28.8400,288.99
28.8600,293.42
28.8800,284.84
28.9000,287.67
28.9200,289.57
28.9400,288.48
28.9600,283.82
28.9800,282.41
29.0000,285.87
29.0200,290.18
29.0400,285.36
29.0600,288.74
29.0800,295.51
29.1000,284.58
29.1200,285.54
29.1400,291.91
29.1600,287.75
29.1800,292.78
29.2000,292.56
29.2200,301.95
29.2400,303.88
29.2600,314.32
29.2800,318.09
29.3000,335.71
29.3200,338.70
29.3400,355.15
29.3600,363.65
29.3800,366.28
29.4000,367.97
29.4200,366.10
29.4400,353.80
29.4600,346.18
29.4800,352.68
29.5000,330.07
29.5200,315.56
29.5400,310.56
29.5600,309.72
29.5800,291.58
29.6000,287.40
29.6200,278.85
29.6400,274.03
29.6600,278.29
29.6800,272.32
29.7000,261.41
29.7200,268.12
29.7400,276.62
29.7600,267.84
29.7800,265.56
29.8000,274.32
29.8200,266.01
29.8400,261.77
29.8600,265.57
29.8800,264.03
29.9000,261.83
29.9200,261.08
29.9400,264.43
29.9600,263.68
29.9800,265.74
30.0000,266.57
30.0200,268.41
30.0400,268.43
30.0600,261.16
30.0800,251.93
30.1000,261.54
30.1200,256.48
30.1400,259.95
30.1600,256.20
30.1800,261.82
30.2000,244.36
30.2200,251.22
30.2400,257.03
30.2600,260.08
30.2800,252.02
30.3000,255.88
30.3200,252.22
30.3400,256.53
30.3600,254.80
30.3800,259.05
30.4000,245.54
30.4200,254.39
30.4400,259.62
30.4600,251.77
30.4800,254.24
30.5000,249.58
30.5200,259.55
30.5400,255.51
30.5600,252.25
30.5800,247.95
30.6000,254.04
30.6200,247.71
30.6400,248.45
30.6600,245.70
30.6800,242.22
30.7000,242.43
30.7200,249.37
30.7400,247.24
30.7600,247.26
30.7800,239.24
30.8000,243.12
30.8200,252.23
30.8400,243.14
30.8600,239.81
30.8800,234.76
30.9000,237.32
30.9200,240.36
30.9400,238.48
30.9600,231.88
30.9800,236.94
31.0000,245.12
31.0200,235.81
31.0400,232.66
31.0600,234.53
31.0800,223.95
31.1000,224.74
31.1200,225.58
31.1400,227.86
31.1600,228.10
31.1800,239.44
31.2000,235.48
31.2200,223.12
31.2400,226.32
31.2600,223.25
31.2800,236.94
31.3000,218.38
31.3200,221.37
31.3400,224.50
31.3600,226.82
31.3800,218.65
31.4000,217.67
31.4200,230.14
31.4400,225.24
31.4600,226.57
31.4800,221.15
31.5000,223.85
31.5200,216.97
31.5400,224.44
31.5600,211.95
31.5800,219.95
31.6000,211.52
31.6200,223.84
31.6400,219.58
31.6600,211.95
31.6800,210.17
31.7000,214.80
31.7200,201.26
31.7400,207.52
31.7600,211.84
31.7800,204.61
31.8000,209.24
31.8200,213.71
31.8400,198.13
31.8600,216.67
31.8800,204.44
31.9000,216.96
31.9200,205.69
31.9400,210.86
31.9600,208.06
31.9800,209.48
32.0000,200.70
32.0200,210.30
32.0400,202.90
32.0600,213.92
32.0800,210.68
32.1000,206.65
32.1200,206.84
32.1400,195.21
32.1600,190.08
32.1800,195.37
32.2000,190.24
32.2200,206.76
32.2400,196.88
32.2600,200.57
32.2800,197.83
32.3000,196.54
32.3200,195.11
32.3400,198.87
32.3600,192.72
32.3800,188.83
32.4000,192.75
32.4200,192.03
32.4400,186.80
32.4600,200.77
32.4800,190.54
32.5000,184.69
32.5200,187.82
32.5400,193.79
32.5600,185.86
32.5800,191.76
32.6000,192.18
32.6200,186.80
32.6400,184.92
32.6600,180.16
32.6800,182.79
32.7000,181.67
32.7200,182.40
32.7400,182.61
32.7600,179.61
32.7800,191.45
32.8000,171.23
32.8200,172.74
32.8400,175.89
32.8600,180.32
32.8800,177.68
32.9000,185.81
32.9200,178.29
32.9400,171.89
32.9600,171.94
32.9800,178.84
33.0000,180.73
33.0200,170.60
33.0400,179.61
33.0600,158.16
33.0800,176.26
33.1000,170.00
33.1200,163.99
33.1400,171.98
33.1600,179.39
33.1800,161.35
33.2000,172.13
33.2200,167.82
33.2400,163.62
33.2600,162.47
33.2800,158.19
33.3000,166.93
33.3200,165.26
33.3400,147.93
33.3600,159.55
33.3800,153.86
33.4000,163.62
33.4200,159.07
33.4400,152.32
33.4600,166.05
33.4800,161.02
33.5000,155.97
33.5200,149.75
33.5400,156.30
33.5600,159.55
33.5800,155.12
33.6000,155.60
33.6200,146.83
33.6400,159.55
33.6600,156.86
33.6800,159.47
33.7000,159.35
33.7200,157.50
33.7400,151.16
33.7600,155.04
33.7800,164.16
33.8000,163.48
33.8200,180.96
33.8400,174.45
33.8600,197.50
33.8800,194.32
33.9000,219.89
33.9200,255.26
33.9400,272.88
33.9600,318.29
33.9800,340.75
34.0000,377.08
34.0200,403.79
34.0400,438.12
34.0600,455.90
34.0800,467.88
34.1000,475.29
34.1200,465.37
34.1400,448.57
34.1600,430.98
34.1800,399.45
34.2000,379.71
34.2200,340.18
34.2400,292.21
34.2600,274.75
34.2800,240.58
34.3000,220.54
34.3200,197.84
34.3400,173.97
34.3600,173.57
34.3800,155.83
34.4000,152.54
34.4200,148.51
34.4400,143.51
34.4600,127.82
34.4800,136.18
34.5000,139.11
34.5200,131.69
34.5400,129.09
34.5600,132.94
34.5800,126.32
34.6000,136.04
34.6200,133.61
34.6400,130.01
34.6600,125.67
34.6800,130.36
34.7000,134.44
34.7200,143.62
34.7400,132.40
34.7600,121.79
34.7800,119.01
34.8000,128.75
34.8200,120.43
34.8400,117.85
34.8600,128.00
34.8800,129.46
34.9000,126.99
34.9200,122.98
34.9400,121.11
34.9600,115.50
34.9800,119.80
35.0000,126.66
35.0200,122.98
35.0400,120.18
35.0600,123.24
35.0800,129.10
35.1000,126.78
35.1200,124.40
35.1400,117.61
35.1600,125.84
35.1800,113.42
35.2000,117.75
35.2200,113.88
35.2400,108.95
35.2600,114.74
35.2800,107.02
35.3000,115.54
35.3200,120.76
35.3400,120.61
35.3600,113.71
35.3800,116.46
35.4000,114.50
35.4200,97.76
35.4400,111.54
35.4600,112.42
35.4800,106.07
35.5000,113.65
35.5200,113.54
35.5400,114.18
35.5600,117.70
35.5800,109.65
35.6000,104.39
35.6200,98.92
35.6400,102.69
35.6600,105.76
35.6800,108.47
35.7000,107.03
35.7200,103.32
35.7400,103.22
35.7600,111.53
35.7800,114.28
35.8000,101.18
35.8200,103.31
35.8400,101.64
35.8600,96.56
35.8800,103.80
35.9000,99.84
35.9200,97.38
35.9400,106.38
35.9600,93.45
35.9800,100.68
36.0000,102.11
36.0200,103.13
36.0400,93.43
36.0600,105.14
36.0800,96.74
36.1000,102.17
36.1200,95.69
36.1400,94.81
36.1600,99.56
36.1800,101.97
36.2000,101.80
36.2200,104.09
36.2400,111.22
36.2600,111.91
36.2800,111.01
36.3000,135.10
36.3200,128.45
36.3400,160.81
36.3600,171.02
36.3800,199.75
36.4000,234.31
36.4200,249.72
36.4400,276.44
36.4600,298.68
36.4800,299.79
36.5000,315.48
36.5200,303.67
36.5400,297.83
36.5600,269.61
36.5800,251.12
36.6000,228.91
36.6200,196.00
36.6400,167.78
36.6600,149.75
36.6800,140.61
36.7000,120.41
36.7200,107.26
36.7400,100.43
36.7600,98.11
36.7800,87.76
36.8000,89.82
36.8200,92.21
36.8400,77.20
36.8600,78.08
36.8800,88.56
36.9000,89.91
36.9200,86.67
36.9400,79.87
36.9600,83.23
36.9800,85.78
37.0000,85.39
37.0200,81.19
37.0400,79.30
37.0600,76.24
37.0800,82.17
37.1000,82.32
37.1200,88.92
37.1400,79.49
37.1600,84.95
37.1800,88.99
37.2000,81.09
37.2200,77.90
37.2400,79.87
37.2600,85.14
37.2800,73.04
37.3000,80.86
37.3200,79.59
37.3400,82.23
37.3600,85.36
37.3800,80.91
37.4000,65.73
37.4200,89.42
37.4400,69.94
37.4600,73.73
37.4800,81.88
37.5000,81.71
37.5200,70.79
37.5400,80.68
37.5600,75.04
37.5800,72.29
37.6000,77.82
37.6200,83.33
37.6400,76.40
37.6600,82.49
37.6800,74.29
37.7000,68.79
37.7200,72.96
37.7400,72.34
37.7600,71.08
37.7800,79.51
37.8000,67.43
37.8200,72.34
37.8400,74.11
37.8600,71.78
37.8800,70.71
37.9000,77.56
37.9200,74.66
37.9400,75.20
37.9600,65.86
37.9800,70.47
38.0000,74.19
38.0200,65.84
38.0400,67.29
38.0600,74.92
38.0800,74.11
38.1000,70.89
38.1200,68.72
38.1400,69.49
38.1600,67.00
38.1800,72.66
38.2000,75.16
38.2200,67.96
38.2400,73.85
38.2600,69.92
38.2800,64.79
38.3000,66.19
38.3200,71.29
38.3400,68.84
38.3600,75.03
38.3800,60.65
38.4000,72.39
38.4200,68.79
38.4400,64.06
38.4600,82.56
38.4800,67.60
38.5000,65.39
38.5200,68.54
38.5400,71.88
38.5600,66.68
38.5800,61.50
38.6000,63.71
38.6200,67.02
38.6400,51.73
38.6600,67.98
38.6800,72.43
38.7000,70.09
38.7200,63.55
38.7400,57.31
38.7600,70.00
38.7800,67.06
38.8000,59.41
38.8200,79.82
38.8400,66.97
38.8600,68.25
38.8800,60.86
38.9000,61.52
38.9200,67.00
38.9400,78.26
38.9600,64.85
38.9800,64.26
39.0000,65.08
39.0200,67.04
39.0400,75.35
39.0600,63.35
39.0800,61.89
39.1000,69.12
39.1200,70.55
39.1400,66.17
39.1600,70.73
39.1800,68.65
39.2000,75.57
39.2200,90.27
39.2400,87.20
39.2600,87.36
39.2800,104.40
39.3000,119.44
39.3200,123.25
39.3400,133.73
39.3600,141.72
39.3800,158.70
39.4000,147.94
39.4200,156.23
39.4400,142.65
39.4600,141.87
39.4800,118.06
39.5000,112.27
39.5200,111.54
39.5400,91.47
39.5600,92.64
39.5800,86.53
39.6000,76.75
39.6200,70.04
39.6400,64.25
39.6600,60.05
39.6800,59.84
39.7000,61.80
39.7200,58.45
39.7400,58.70
39.7600,62.60
39.7800,62.91
39.8000,68.54
39.8200,60.84
39.8400,61.27
39.8600,61.16
39.8800,61.02
39.9000,66.88
39.9200,55.99
39.9400,66.19
39.9600,64.01
39.9800,70.23
40.0000,61.31
40.0200,60.75
40.0400,60.74
40.0600,56.56
40.0800,60.02
40.1000,51.68
40.1200,65.55
40.1400,54.56
40.1600,53.49
40.1800,64.55
40.2000,52.08
40.2200,52.95
40.2400,64.13
40.2600,69.06
40.2800,61.58
40.3000,56.01
40.3200,56.53
40.3400,60.45
40.3600,60.30
40.3800,59.57
40.4000,53.55
40.4200,53.75
40.4400,54.47
40.4600,51.95
40.4800,60.11
40.5000,54.63
40.5200,53.24
40.5400,57.58
40.5600,60.47
40.5800,51.73
40.6000,63.68
40.6200,49.72
40.6400,56.59
40.6600,48.82
40.6800,58.17
40.7000,54.92
40.7200,53.96
40.7400,53.23
40.7600,60.62
40.7800,57.14
40.8000,54.64
40.8200,53.96
40.8400,57.88
40.8600,60.99
40.8800,59.34
40.9000,50.20
40.9200,59.61
40.9400,66.29
40.9600,55.90
40.9800,57.25
41.0000,64.24
41.0200,55.95
41.0400,55.11
41.0600,46.44
41.0800,49.72
41.1000,61.81
41.1200,52.27
41.1400,56.71
41.1600,50.90
41.1800,49.35
41.2000,57.26
41.2200,53.46
41.2400,55.02
41.2600,56.31
41.2800,50.41
41.3000,54.20
41.3200,57.03
41.3400,55.76
41.3600,45.72
41.3800,54.62
41.4000,57.51
41.4200,58.49
41.4400,57.57
41.4600,53.07
41.4800,53.47
41.5000,45.02
41.5200,58.51
41.5400,55.55
41.5600,43.85
41.5800,55.88
41.6000,50.18
41.6200,58.18
41.6400,48.37
41.6600,52.70
41.6800,51.12
41.7000,48.14
41.7200,63.65
41.7400,50.67
41.7600,55.78
41.7800,51.32
41.8000,50.33
41.8200,55.56
41.8400,54.43
41.8600,51.02
41.8800,50.18
41.9000,60.97
41.9200,61.51
41.9400,52.65
41.9600,52.13
41.9800,51.58
42.0000,51.32
42.0200,53.50
42.0400,50.81
42.0600,55.80
42.0800,55.35
42.1000,55.09
42.1200,41.70
42.1400,51.56
42.1600,59.04
42.1800,61.25
42.2000,49.18
42.2200,62.88
42.2400,55.61
42.2600,43.17
42.2800,59.93
42.3000,54.28
42.3200,48.00
42.3400,55.88
42.3600,59.26
42.3800,55.34
42.4000,53.93
42.4200,49.68
42.4400,50.51
42.4600,46.51
42.4800,43.26
42.5000,47.67
42.5200,51.81
42.5400,49.47
42.5600,55.01
42.5800,54.07
42.6000,52.16
42.6200,58.74
42.6400,48.95
42.6600,46.23
42.6800,53.04
42.7000,57.82
42.7200,49.84
42.7400,55.04
42.7600,53.49
42.7800,48.43
42.8000,54.14
42.8200,49.09
42.8400,52.76
42.8600,49.64
42.8800,65.88
42.9000,65.10
42.9200,63.92
42.9400,92.01
42.9600,88.87
42.9800,93.81
43.0000,97.53
43.0200,119.56
43.0400,119.27
43.0600,124.08
43.0800,142.60
43.1000,137.91
43.1200,140.18
43.1400,118.52
43.1600,120.79
43.1800,110.66
43.2000,116.19
43.2200,89.15
43.2400,86.80
43.2600,74.64
43.2800,70.48
43.3000,55.61
43.3200,47.72
43.3400,64.04
43.3600,48.62
43.3800,54.88
43.4000,53.99
43.4200,44.95
43.4400,45.40
43.4600,51.26
43.4800,38.36
43.5000,52.59
43.5200,49.46
43.5400,56.85
43.5600,52.72
43.5800,48.02
43.6000,53.75
43.6200,59.31
43.6400,52.93
43.6600,53.47
43.6800,48.65
43.7000,49.23
43.7200,46.92
43.7400,51.13
43.7600,48.58
43.7800,46.76
43.8000,49.90
43.8200,49.66
43.8400,53.60
43.8600,57.04
43.8800,62.13
43.9000,52.02
43.9200,51.95
43.9400,49.23
43.9600,54.55
43.9800,54.49
44.0000,53.72
44.0200,50.66
44.0400,48.01
44.0600,55.23
44.0800,53.56
44.1000,49.89
44.1200,44.74
44.1400,58.02
44.1600,56.16
44.1800,51.66
44.2000,39.67
44.2200,52.36
44.2400,54.11
44.2600,48.42
44.2800,51.33
44.3000,57.34
44.3200,40.87
44.3400,64.82
44.3600,55.91
44.3800,51.01
44.4000,45.36
44.4200,47.38
44.4400,53.74
44.4600,42.50
44.4800,55.45
44.5000,59.85
44.5200,56.29
44.5400,51.28
44.5600,47.15
44.5800,47.15
44.6000,46.77
44.6200,51.76
44.6400,50.57
44.6600,45.73
44.6800,41.40
44.7000,47.58
44.7200,47.54
44.7400,43.99
44.7600,58.69
44.7800,49.87
44.8000,48.70
44.8200,41.81
44.8400,59.29
44.8600,54.03
44.8800,51.10
44.9000,50.82
44.9200,46.07
44.9400,39.74
44.9600,43.39
44.9800,45.19
45.0000,43.53
45.0200,50.98
45.0400,41.09
45.0600,48.82
45.0800,56.50
45.1000,47.34
45.1200,41.68
45.1400,49.29
45.1600,50.77
45.1800,46.12
45.2000,46.97
45.2200,47.59
45.2400,44.23
45.2600,43.10
45.2800,52.25
45.3000,55.82
45.3200,48.57
45.3400,48.58
45.3600,59.77
45.3800,42.05
45.4000,53.25
45.4200,33.28
45.4400,53.60
45.4600,55.84
45.4800,42.17
45.5000,55.81
45.5200,45.55
45.5400,51.80
45.5600,56.51
45.5800,48.07
45.6000,49.78
45.6200,43.90
45.6400,56.54
45.6600,46.27
45.6800,52.56
45.7000,57.04
45.7200,49.17
45.7400,43.65
45.7600,48.09
45.7800,56.79
45.8000,51.62
45.8200,50.04
45.8400,49.42
45.8600,49.66
45.8800,55.95
45.9000,40.70
45.9200,55.43
45.9400,47.00
45.9600,54.37
45.9800,52.20
46.0000,50.11
46.0200,50.93
46.0400,51.52
46.0600,46.36
46.0800,49.75
46.1000,48.96
46.1200,48.34
46.1400,40.98
46.1600,50.60
46.1800,41.43
46.2000,40.67
46.2200,49.75
46.2400,54.50
46.2600,44.76
46.2800,55.15
46.3000,43.93
46.3200,54.26
46.3400,54.10
46.3600,48.27
46.3800,51.82
46.4000,53.51
46.4200,45.73
46.4400,47.53
46.4600,51.50
46.4800,48.53
46.5000,50.34
46.5200,56.63
46.5400,59.36
46.5600,53.21
46.5800,63.95
46.6000,55.48
46.6200,49.79
46.6400,40.93
46.6600,53.31
46.6800,57.62
46.7000,49.23
46.7200,47.84
46.7400,48.81
46.7600,49.91
46.7800,38.49
46.8000,41.43
46.8200,45.45
46.8400,43.49
46.8600,55.10
46.8800,52.10
46.9000,54.14
46.9200,51.19
46.9400,50.63
46.9600,53.22
46.9800,51.25
47.0000,57.78
47.0200,63.97
47.0400,59.04
47.0600,45.08
47.0800,49.09
47.1000,53.65
47.1200,49.41
47.1400,49.04
47.1600,42.77
47.1800,53.60
47.2000,50.33
47.2200,54.16
47.2400,47.12
47.2600,55.96
47.2800,48.48
47.3000,52.19
47.3200,37.92
47.3400,50.88
47.3600,52.13
47.3800,55.79
47.4000,55.84
47.4200,42.90
47.4400,55.68
47.4600,41.36
47.4800,47.62
47.5000,58.92
47.5200,57.46
47.5400,38.97
47.5600,46.14
47.5800,55.68
47.6000,52.21
47.6200,43.87
47.6400,43.90
47.6600,51.04
47.6800,54.06
47.7000,47.85
47.7200,42.50
47.7400,47.98
47.7600,51.32
47.7800,49.30
47.8000,47.09
47.8200,48.87
47.8400,49.49
47.8600,49.87
47.8800,38.90
47.9000,45.76
47.9200,49.39
47.9400,53.30
47.9600,42.89
47.9800,53.70
48.0000,58.65
48.0200,51.09
48.0400,49.94
48.0600,50.80
48.0800,48.43
48.1000,56.32
48.1200,45.52
48.1400,50.25
48.1600,49.18
48.1800,51.47
48.2000,50.08
48.2200,52.91
48.2400,50.78
48.2600,51.72
48.2800,48.09
48.3000,51.14
48.3200,51.29
48.3400,43.79
48.3600,60.91
48.3800,55.22
48.4000,50.44
48.4200,47.55
48.4400,54.38
48.4600,40.46
48.4800,41.98
48.5000,53.39
48.5200,49.18
48.5400,44.77
48.5600,49.70
48.5800,44.73
48.6000,41.88
48.6200,41.73
48.6400,50.65
48.6600,61.37
48.6800,52.22
48.7000,49.77
48.7200,49.83
48.7400,51.23
48.7600,52.81
48.7800,56.46
48.8000,50.57
48.8200,45.51
48.8400,48.63
48.8600,52.89
48.8800,36.21
48.9000,47.59
48.9200,46.38
48.9400,57.74
48.9600,45.23
48.9800,50.46
49.0000,46.65
49.0200,55.60
49.0400,57.75
49.0600,47.92
49.0800,43.53
49.1000,52.67
49.1200,50.14
49.1400,49.78
49.1600,41.32
49.1800,53.44
49.2000,50.49
49.2200,44.15
49.2400,47.06
49.2600,63.58
49.2800,51.25
49.3000,48.86
49.3200,46.34
49.3400,47.82
49.3600,48.66
49.3800,49.60
49.4000,43.46
49.4200,45.05
49.4400,48.32
49.4600,53.71
49.4800,47.75
49.5000,47.44
49.5200,46.57
49.5400,47.35
49.5600,50.85
49.5800,47.66
49.6000,48.08
49.6200,44.24
49.6400,48.91
49.6600,41.74
49.6800,55.13
49.7000,52.33
49.7200,43.44
49.7400,55.86
49.7600,52.46
49.7800,54.03
49.8000,51.70
49.8200,51.44
49.8400,52.39
49.8600,44.98
49.8800,55.93
49.9000,58.11
49.9200,47.64
49.9400,52.06
49.9600,42.75
49.9800,51.41
50.0000,51.42
50.0200,54.05
50.0400,51.45
50.0600,54.39
50.0800,53.50
50.1000,45.58
50.1200,53.98
50.1400,54.35
50.1600,59.77
50.1800,62.64
50.2000,35.90
50.2200,50.19
50.2400,44.64
50.2600,51.11
50.2800,48.02
50.3000,51.87
50.3200,57.11
50.3400,65.17
50.3600,46.11
50.3800,53.38
50.4000,53.07
50.4200,46.90
50.4400,50.46
50.4600,45.03
50.4800,44.64
50.5000,46.40
50.5200,45.64
50.5400,52.38
50.5600,52.65
50.5800,56.63
50.6000,45.91
50.6200,47.50
50.6400,51.06
50.6600,50.70
50.6800,52.81
50.7000,51.23
50.7200,51.65
50.7400,43.77
50.7600,53.79
50.7800,49.53
50.8000,49.65
50.8200,51.73
50.8400,56.86
50.8600,51.09
50.8800,47.04
50.9000,49.46
50.9200,51.57
50.9400,54.22
50.9600,57.85
50.9800,50.00
51.0000,49.39
51.0200,53.76
51.0400,58.80
51.0600,50.40
51.0800,50.51
51.1000,51.32
51.1200,46.77
51.1400,55.98
51.1600,46.06
51.1800,48.40
51.2000,55.04
51.2200,46.75
51.2400,51.60
51.2600,51.02
51.2800,43.32
51.3000,46.18
51.3200,46.53
51.3400,47.07
51.3600,48.88
51.3800,46.32
51.4000,50.30
51.4200,55.77
51.4400,51.98
51.4600,47.28
51.4800,43.18
51.5000,51.63
51.5200,58.92
51.5400,50.55
51.5600,56.57
51.5800,50.38
51.6000,43.41
51.6200,48.75
51.6400,53.63
51.6600,43.70
51.6800,52.87
51.7000,54.42
51.7200,48.40
51.7400,50.06
51.7600,51.60
51.7800,55.90
51.8000,47.86
51.8200,49.86
51.8400,46.93
51.8600,56.26
51.8800,47.86
51.9000,47.09
51.9200,44.86
51.9400,44.45
51.9600,41.30
51.9800,51.87
52.0000,53.24
52.0200,47.14
52.0400,40.29
52.0600,52.39
52.0800,54.55
52.1000,50.79
52.1200,49.28
52.1400,46.30
52.1600,57.41
52.1800,47.73
52.2000,46.65
52.2200,44.99
52.2400,51.65
52.2600,51.74
52.2800,57.30
52.3000,59.36
52.3200,46.11
52.3400,45.64
52.3600,42.51
52.3800,49.65
52.4000,42.50
52.4200,34.13
52.4400,44.79
52.4600,51.51
52.4800,50.81
52.5000,39.30
52.5200,53.76
52.5400,50.76
52.5600,48.28
52.5800,51.43
52.6000,54.81
52.6200,57.07
52.6400,52.81
52.6600,58.77
52.6800,45.98
52.7000,43.15
52.7200,53.68
52.7400,40.51
52.7600,57.74
52.7800,57.92
52.8000,55.11
52.8200,47.12
52.8400,43.76
52.8600,48.26
52.8800,47.06
52.9000,51.89
52.9200,53.66
52.9400,55.12
52.9600,60.54
52.9800,47.08
53.0000,51.09
53.0200,50.65
53.0400,41.48
53.0600,51.65
53.0800,48.29
53.1000,56.86
53.1200,46.31
53.1400,46.95
53.1600,44.79
53.1800,57.65
53.2000,47.43
53.2200,56.52
53.2400,55.59
53.2600,59.28
53.2800,46.99
53.3000,47.59
53.3200,49.05
53.3400,36.26
53.3600,51.53
53.3800,46.27
53.4000,40.40
53.4200,43.43
53.4400,46.40
53.4600,57.19
53.4800,48.67
53.5000,52.72
53.5200,52.58
53.5400,35.71
53.5600,51.65
53.5800,57.85
53.6000,50.51
53.6200,45.05
53.6400,51.22
53.6600,45.12
53.6800,47.15
53.7000,47.16
53.7200,53.56
53.7400,48.69
53.7600,51.72
53.7800,49.97
53.8000,51.98
53.8200,52.31
53.8400,47.55
53.8600,60.35
53.8800,55.72
53.9000,51.84
53.9200,49.78
53.9400,46.13
53.9600,46.43
53.9800,44.01
54.0000,43.65
54.0200,47.61
54.0400,45.00
54.0600,39.14
54.0800,50.95
54.1000,51.82
54.1200,49.31
54.1400,45.56
54.1600,43.90
54.1800,44.10
54.2000,56.30
54.2200,48.84
54.2400,48.83
54.2600,54.50
54.2800,45.84
54.3000,43.28
54.3200,43.95
54.3400,49.51
54.3600,50.56
54.3800,51.56
54.4000,49.26
54.4200,52.43
54.4400,43.23
54.4600,50.21
54.4800,51.22
54.5000,50.37
54.5200,43.35
54.5400,58.82
54.5600,52.37
54.5800,54.79
54.6000,41.26
54.6200,40.17
54.6400,51.10
54.6600,49.47
54.6800,56.16
54.7000,54.03
54.7200,55.33
54.7400,59.50
54.7600,52.88
54.7800,52.41
54.8000,45.96
54.8200,45.42
54.8400,40.33
54.8600,46.75
54.8800,50.00
54.9000,49.19
54.9200,38.00
54.9400,49.79
54.9600,37.03
54.9800,42.22
55.0000,49.14
55.0200,48.04
55.0400,39.36
55.0600,50.16
55.0800,48.88
55.1000,46.89
55.1200,46.75
55.1400,45.86
55.1600,46.46
55.1800,47.30
55.2000,51.42
55.2200,51.04
55.2400,55.39
55.2600,41.88
55.2800,59.12
55.3000,59.57
55.3200,50.07
55.3400,57.69
55.3600,41.49
55.3800,40.94
55.4000,47.84
55.4200,44.40
55.4400,49.25
55.4600,52.22
55.4800,49.06
55.5000,52.93
55.5200,46.16
55.5400,53.59
55.5600,42.34
55.5800,48.79
55.6000,48.31
55.6200,52.37
55.6400,62.79
55.6600,44.81
55.6800,48.31
55.7000,44.26
55.7200,42.74
55.7400,53.40
55.7600,49.71
55.7800,57.15
55.8000,31.82
55.8200,49.11
55.8400,48.26
55.8600,46.76
55.8800,52.72
55.9000,51.06
55.9200,51.94
55.9400,48.20
55.9600,43.56
55.9800,46.11
56.0000,50.37
56.0200,50.25
56.0400,50.58
56.0600,49.66
56.0800,49.76
56.1000,51.14
56.1200,52.26
56.1400,47.79
56.1600,44.41
56.1800,50.55
56.2000,48.75
56.2200,48.87
56.2400,46.62
56.2600,51.40
56.2800,57.39
56.3000,56.18
56.3200,55.11
56.3400,50.16
56.3600,50.23
56.3800,47.52
56.4000,60.88
56.4200,50.19
56.4400,49.02
56.4600,45.29
56.4800,42.49
56.5000,50.64
56.5200,53.22
56.5400,59.18
56.5600,41.75
56.5800,44.72
56.6000,46.27
56.6200,56.48
56.6400,48.38
56.6600,46.74
56.6800,54.83
56.7000,57.86
56.7200,52.35
56.7400,57.04
56.7600,59.10
56.7800,55.30
56.8000,50.69
56.8200,49.26
56.8400,51.49
56.8600,43.08
56.8800,48.17
56.9000,49.61
56.9200,43.79
56.9400,45.05
56.9600,48.87
56.9800,46.81
57.0000,57.49
57.0200,42.40
57.0400,48.66
57.0600,57.36
57.0800,46.44
57.1000,49.94
57.1200,53.07
57.1400,44.18
57.1600,58.08
57.1800,52.70
57.2000,50.00
57.2200,44.64
57.2400,51.67
57.2600,43.17
57.2800,53.60
57.3000,49.54
57.3200,51.45
57.3400,58.63
57.3600,46.66
57.3800,50.26
57.4000,52.70
57.4200,48.90
57.4400,52.87
57.4600,58.82
57.4800,40.79
57.5000,42.72
57.5200,53.22
57.5400,46.80
57.5600,51.72
57.5800,59.79
57.6000,44.35
57.6200,51.35
57.6400,55.34
57.6600,43.04
57.6800,43.51
57.7000,44.94
57.7200,49.45
57.7400,56.80
57.7600,39.37
57.7800,54.50
57.8000,53.02
57.8200,46.34
57.8400,49.68
57.8600,59.62
57.8800,55.09
57.9000,43.27
57.9200,55.96
57.9400,52.18
57.9600,55.71
57.9800,54.97
58.0000,50.81
58.0200,52.36
58.0400,54.40
58.0600,45.15
58.0800,47.43
58.1000,50.97
58.1200,50.82
58.1400,48.94
58.1600,48.88
58.1800,49.14
58.2000,52.97
58.2200,47.12
58.2400,50.59
58.2600,49.94
58.2800,48.81
58.3000,45.50
58.3200,48.01
58.3400,47.96
58.3600,47.04
58.3800,52.31
58.4000,53.01
58.4200,43.37
58.4400,44.77
58.4600,46.93
58.4800,49.54
58.5000,43.39
58.5200,51.88
58.5400,51.13
58.5600,59.39
58.5800,49.67
58.6000,47.59
58.6200,49.90
58.6400,52.07
58.6600,44.87
58.6800,54.69
58.7000,50.03
58.7200,51.20
58.7400,43.58
58.7600,55.00
58.7800,49.56
58.8000,48.90
58.8200,48.80
58.8400,51.76
58.8600,48.30
58.8800,49.42
58.9000,51.16
58.9200,57.71
58.9400,50.94
58.9600,61.30
58.9800,41.93
59.0000,44.56
59.0200,50.33
59.0400,37.84
59.0600,54.21
59.0800,39.68
59.1000,42.98
59.1200,51.85
59.1400,44.18
59.1600,49.62
59.1800,54.38
59.2000,57.34
59.2200,54.34
59.2400,45.15
59.2600,55.30
59.2800,37.81
59.3000,47.37
59.3200,42.25
59.3400,52.27
59.3600,54.91
59.3800,46.23
59.4000,51.92
59.4200,48.44
59.4400,51.11
59.4600,50.92
59.4800,49.40
59.5000,34.31
59.5200,46.13
59.5400,55.34
59.5600,57.12
59.5800,50.77
59.6000,49.10
59.6200,42.14
59.6400,55.28
59.6600,56.97
59.6800,50.82
59.7000,60.99
59.7200,47.43
59.7400,49.98
59.7600,53.29
59.7800,50.78
59.8000,54.39
59.8200,48.35
59.8400,52.78
59.8600,48.66
59.8800,52.17
59.9000,57.04
59.9200,56.15
59.9400,55.31
59.9600,45.39
59.9800,47.66
60.0000,43.41
