temperature_C,cte_10minus6_per_K
25.0,11.5
29.431438127090303,11.504349280209393
33.862876254180605,11.508701468663661
38.2943143812709,11.513056565362804
42.725752508361204,11.51741457030682
47.15719063545151,11.521775483495711
51.5886287625418,11.526139304929474
56.020066889632105,11.530506034608115
60.45150501672241,11.534875672531626
64.88294314381271,11.539248218700015
69.31438127090301,11.543623673113276
73.7458193979933,11.548002035771413
78.1772575250836,11.552383306674422
82.6086956521739,11.556767485822306
87.04013377926421,11.561154573215065
91.47157190635451,11.565544568852697
95.90301003344482,11.569937472735205
100.33444816053512,11.574333284862586
104.76588628762542,11.57873200523484
109.19732441471572,11.58313363385197
113.62876254180603,11.587538170713975
118.06020066889631,11.591945615820853
122.49163879598662,11.596355969172604
126.92307692307692,11.600769230769231
131.3545150501672,11.605185400610731
135.7859531772575,11.609604478697106
140.2173913043478,11.614026465028356
144.64882943143812,11.618451359604478
149.08026755852842,11.622879162425477
153.51170568561872,11.627309873491347
157.94314381270902,11.631743492802094
162.37458193979933,11.636180020357715
166.80602006688963,11.640619456158209
171.23745819397993,11.645061800203576
175.66889632107024,11.64950705249382
180.10033444816054,11.653955213028937
184.53177257525084,11.658406281808928
188.96321070234114,11.662860258833794
193.39464882943145,11.667317144103533
197.82608695652175,11.671776937618148
202.25752508361205,11.676239639377636
206.68896321070233,11.680705249381997
211.12040133779263,11.685173767631234
215.55183946488293,11.689645194125346
219.98327759197323,11.69411952886433
224.41471571906354,11.69859677184819
228.84615384615384,11.703076923076923
233.27759197324414,11.707559982550531
237.70903010033445,11.712045950269014
242.14046822742475,11.716534826232369
246.57190635451505,11.7210266104406
251.00334448160535,11.725521302893704
255.43478260869566,11.730018903591683
259.866220735786,11.734519412534535
264.29765886287623,11.739022829722263
268.7290969899666,11.743529155154864
273.16053511705684,11.74803838883234
277.59197324414714,11.75255053075469
282.02341137123744,11.757065580921914
286.45484949832775,11.761583539334012
290.88628762541805,11.766104405990985
295.31772575250835,11.770628180892832
299.74916387959865,11.775154864039552
304.18060200668896,11.779684455431147
308.61204013377926,11.784216955067617
313.04347826086956,11.78875236294896
317.47491638795987,11.793290679075179
321.90635451505017,11.797831903446271
326.33779264214047,11.802376036062237
330.7692307692308,11.806923076923077
335.2006688963211,11.811473026028791
339.6321070234114,11.81602588337938
344.0635451505017,11.820581648974844
348.494983277592,11.825140322815182
352.9264214046823,11.829701904900393
357.3578595317726,11.834266395230479
361.7892976588629,11.838833793805438
366.2207357859532,11.843404100625273
370.6521739130435,11.847977315689981
375.0836120401338,11.852553438999564
379.5150501672241,11.85713247055402
383.94648829431435,11.861714410353352
388.37792642140465,11.866299258397557
392.80936454849495,11.870887014686637
397.24080267558526,11.875477679220591
401.67224080267556,11.880071251999418
406.10367892976586,11.88466773302312
410.53511705685617,11.889267122291697
414.96655518394647,11.893869419805148
419.39799331103677,11.898474625563473
423.8294314381271,11.903082739566672
428.2608695652174,11.907693761814745
432.6923076923077,11.912307692307692
437.123745819398,11.916924531045515
441.5551839464883,11.921544278028211
445.9866220735786,11.92616693325578
450.4180602006689,11.930792496728225
454.8494983277592,11.935420968445543
459.2809364548495,11.940052348407736
463.7123745819398,11.944686636614803
468.1438127090301,11.949323833066744
472.5752508361204,11.95396393776356
477.0066889632107,11.95860695070525
481.438127090301,11.963252871891813
485.8695652173913,11.967901701323251
490.3010033444816,11.972553438999563
494.7324414715719,11.97720808492075
499.1638795986622,11.981865639086811
503.5953177257525,11.986526101497747
508.0267558528428,11.991189472153556
512.4581939799332,11.99585575105424
516.8896321070234,12.000524938199797
521.3210702341137,12.005197033590228
525.752508361204,12.009872037225534
530.1839464882943,12.014549949105715
534.6153846153845,12.01923076923077
539.0468227424749,12.023914497600698
543.4782608695652,12.028601134215501
547.9096989966555,12.03329067907518
552.3411371237459,12.037983132179729
556.7725752508361,12.042678493529156
561.2040133779265,12.047376763123456
565.6354515050167,12.05207794096263
570.0668896321071,12.056782027046678
574.4983277591973,12.0614890213756
578.9297658862877,12.066198923949397
583.3612040133779,12.070911734768067
587.7926421404683,12.075627453831613
592.2240802675585,12.080346081140032
596.6555183946488,12.085067616693326
601.0869565217391,12.089792060491494
605.5183946488294,12.094519412534536
609.9498327759197,12.099249672822452
614.38127090301,12.103982841355242
618.8127090301003,12.108718918132908
623.2441471571906,12.113457903155446
627.6755852842809,12.118199796422859
632.1070234113712,12.122944597935147
636.5384615384615,12.127692307692309
640.9698996655518,12.132442925694344
645.4013377926422,12.137196451941254
649.8327759197324,12.141952886433039
654.2642140468228,12.146712229169697
658.695652173913,12.15147448015123
663.1270903010034,12.156239639377636
667.5585284280936,12.161007706848917
671.989966555184,12.165778682565072
676.4214046822742,12.170552566526101
680.8528428093646,12.175329358732006
685.2842809364548,12.180109059182783
689.7157190635452,12.184891667878436
694.1471571906354,12.189677184818962
698.5785953177258,12.194465610004363
703.010033444816,12.199256943434637
707.4414715719064,12.204051185109787
711.8729096989966,12.20884833502981
716.304347826087,12.213648393194708
720.7357859531772,12.21845135960448
725.1672240802676,12.223257234259124
729.5986622073578,12.228066017158644
734.0301003344482,12.23287770830304
738.4615384615385,12.237692307692308
742.8929765886287,12.242509815326452
747.3244147157191,12.247330231205467
751.7558528428093,12.25215355532936
756.1872909698997,12.256979787698125
760.6187290969899,12.261808928311764
765.0501672240803,12.266640977170278
769.4816053511705,12.271475934273667
773.9130434782609,12.276313799621928
778.3444816053511,12.281154573215066
782.7759197324415,12.285998255053077
787.2073578595317,12.290844845135961
791.6387959866221,12.29569434346372
796.0702341137123,12.300546750036354
800.5016722408027,12.305402064853862
804.9331103678929,12.310260287916243
809.3645484949833,12.3151214192235
813.7959866220735,12.31998545877563
818.2274247491639,12.324852406572633
822.6588628762541,12.329722262614512
827.0903010033445,12.334595026901265
831.5217391304348,12.339470699432892
835.9531772575251,12.344349280209395
840.3846153846154,12.34923076923077
844.8160535117057,12.354115166497019
849.247491638796,12.359002472008143
853.6789297658863,12.363892685764142
858.1103678929766,12.368785807765015
862.5418060200669,12.37368183801076
866.9732441471572,12.378580776501382
871.4046822742475,12.383482623236876
875.8361204013378,12.388387378217246
880.267558528428,12.39329504144249
884.6989966555184,12.398205612912609
889.1304347826086,12.4031190926276
893.561872909699,12.408035480587467
897.9933110367892,12.412954776792207
902.4247491638796,12.417876981241822
906.8561872909698,12.42280209393631
911.2876254180602,12.427730114875672
915.7190635451504,12.43266104405991
920.1505016722408,12.437594881489021
924.581939799331,12.442531627163007
929.0133779264214,12.447471281081867
933.4448160535117,12.452413843245601
937.876254180602,12.45735931365421
942.3076923076923,12.462307692307693
946.7391304347826,12.467258979206049
951.1705685618729,12.47221317434928
955.6020066889632,12.477170277737386
960.0334448160535,12.482130289370366
964.4648829431438,12.487093209248219
968.8963210702341,12.492059037370947
973.3277591973244,12.49702777373855
977.7591973244147,12.501999418351026
982.190635451505,12.506973971208376
986.6220735785953,12.511951432310601
991.0535117056857,12.5169318016577
995.4849498327759,12.521915079249673
999.9163879598663,12.52690126508652
1004.3478260869565,12.531890359168242
1008.7792642140469,12.536882361494838
1013.2107023411371,12.541877272066309
1017.6421404682274,12.546875090882653
1022.0735785953177,12.551875817943872
1026.505016722408,12.556879453249964
1030.9364548494982,12.561885996800932
1035.3678929765886,12.566895448596773
1039.799331103679,12.571907808637487
1044.230769230769,12.576923076923077
1048.6622073578596,12.581941253453541
1053.0936454849498,12.58696233822888
1057.5250836120401,12.591986331249093
1061.9565217391305,12.597013232514179
1066.3879598662206,12.602043042024139
1070.819397993311,12.607075759778974
1075.2508361204013,12.612111385778682
1079.6822742474917,12.617149920023266
1084.1137123745818,12.622191362512725
1088.5451505016722,12.627235713247057
1092.9765886287626,12.632282972226262
1097.408026755853,12.637333139450343
1101.839464882943,12.642386214919297
1106.2709030100334,12.647442198633126
1110.7023411371238,12.652501090591828
1115.1337792642141,12.657562890795406
1119.5652173913043,12.662627599243857
1123.9966555183946,12.667695215937183
1128.428093645485,12.672765740875382
1132.8595317725753,12.677839174058457
1137.2909698996655,12.682915515486405
1141.7224080267558,12.687994765159226
1146.1538461538462,12.693076923076923
1150.5852842809365,12.698161989239495
1155.0167224080267,12.70324996364694
1159.448160535117,12.70834084629926
1163.8795986622074,12.713434637196453
1168.3110367892975,12.71853133633852
1172.742474916388,12.723630943725462
1177.1739130434783,12.72873345935728
1181.6053511705686,12.733838883233968
1186.0367892976587,12.738947215355534
1190.468227424749,12.744058455721973
1194.8996655518395,12.749172604333285
1199.3311036789298,12.754289661189473
1203.76254180602,12.759409626290534
1208.1939799331103,12.76453249963647
1212.6254180602007,12.76965828122728
1217.056856187291,12.774786971062964
1221.4882943143812,12.779918569143522
1225.9197324414715,12.785053075468955
1230.3511705685619,12.790190490039262
1234.7826086956522,12.795330812854443
1239.2140468227424,12.800474043914498
1243.6454849498327,12.805620183219428
1248.076923076923,12.810769230769232
1252.5083612040135,12.815921186563909
1256.9397993311036,12.821076050603462
1261.371237458194,12.826233822887888
1265.8026755852843,12.831394503417188
1270.2341137123747,12.836558092191364
1274.6655518394648,12.841724589210411
1279.0969899665552,12.846893994474335
1283.5284280936455,12.852066307983133
1287.9598662207359,12.857241529736804
1292.391304347826,12.86241965973535
1296.8227424749164,12.867600697978771
1301.2541806020067,12.872784644467066
1305.6856187290969,12.877971499200234
1310.1170568561872,12.883161262178277
1314.5484949832776,12.888353933401193
1318.979933110368,12.893549512868985
1323.411371237458,12.89874800058165
1327.8428093645484,12.90394939653919
1332.2742474916388,12.909153700741603
1336.7056856187291,12.914360913188892
1341.1371237458193,12.919571033881054
1345.5685618729096,12.924784062818091
1350.0,12.930000000000001
