Temperature_C,nu_YSZ,nu_GDC,nu_LSCF,Source_YSZ,Source_GDC,Source_LSCF
25,0.31,0.32,0.29,Selcuk_Atkinson_1997,Wang_SSI_2015,Zhao_JACS_2011
100,0.311,0.321,0.291,Selcuk_Atkinson_1997,Wang_SSI_2015,Zhao_JACS_2011
200,0.312,0.322,0.293,Selcuk_Atkinson_1997,Wang_SSI_2015,Zhao_JACS_2011
300,0.314,0.323,0.295,Selcuk_Atkinson_1997,Wang_SSI_2015,Zhao_JACS_2011
400,0.315,0.325,0.297,Selcuk_Atkinson_1997,Wang_SSI_2015,Zhao_JACS_2011
500,0.317,0.326,0.299,Selcuk_Atkinson_1997,Wang_SSI_2015,Zhao_JACS_2011
600,0.319,0.328,0.301,Selcuk_Atkinson_1997,Wang_SSI_2015,Zhao_JACS_2011
700,0.32,0.33,0.303,Selcuk_Atkinson_1997,Wang_SSI_2015,Zhao_JACS_2011
800,0.322,0.332,0.305,Selcuk_Atkinson_1997,Wang_SSI_2015,Zhao_JACS_2011
