time_ps,position_nm,velocity_nm_ps,temperature_K,tau_GPa,solute_at_pct,material,character,run_id
0.0,0.072943,0.729429,500,0.4,0.5,Al,edge,dl_Al_edge_500K_0.5at_0.40GPa_2c59f335_224
0.1,0.144853,0.719097,500,0.4,0.5,Al,edge,dl_Al_edge_500K_0.5at_0.40GPa_2c59f335_224
0.2,0.217765,0.729122,500,0.4,0.5,Al,edge,dl_Al_edge_500K_0.5at_0.40GPa_2c59f335_224
0.3,0.283751,0.659862,500,0.4,0.5,Al,edge,dl_Al_edge_500K_0.5at_0.40GPa_2c59f335_224
0.4,0.355534,0.717828,500,0.4,0.5,Al,edge,dl_Al_edge_500K_0.5at_0.40GPa_2c59f335_224
0.5,0.423341,0.678074,500,0.4,0.5,Al,edge,dl_Al_edge_500K_0.5at_0.40GPa_2c59f335_224
0.6,0.501574,0.782328,500,0.4,0.5,Al,edge,dl_Al_edge_500K_0.5at_0.40GPa_2c59f335_224
0.7,0.573529,0.719551,500,0.4,0.5,Al,edge,dl_Al_edge_500K_0.5at_0.40GPa_2c59f335_224
0.8,0.645285,0.717561,500,0.4,0.5,Al,edge,dl_Al_edge_500K_0.5at_0.40GPa_2c59f335_224
0.9,0.71136,0.660747,500,0.4,0.5,Al,edge,dl_Al_edge_500K_0.5at_0.40GPa_2c59f335_224
1.0,0.781675,0.703149,500,0.4,0.5,Al,edge,dl_Al_edge_500K_0.5at_0.40GPa_2c59f335_224
1.1,0.851053,0.693779,500,0.4,0.5,Al,edge,dl_Al_edge_500K_0.5at_0.40GPa_2c59f335_224
1.2,0.921844,0.70791,500,0.4,0.5,Al,edge,dl_Al_edge_500K_0.5at_0.40GPa_2c59f335_224
1.3,0.996187,0.743438,500,0.4,0.5,Al,edge,dl_Al_edge_500K_0.5at_0.40GPa_2c59f335_224
1.4,1.06096,0.64773,500,0.4,0.5,Al,edge,dl_Al_edge_500K_0.5at_0.40GPa_2c59f335_224
1.5,1.129795,0.688342,500,0.4,0.5,Al,edge,dl_Al_edge_500K_0.5at_0.40GPa_2c59f335_224
1.6,1.19879,0.689952,500,0.4,0.5,Al,edge,dl_Al_edge_500K_0.5at_0.40GPa_2c59f335_224
1.7,1.26635,0.675604,500,0.4,0.5,Al,edge,dl_Al_edge_500K_0.5at_0.40GPa_2c59f335_224
1.8,1.337302,0.709514,500,0.4,0.5,Al,edge,dl_Al_edge_500K_0.5at_0.40GPa_2c59f335_224
1.9,1.40788,0.705785,500,0.4,0.5,Al,edge,dl_Al_edge_500K_0.5at_0.40GPa_2c59f335_224
2.0,1.483167,0.752866,500,0.4,0.5,Al,edge,dl_Al_edge_500K_0.5at_0.40GPa_2c59f335_224
2.1,1.555916,0.72749,500,0.4,0.5,Al,edge,dl_Al_edge_500K_0.5at_0.40GPa_2c59f335_224
2.2,1.63321,0.772938,500,0.4,0.5,Al,edge,dl_Al_edge_500K_0.5at_0.40GPa_2c59f335_224
2.3,1.707521,0.743112,500,0.4,0.5,Al,edge,dl_Al_edge_500K_0.5at_0.40GPa_2c59f335_224
2.4,1.778996,0.714751,500,0.4,0.5,Al,edge,dl_Al_edge_500K_0.5at_0.40GPa_2c59f335_224
2.5,1.848809,0.698132,500,0.4,0.5,Al,edge,dl_Al_edge_500K_0.5at_0.40GPa_2c59f335_224
2.6,1.918433,0.69624,500,0.4,0.5,Al,edge,dl_Al_edge_500K_0.5at_0.40GPa_2c59f335_224
2.7,1.989437,0.710038,500,0.4,0.5,Al,edge,dl_Al_edge_500K_0.5at_0.40GPa_2c59f335_224
2.8,2.063421,0.739844,500,0.4,0.5,Al,edge,dl_Al_edge_500K_0.5at_0.40GPa_2c59f335_224
2.9,2.132149,0.687274,500,0.4,0.5,Al,edge,dl_Al_edge_500K_0.5at_0.40GPa_2c59f335_224
3.0,2.204118,0.719696,500,0.4,0.5,Al,edge,dl_Al_edge_500K_0.5at_0.40GPa_2c59f335_224
3.1,2.278392,0.742738,500,0.4,0.5,Al,edge,dl_Al_edge_500K_0.5at_0.40GPa_2c59f335_224
3.2,2.351754,0.733624,500,0.4,0.5,Al,edge,dl_Al_edge_500K_0.5at_0.40GPa_2c59f335_224
3.3,2.426009,0.74255,500,0.4,0.5,Al,edge,dl_Al_edge_500K_0.5at_0.40GPa_2c59f335_224
3.4,2.48862,0.626104,500,0.4,0.5,Al,edge,dl_Al_edge_500K_0.5at_0.40GPa_2c59f335_224
3.5,2.558273,0.696532,500,0.4,0.5,Al,edge,dl_Al_edge_500K_0.5at_0.40GPa_2c59f335_224
3.6,2.629657,0.713837,500,0.4,0.5,Al,edge,dl_Al_edge_500K_0.5at_0.40GPa_2c59f335_224
3.7,2.69958,0.69923,500,0.4,0.5,Al,edge,dl_Al_edge_500K_0.5at_0.40GPa_2c59f335_224
3.8,2.772926,0.733459,500,0.4,0.5,Al,edge,dl_Al_edge_500K_0.5at_0.40GPa_2c59f335_224
3.9,2.843769,0.708433,500,0.4,0.5,Al,edge,dl_Al_edge_500K_0.5at_0.40GPa_2c59f335_224
4.0,2.91475,0.709815,500,0.4,0.5,Al,edge,dl_Al_edge_500K_0.5at_0.40GPa_2c59f335_224
4.1,2.987952,0.732019,500,0.4,0.5,Al,edge,dl_Al_edge_500K_0.5at_0.40GPa_2c59f335_224
4.2,3.059042,0.710894,500,0.4,0.5,Al,edge,dl_Al_edge_500K_0.5at_0.40GPa_2c59f335_224
4.3,3.130086,0.710444,500,0.4,0.5,Al,edge,dl_Al_edge_500K_0.5at_0.40GPa_2c59f335_224
4.4,3.20142,0.713343,500,0.4,0.5,Al,edge,dl_Al_edge_500K_0.5at_0.40GPa_2c59f335_224
4.5,3.276205,0.747844,500,0.4,0.5,Al,edge,dl_Al_edge_500K_0.5at_0.40GPa_2c59f335_224
4.6,3.344548,0.68343,500,0.4,0.5,Al,edge,dl_Al_edge_500K_0.5at_0.40GPa_2c59f335_224
4.7,3.41977,0.752227,500,0.4,0.5,Al,edge,dl_Al_edge_500K_0.5at_0.40GPa_2c59f335_224
4.8,3.492166,0.723952,500,0.4,0.5,Al,edge,dl_Al_edge_500K_0.5at_0.40GPa_2c59f335_224
4.9,3.561759,0.695933,500,0.4,0.5,Al,edge,dl_Al_edge_500K_0.5at_0.40GPa_2c59f335_224
5.0,3.63313,0.713714,500,0.4,0.5,Al,edge,dl_Al_edge_500K_0.5at_0.40GPa_2c59f335_224
5.1,3.700488,0.673577,500,0.4,0.5,Al,edge,dl_Al_edge_500K_0.5at_0.40GPa_2c59f335_224
5.2,3.770408,0.699196,500,0.4,0.5,Al,edge,dl_Al_edge_500K_0.5at_0.40GPa_2c59f335_224
5.3,3.836318,0.659103,500,0.4,0.5,Al,edge,dl_Al_edge_500K_0.5at_0.40GPa_2c59f335_224
5.4,3.909673,0.733551,500,0.4,0.5,Al,edge,dl_Al_edge_500K_0.5at_0.40GPa_2c59f335_224
5.5,3.979591,0.699178,500,0.4,0.5,Al,edge,dl_Al_edge_500K_0.5at_0.40GPa_2c59f335_224
5.6,4.052625,0.730342,500,0.4,0.5,Al,edge,dl_Al_edge_500K_0.5at_0.40GPa_2c59f335_224
5.7,4.124287,0.716618,500,0.4,0.5,Al,edge,dl_Al_edge_500K_0.5at_0.40GPa_2c59f335_224
5.8,4.195822,0.715353,500,0.4,0.5,Al,edge,dl_Al_edge_500K_0.5at_0.40GPa_2c59f335_224
5.9,4.269318,0.734962,500,0.4,0.5,Al,edge,dl_Al_edge_500K_0.5at_0.40GPa_2c59f335_224
6.0,4.342975,0.736562,500,0.4,0.5,Al,edge,dl_Al_edge_500K_0.5at_0.40GPa_2c59f335_224
6.1,4.412987,0.700125,500,0.4,0.5,Al,edge,dl_Al_edge_500K_0.5at_0.40GPa_2c59f335_224
6.2,4.487759,0.747721,500,0.4,0.5,Al,edge,dl_Al_edge_500K_0.5at_0.40GPa_2c59f335_224
6.3,4.557334,0.695745,500,0.4,0.5,Al,edge,dl_Al_edge_500K_0.5at_0.40GPa_2c59f335_224
6.4,4.630303,0.729697,500,0.4,0.5,Al,edge,dl_Al_edge_500K_0.5at_0.40GPa_2c59f335_224
6.5,4.703334,0.730303,500,0.4,0.5,Al,edge,dl_Al_edge_500K_0.5at_0.40GPa_2c59f335_224
6.6,4.777337,0.740038,500,0.4,0.5,Al,edge,dl_Al_edge_500K_0.5at_0.40GPa_2c59f335_224
6.7,4.851713,0.743755,500,0.4,0.5,Al,edge,dl_Al_edge_500K_0.5at_0.40GPa_2c59f335_224
6.8,4.921433,0.697196,500,0.4,0.5,Al,edge,dl_Al_edge_500K_0.5at_0.40GPa_2c59f335_224
6.9,4.989824,0.683917,500,0.4,0.5,Al,edge,dl_Al_edge_500K_0.5at_0.40GPa_2c59f335_224
7.0,5.056746,0.669217,500,0.4,0.5,Al,edge,dl_Al_edge_500K_0.5at_0.40GPa_2c59f335_224
7.1,5.129716,0.729698,500,0.4,0.5,Al,edge,dl_Al_edge_500K_0.5at_0.40GPa_2c59f335_224
7.2,5.201852,0.72136,500,0.4,0.5,Al,edge,dl_Al_edge_500K_0.5at_0.40GPa_2c59f335_224
7.3,5.266439,0.645876,500,0.4,0.5,Al,edge,dl_Al_edge_500K_0.5at_0.40GPa_2c59f335_224
7.4,5.332838,0.663988,500,0.4,0.5,Al,edge,dl_Al_edge_500K_0.5at_0.40GPa_2c59f335_224
7.5,5.405664,0.72826,500,0.4,0.5,Al,edge,dl_Al_edge_500K_0.5at_0.40GPa_2c59f335_224
7.6,5.474899,0.692354,500,0.4,0.5,Al,edge,dl_Al_edge_500K_0.5at_0.40GPa_2c59f335_224
7.7,5.549484,0.745849,500,0.4,0.5,Al,edge,dl_Al_edge_500K_0.5at_0.40GPa_2c59f335_224
7.8,5.618437,0.689524,500,0.4,0.5,Al,edge,dl_Al_edge_500K_0.5at_0.40GPa_2c59f335_224
7.9,5.686907,0.684701,500,0.4,0.5,Al,edge,dl_Al_edge_500K_0.5at_0.40GPa_2c59f335_224
8.0,5.760449,0.735423,500,0.4,0.5,Al,edge,dl_Al_edge_500K_0.5at_0.40GPa_2c59f335_224
8.1,5.83335,0.729005,500,0.4,0.5,Al,edge,dl_Al_edge_500K_0.5at_0.40GPa_2c59f335_224
8.2,5.90599,0.726404,500,0.4,0.5,Al,edge,dl_Al_edge_500K_0.5at_0.40GPa_2c59f335_224
8.3,5.972141,0.661513,500,0.4,0.5,Al,edge,dl_Al_edge_500K_0.5at_0.40GPa_2c59f335_224
8.4,6.043685,0.715437,500,0.4,0.5,Al,edge,dl_Al_edge_500K_0.5at_0.40GPa_2c59f335_224
8.5,6.116326,0.726408,500,0.4,0.5,Al,edge,dl_Al_edge_500K_0.5at_0.40GPa_2c59f335_224
8.6,6.190075,0.737486,500,0.4,0.5,Al,edge,dl_Al_edge_500K_0.5at_0.40GPa_2c59f335_224
8.7,6.263951,0.738767,500,0.4,0.5,Al,edge,dl_Al_edge_500K_0.5at_0.40GPa_2c59f335_224
8.8,6.333645,0.696939,500,0.4,0.5,Al,edge,dl_Al_edge_500K_0.5at_0.40GPa_2c59f335_224
8.9,6.399673,0.660282,500,0.4,0.5,Al,edge,dl_Al_edge_500K_0.5at_0.40GPa_2c59f335_224
9.0,6.469519,0.698459,500,0.4,0.5,Al,edge,dl_Al_edge_500K_0.5at_0.40GPa_2c59f335_224
9.1,6.540883,0.71364,500,0.4,0.5,Al,edge,dl_Al_edge_500K_0.5at_0.40GPa_2c59f335_224
9.2,6.61391,0.730268,500,0.4,0.5,Al,edge,dl_Al_edge_500K_0.5at_0.40GPa_2c59f335_224
9.3,6.685513,0.716024,500,0.4,0.5,Al,edge,dl_Al_edge_500K_0.5at_0.40GPa_2c59f335_224
9.4,6.755118,0.696052,500,0.4,0.5,Al,edge,dl_Al_edge_500K_0.5at_0.40GPa_2c59f335_224
9.5,6.827116,0.719984,500,0.4,0.5,Al,edge,dl_Al_edge_500K_0.5at_0.40GPa_2c59f335_224
9.6,6.900751,0.73635,500,0.4,0.5,Al,edge,dl_Al_edge_500K_0.5at_0.40GPa_2c59f335_224
9.7,6.970493,0.697422,500,0.4,0.5,Al,edge,dl_Al_edge_500K_0.5at_0.40GPa_2c59f335_224
9.8,7.042489,0.719954,500,0.4,0.5,Al,edge,dl_Al_edge_500K_0.5at_0.40GPa_2c59f335_224
9.9,7.115489,0.730003,500,0.4,0.5,Al,edge,dl_Al_edge_500K_0.5at_0.40GPa_2c59f335_224
10.0,7.185807,0.703177,500,0.4,0.5,Al,edge,dl_Al_edge_500K_0.5at_0.40GPa_2c59f335_224
10.1,7.257034,0.712269,500,0.4,0.5,Al,edge,dl_Al_edge_500K_0.5at_0.40GPa_2c59f335_224
10.2,7.32495,0.679164,500,0.4,0.5,Al,edge,dl_Al_edge_500K_0.5at_0.40GPa_2c59f335_224
10.3,7.395273,0.703232,500,0.4,0.5,Al,edge,dl_Al_edge_500K_0.5at_0.40GPa_2c59f335_224
10.4,7.462064,0.667909,500,0.4,0.5,Al,edge,dl_Al_edge_500K_0.5at_0.40GPa_2c59f335_224
10.5,7.538938,0.76874,500,0.4,0.5,Al,edge,dl_Al_edge_500K_0.5at_0.40GPa_2c59f335_224
10.6,7.610994,0.720561,500,0.4,0.5,Al,edge,dl_Al_edge_500K_0.5at_0.40GPa_2c59f335_224
10.7,7.671849,0.60855,500,0.4,0.5,Al,edge,dl_Al_edge_500K_0.5at_0.40GPa_2c59f335_224
10.8,7.745225,0.733757,500,0.4,0.5,Al,edge,dl_Al_edge_500K_0.5at_0.40GPa_2c59f335_224
10.9,7.815098,0.698729,500,0.4,0.5,Al,edge,dl_Al_edge_500K_0.5at_0.40GPa_2c59f335_224
11.0,7.885354,0.702555,500,0.4,0.5,Al,edge,dl_Al_edge_500K_0.5at_0.40GPa_2c59f335_224
11.1,7.956623,0.712691,500,0.4,0.5,Al,edge,dl_Al_edge_500K_0.5at_0.40GPa_2c59f335_224
11.2,8.024265,0.676424,500,0.4,0.5,Al,edge,dl_Al_edge_500K_0.5at_0.40GPa_2c59f335_224
11.3,8.097216,0.729508,500,0.4,0.5,Al,edge,dl_Al_edge_500K_0.5at_0.40GPa_2c59f335_224
11.4,8.171788,0.745721,500,0.4,0.5,Al,edge,dl_Al_edge_500K_0.5at_0.40GPa_2c59f335_224
11.5,8.243275,0.714874,500,0.4,0.5,Al,edge,dl_Al_edge_500K_0.5at_0.40GPa_2c59f335_224
11.6,8.314926,0.716508,500,0.4,0.5,Al,edge,dl_Al_edge_500K_0.5at_0.40GPa_2c59f335_224
11.7,8.385608,0.706818,500,0.4,0.5,Al,edge,dl_Al_edge_500K_0.5at_0.40GPa_2c59f335_224
11.8,8.452675,0.670668,500,0.4,0.5,Al,edge,dl_Al_edge_500K_0.5at_0.40GPa_2c59f335_224
11.9,8.524729,0.720542,500,0.4,0.5,Al,edge,dl_Al_edge_500K_0.5at_0.40GPa_2c59f335_224
12.0,8.593981,0.692518,500,0.4,0.5,Al,edge,dl_Al_edge_500K_0.5at_0.40GPa_2c59f335_224
12.1,8.660875,0.668943,500,0.4,0.5,Al,edge,dl_Al_edge_500K_0.5at_0.40GPa_2c59f335_224
12.2,8.731353,0.704775,500,0.4,0.5,Al,edge,dl_Al_edge_500K_0.5at_0.40GPa_2c59f335_224
12.3,8.805466,0.741132,500,0.4,0.5,Al,edge,dl_Al_edge_500K_0.5at_0.40GPa_2c59f335_224
12.4,8.880802,0.75336,500,0.4,0.5,Al,edge,dl_Al_edge_500K_0.5at_0.40GPa_2c59f335_224
12.5,8.955681,0.748794,500,0.4,0.5,Al,edge,dl_Al_edge_500K_0.5at_0.40GPa_2c59f335_224
12.6,9.028206,0.725251,500,0.4,0.5,Al,edge,dl_Al_edge_500K_0.5at_0.40GPa_2c59f335_224
12.7,9.100968,0.727613,500,0.4,0.5,Al,edge,dl_Al_edge_500K_0.5at_0.40GPa_2c59f335_224
12.8,9.170732,0.697647,500,0.4,0.5,Al,edge,dl_Al_edge_500K_0.5at_0.40GPa_2c59f335_224
12.9,9.23676,0.660275,500,0.4,0.5,Al,edge,dl_Al_edge_500K_0.5at_0.40GPa_2c59f335_224
13.0,9.303221,0.664617,500,0.4,0.5,Al,edge,dl_Al_edge_500K_0.5at_0.40GPa_2c59f335_224
13.1,9.374485,0.712632,500,0.4,0.5,Al,edge,dl_Al_edge_500K_0.5at_0.40GPa_2c59f335_224
13.2,9.445297,0.708126,500,0.4,0.5,Al,edge,dl_Al_edge_500K_0.5at_0.40GPa_2c59f335_224
13.3,9.515082,0.697842,500,0.4,0.5,Al,edge,dl_Al_edge_500K_0.5at_0.40GPa_2c59f335_224
13.4,9.581181,0.660992,500,0.4,0.5,Al,edge,dl_Al_edge_500K_0.5at_0.40GPa_2c59f335_224
13.5,9.656798,0.756173,500,0.4,0.5,Al,edge,dl_Al_edge_500K_0.5at_0.40GPa_2c59f335_224
13.6,9.726833,0.70035,500,0.4,0.5,Al,edge,dl_Al_edge_500K_0.5at_0.40GPa_2c59f335_224
13.7,9.793282,0.664494,500,0.4,0.5,Al,edge,dl_Al_edge_500K_0.5at_0.40GPa_2c59f335_224
13.8,9.871683,0.784008,500,0.4,0.5,Al,edge,dl_Al_edge_500K_0.5at_0.40GPa_2c59f335_224
13.9,9.944686,0.730028,500,0.4,0.5,Al,edge,dl_Al_edge_500K_0.5at_0.40GPa_2c59f335_224
14.0,10.014225,0.695392,500,0.4,0.5,Al,edge,dl_Al_edge_500K_0.5at_0.40GPa_2c59f335_224
14.1,10.086761,0.725354,500,0.4,0.5,Al,edge,dl_Al_edge_500K_0.5at_0.40GPa_2c59f335_224
14.2,10.158124,0.713636,500,0.4,0.5,Al,edge,dl_Al_edge_500K_0.5at_0.40GPa_2c59f335_224
14.3,10.226231,0.68107,500,0.4,0.5,Al,edge,dl_Al_edge_500K_0.5at_0.40GPa_2c59f335_224
14.4,10.300266,0.740353,500,0.4,0.5,Al,edge,dl_Al_edge_500K_0.5at_0.40GPa_2c59f335_224
14.5,10.376931,0.766642,500,0.4,0.5,Al,edge,dl_Al_edge_500K_0.5at_0.40GPa_2c59f335_224
14.6,10.450322,0.733914,500,0.4,0.5,Al,edge,dl_Al_edge_500K_0.5at_0.40GPa_2c59f335_224
14.7,10.522278,0.719562,500,0.4,0.5,Al,edge,dl_Al_edge_500K_0.5at_0.40GPa_2c59f335_224
14.8,10.589586,0.673074,500,0.4,0.5,Al,edge,dl_Al_edge_500K_0.5at_0.40GPa_2c59f335_224
14.9,10.661243,0.716579,500,0.4,0.5,Al,edge,dl_Al_edge_500K_0.5at_0.40GPa_2c59f335_224
15.0,10.727912,0.666684,500,0.4,0.5,Al,edge,dl_Al_edge_500K_0.5at_0.40GPa_2c59f335_224
15.1,10.795568,0.676559,500,0.4,0.5,Al,edge,dl_Al_edge_500K_0.5at_0.40GPa_2c59f335_224
15.2,10.869838,0.742706,500,0.4,0.5,Al,edge,dl_Al_edge_500K_0.5at_0.40GPa_2c59f335_224
15.3,10.94229,0.724517,500,0.4,0.5,Al,edge,dl_Al_edge_500K_0.5at_0.40GPa_2c59f335_224
15.4,11.006593,0.643027,500,0.4,0.5,Al,edge,dl_Al_edge_500K_0.5at_0.40GPa_2c59f335_224
15.5,11.076651,0.700584,500,0.4,0.5,Al,edge,dl_Al_edge_500K_0.5at_0.40GPa_2c59f335_224
15.6,11.147702,0.710507,500,0.4,0.5,Al,edge,dl_Al_edge_500K_0.5at_0.40GPa_2c59f335_224
15.7,11.219197,0.714951,500,0.4,0.5,Al,edge,dl_Al_edge_500K_0.5at_0.40GPa_2c59f335_224
15.8,11.292745,0.735483,500,0.4,0.5,Al,edge,dl_Al_edge_500K_0.5at_0.40GPa_2c59f335_224
15.9,11.354509,0.617636,500,0.4,0.5,Al,edge,dl_Al_edge_500K_0.5at_0.40GPa_2c59f335_224
16.0,11.426487,0.719782,500,0.4,0.5,Al,edge,dl_Al_edge_500K_0.5at_0.40GPa_2c59f335_224
16.1,11.494706,0.682192,500,0.4,0.5,Al,edge,dl_Al_edge_500K_0.5at_0.40GPa_2c59f335_224
16.2,11.567537,0.728302,500,0.4,0.5,Al,edge,dl_Al_edge_500K_0.5at_0.40GPa_2c59f335_224
16.3,11.637792,0.702551,500,0.4,0.5,Al,edge,dl_Al_edge_500K_0.5at_0.40GPa_2c59f335_224
16.4,11.709072,0.712804,500,0.4,0.5,Al,edge,dl_Al_edge_500K_0.5at_0.40GPa_2c59f335_224
16.5,11.780025,0.709532,500,0.4,0.5,Al,edge,dl_Al_edge_500K_0.5at_0.40GPa_2c59f335_224
16.6,11.852924,0.728987,500,0.4,0.5,Al,edge,dl_Al_edge_500K_0.5at_0.40GPa_2c59f335_224
16.7,11.922335,0.694109,500,0.4,0.5,Al,edge,dl_Al_edge_500K_0.5at_0.40GPa_2c59f335_224
16.8,11.995167,0.728326,500,0.4,0.5,Al,edge,dl_Al_edge_500K_0.5at_0.40GPa_2c59f335_224
16.9,12.069355,0.741878,500,0.4,0.5,Al,edge,dl_Al_edge_500K_0.5at_0.40GPa_2c59f335_224
17.0,12.140957,0.716019,500,0.4,0.5,Al,edge,dl_Al_edge_500K_0.5at_0.40GPa_2c59f335_224
17.1,12.211966,0.710093,500,0.4,0.5,Al,edge,dl_Al_edge_500K_0.5at_0.40GPa_2c59f335_224
17.2,12.276322,0.643553,500,0.4,0.5,Al,edge,dl_Al_edge_500K_0.5at_0.40GPa_2c59f335_224
17.3,12.350684,0.743619,500,0.4,0.5,Al,edge,dl_Al_edge_500K_0.5at_0.40GPa_2c59f335_224
17.4,12.421694,0.710102,500,0.4,0.5,Al,edge,dl_Al_edge_500K_0.5at_0.40GPa_2c59f335_224
17.5,12.486473,0.647795,500,0.4,0.5,Al,edge,dl_Al_edge_500K_0.5at_0.40GPa_2c59f335_224
17.6,12.554009,0.67536,500,0.4,0.5,Al,edge,dl_Al_edge_500K_0.5at_0.40GPa_2c59f335_224
17.7,12.623298,0.69289,500,0.4,0.5,Al,edge,dl_Al_edge_500K_0.5at_0.40GPa_2c59f335_224
17.8,12.697044,0.737461,500,0.4,0.5,Al,edge,dl_Al_edge_500K_0.5at_0.40GPa_2c59f335_224
17.9,12.770063,0.730184,500,0.4,0.5,Al,edge,dl_Al_edge_500K_0.5at_0.40GPa_2c59f335_224
18.0,12.839682,0.696195,500,0.4,0.5,Al,edge,dl_Al_edge_500K_0.5at_0.40GPa_2c59f335_224
18.1,12.905471,0.657889,500,0.4,0.5,Al,edge,dl_Al_edge_500K_0.5at_0.40GPa_2c59f335_224
18.2,12.969239,0.637679,500,0.4,0.5,Al,edge,dl_Al_edge_500K_0.5at_0.40GPa_2c59f335_224
18.3,13.039415,0.701759,500,0.4,0.5,Al,edge,dl_Al_edge_500K_0.5at_0.40GPa_2c59f335_224
18.4,13.110528,0.711135,500,0.4,0.5,Al,edge,dl_Al_edge_500K_0.5at_0.40GPa_2c59f335_224
18.5,13.179003,0.684747,500,0.4,0.5,Al,edge,dl_Al_edge_500K_0.5at_0.40GPa_2c59f335_224
18.6,13.245639,0.666362,500,0.4,0.5,Al,edge,dl_Al_edge_500K_0.5at_0.40GPa_2c59f335_224
18.7,13.318206,0.725665,500,0.4,0.5,Al,edge,dl_Al_edge_500K_0.5at_0.40GPa_2c59f335_224
18.8,13.388195,0.69989,500,0.4,0.5,Al,edge,dl_Al_edge_500K_0.5at_0.40GPa_2c59f335_224
18.9,13.457172,0.689768,500,0.4,0.5,Al,edge,dl_Al_edge_500K_0.5at_0.40GPa_2c59f335_224
19.0,13.52654,0.693684,500,0.4,0.5,Al,edge,dl_Al_edge_500K_0.5at_0.40GPa_2c59f335_224
19.1,13.605776,0.792358,500,0.4,0.5,Al,edge,dl_Al_edge_500K_0.5at_0.40GPa_2c59f335_224
19.2,13.675274,0.694981,500,0.4,0.5,Al,edge,dl_Al_edge_500K_0.5at_0.40GPa_2c59f335_224
19.3,13.746396,0.71122,500,0.4,0.5,Al,edge,dl_Al_edge_500K_0.5at_0.40GPa_2c59f335_224
19.4,13.81643,0.700341,500,0.4,0.5,Al,edge,dl_Al_edge_500K_0.5at_0.40GPa_2c59f335_224
19.5,13.884099,0.676691,500,0.4,0.5,Al,edge,dl_Al_edge_500K_0.5at_0.40GPa_2c59f335_224
19.6,13.952558,0.684585,500,0.4,0.5,Al,edge,dl_Al_edge_500K_0.5at_0.40GPa_2c59f335_224
19.7,14.022505,0.699469,500,0.4,0.5,Al,edge,dl_Al_edge_500K_0.5at_0.40GPa_2c59f335_224
19.8,14.094855,0.723504,500,0.4,0.5,Al,edge,dl_Al_edge_500K_0.5at_0.40GPa_2c59f335_224
19.9,14.166562,0.717073,500,0.4,0.5,Al,edge,dl_Al_edge_500K_0.5at_0.40GPa_2c59f335_224
20.0,14.238782,0.722202,500,0.4,0.5,Al,edge,dl_Al_edge_500K_0.5at_0.40GPa_2c59f335_224
20.1,14.318093,0.793107,500,0.4,0.5,Al,edge,dl_Al_edge_500K_0.5at_0.40GPa_2c59f335_224
20.2,14.390035,0.719424,500,0.4,0.5,Al,edge,dl_Al_edge_500K_0.5at_0.40GPa_2c59f335_224
20.3,14.45881,0.687746,500,0.4,0.5,Al,edge,dl_Al_edge_500K_0.5at_0.40GPa_2c59f335_224
20.4,14.530267,0.714566,500,0.4,0.5,Al,edge,dl_Al_edge_500K_0.5at_0.40GPa_2c59f335_224
20.5,14.59833,0.680632,500,0.4,0.5,Al,edge,dl_Al_edge_500K_0.5at_0.40GPa_2c59f335_224
20.6,14.663749,0.654195,500,0.4,0.5,Al,edge,dl_Al_edge_500K_0.5at_0.40GPa_2c59f335_224
20.7,14.738697,0.749473,500,0.4,0.5,Al,edge,dl_Al_edge_500K_0.5at_0.40GPa_2c59f335_224
20.8,14.804475,0.657788,500,0.4,0.5,Al,edge,dl_Al_edge_500K_0.5at_0.40GPa_2c59f335_224
20.9,14.877704,0.732285,500,0.4,0.5,Al,edge,dl_Al_edge_500K_0.5at_0.40GPa_2c59f335_224
21.0,14.947932,0.702279,500,0.4,0.5,Al,edge,dl_Al_edge_500K_0.5at_0.40GPa_2c59f335_224
21.1,15.0211,0.731678,500,0.4,0.5,Al,edge,dl_Al_edge_500K_0.5at_0.40GPa_2c59f335_224
21.2,15.092133,0.710335,500,0.4,0.5,Al,edge,dl_Al_edge_500K_0.5at_0.40GPa_2c59f335_224
21.3,15.163515,0.713819,500,0.4,0.5,Al,edge,dl_Al_edge_500K_0.5at_0.40GPa_2c59f335_224
21.4,15.235425,0.7191,500,0.4,0.5,Al,edge,dl_Al_edge_500K_0.5at_0.40GPa_2c59f335_224
21.5,15.303081,0.676563,500,0.4,0.5,Al,edge,dl_Al_edge_500K_0.5at_0.40GPa_2c59f335_224
21.6,15.373604,0.705229,500,0.4,0.5,Al,edge,dl_Al_edge_500K_0.5at_0.40GPa_2c59f335_224
21.7,15.442109,0.685047,500,0.4,0.5,Al,edge,dl_Al_edge_500K_0.5at_0.40GPa_2c59f335_224
21.8,15.516662,0.745535,500,0.4,0.5,Al,edge,dl_Al_edge_500K_0.5at_0.40GPa_2c59f335_224
21.9,15.591515,0.74853,500,0.4,0.5,Al,edge,dl_Al_edge_500K_0.5at_0.40GPa_2c59f335_224
22.0,15.665471,0.739552,500,0.4,0.5,Al,edge,dl_Al_edge_500K_0.5at_0.40GPa_2c59f335_224
22.1,15.739124,0.736534,500,0.4,0.5,Al,edge,dl_Al_edge_500K_0.5at_0.40GPa_2c59f335_224
22.2,15.803598,0.644742,500,0.4,0.5,Al,edge,dl_Al_edge_500K_0.5at_0.40GPa_2c59f335_224
22.3,15.873004,0.69406,500,0.4,0.5,Al,edge,dl_Al_edge_500K_0.5at_0.40GPa_2c59f335_224
22.4,15.941468,0.684633,500,0.4,0.5,Al,edge,dl_Al_edge_500K_0.5at_0.40GPa_2c59f335_224
22.5,16.00665,0.651823,500,0.4,0.5,Al,edge,dl_Al_edge_500K_0.5at_0.40GPa_2c59f335_224
22.6,16.073576,0.669263,500,0.4,0.5,Al,edge,dl_Al_edge_500K_0.5at_0.40GPa_2c59f335_224
22.7,16.142395,0.688183,500,0.4,0.5,Al,edge,dl_Al_edge_500K_0.5at_0.40GPa_2c59f335_224
22.8,16.210317,0.679228,500,0.4,0.5,Al,edge,dl_Al_edge_500K_0.5at_0.40GPa_2c59f335_224
22.9,16.283192,0.728742,500,0.4,0.5,Al,edge,dl_Al_edge_500K_0.5at_0.40GPa_2c59f335_224
23.0,16.357488,0.74296,500,0.4,0.5,Al,edge,dl_Al_edge_500K_0.5at_0.40GPa_2c59f335_224
23.1,16.426871,0.693833,500,0.4,0.5,Al,edge,dl_Al_edge_500K_0.5at_0.40GPa_2c59f335_224
23.2,16.49802,0.711493,500,0.4,0.5,Al,edge,dl_Al_edge_500K_0.5at_0.40GPa_2c59f335_224
23.3,16.568469,0.704484,500,0.4,0.5,Al,edge,dl_Al_edge_500K_0.5at_0.40GPa_2c59f335_224
23.4,16.643212,0.74743,500,0.4,0.5,Al,edge,dl_Al_edge_500K_0.5at_0.40GPa_2c59f335_224
23.5,16.711294,0.68082,500,0.4,0.5,Al,edge,dl_Al_edge_500K_0.5at_0.40GPa_2c59f335_224
23.6,16.77709,0.657967,500,0.4,0.5,Al,edge,dl_Al_edge_500K_0.5at_0.40GPa_2c59f335_224
23.7,16.84315,0.660592,500,0.4,0.5,Al,edge,dl_Al_edge_500K_0.5at_0.40GPa_2c59f335_224
23.8,16.910469,0.673195,500,0.4,0.5,Al,edge,dl_Al_edge_500K_0.5at_0.40GPa_2c59f335_224
23.9,16.985962,0.754926,500,0.4,0.5,Al,edge,dl_Al_edge_500K_0.5at_0.40GPa_2c59f335_224
24.0,17.05214,0.661781,500,0.4,0.5,Al,edge,dl_Al_edge_500K_0.5at_0.40GPa_2c59f335_224
24.1,17.127253,0.751132,500,0.4,0.5,Al,edge,dl_Al_edge_500K_0.5at_0.40GPa_2c59f335_224
24.2,17.193367,0.661141,500,0.4,0.5,Al,edge,dl_Al_edge_500K_0.5at_0.40GPa_2c59f335_224
24.3,17.263523,0.701559,500,0.4,0.5,Al,edge,dl_Al_edge_500K_0.5at_0.40GPa_2c59f335_224
24.4,17.332221,0.686976,500,0.4,0.5,Al,edge,dl_Al_edge_500K_0.5at_0.40GPa_2c59f335_224
24.5,17.402105,0.698849,500,0.4,0.5,Al,edge,dl_Al_edge_500K_0.5at_0.40GPa_2c59f335_224
24.6,17.472452,0.703469,500,0.4,0.5,Al,edge,dl_Al_edge_500K_0.5at_0.40GPa_2c59f335_224
24.7,17.5395,0.670473,500,0.4,0.5,Al,edge,dl_Al_edge_500K_0.5at_0.40GPa_2c59f335_224
24.8,17.610968,0.714685,500,0.4,0.5,Al,edge,dl_Al_edge_500K_0.5at_0.40GPa_2c59f335_224
24.9,17.680222,0.692539,500,0.4,0.5,Al,edge,dl_Al_edge_500K_0.5at_0.40GPa_2c59f335_224
25.0,17.757575,0.773526,500,0.4,0.5,Al,edge,dl_Al_edge_500K_0.5at_0.40GPa_2c59f335_224
25.1,17.828228,0.706538,500,0.4,0.5,Al,edge,dl_Al_edge_500K_0.5at_0.40GPa_2c59f335_224
25.2,17.900959,0.727301,500,0.4,0.5,Al,edge,dl_Al_edge_500K_0.5at_0.40GPa_2c59f335_224
25.3,17.971583,0.706247,500,0.4,0.5,Al,edge,dl_Al_edge_500K_0.5at_0.40GPa_2c59f335_224
25.4,18.043445,0.718613,500,0.4,0.5,Al,edge,dl_Al_edge_500K_0.5at_0.40GPa_2c59f335_224
25.5,18.116613,0.731688,500,0.4,0.5,Al,edge,dl_Al_edge_500K_0.5at_0.40GPa_2c59f335_224
25.6,18.186303,0.696892,500,0.4,0.5,Al,edge,dl_Al_edge_500K_0.5at_0.40GPa_2c59f335_224
25.7,18.253976,0.676731,500,0.4,0.5,Al,edge,dl_Al_edge_500K_0.5at_0.40GPa_2c59f335_224
25.8,18.319787,0.658117,500,0.4,0.5,Al,edge,dl_Al_edge_500K_0.5at_0.40GPa_2c59f335_224
25.9,18.392011,0.722236,500,0.4,0.5,Al,edge,dl_Al_edge_500K_0.5at_0.40GPa_2c59f335_224
26.0,18.461286,0.692756,500,0.4,0.5,Al,edge,dl_Al_edge_500K_0.5at_0.40GPa_2c59f335_224
26.1,18.529994,0.687076,500,0.4,0.5,Al,edge,dl_Al_edge_500K_0.5at_0.40GPa_2c59f335_224
26.2,18.603283,0.732894,500,0.4,0.5,Al,edge,dl_Al_edge_500K_0.5at_0.40GPa_2c59f335_224
26.3,18.673679,0.703955,500,0.4,0.5,Al,edge,dl_Al_edge_500K_0.5at_0.40GPa_2c59f335_224
26.4,18.746119,0.724403,500,0.4,0.5,Al,edge,dl_Al_edge_500K_0.5at_0.40GPa_2c59f335_224
26.5,18.812903,0.667835,500,0.4,0.5,Al,edge,dl_Al_edge_500K_0.5at_0.40GPa_2c59f335_224
26.6,18.880752,0.678493,500,0.4,0.5,Al,edge,dl_Al_edge_500K_0.5at_0.40GPa_2c59f335_224
26.7,18.951424,0.706725,500,0.4,0.5,Al,edge,dl_Al_edge_500K_0.5at_0.40GPa_2c59f335_224
26.8,19.019928,0.685036,500,0.4,0.5,Al,edge,dl_Al_edge_500K_0.5at_0.40GPa_2c59f335_224
26.9,19.09075,0.708216,500,0.4,0.5,Al,edge,dl_Al_edge_500K_0.5at_0.40GPa_2c59f335_224
27.0,19.169231,0.784818,500,0.4,0.5,Al,edge,dl_Al_edge_500K_0.5at_0.40GPa_2c59f335_224
27.1,19.24204,0.728086,500,0.4,0.5,Al,edge,dl_Al_edge_500K_0.5at_0.40GPa_2c59f335_224
27.2,19.314216,0.72176,500,0.4,0.5,Al,edge,dl_Al_edge_500K_0.5at_0.40GPa_2c59f335_224
27.3,19.389104,0.748877,500,0.4,0.5,Al,edge,dl_Al_edge_500K_0.5at_0.40GPa_2c59f335_224
27.4,19.457599,0.684954,500,0.4,0.5,Al,edge,dl_Al_edge_500K_0.5at_0.40GPa_2c59f335_224
27.5,19.526932,0.69333,500,0.4,0.5,Al,edge,dl_Al_edge_500K_0.5at_0.40GPa_2c59f335_224
27.6,19.593615,0.666833,500,0.4,0.5,Al,edge,dl_Al_edge_500K_0.5at_0.40GPa_2c59f335_224
27.7,19.664538,0.709231,500,0.4,0.5,Al,edge,dl_Al_edge_500K_0.5at_0.40GPa_2c59f335_224
27.8,19.736856,0.723176,500,0.4,0.5,Al,edge,dl_Al_edge_500K_0.5at_0.40GPa_2c59f335_224
27.9,19.803914,0.670583,500,0.4,0.5,Al,edge,dl_Al_edge_500K_0.5at_0.40GPa_2c59f335_224
28.0,19.870762,0.668474,500,0.4,0.5,Al,edge,dl_Al_edge_500K_0.5at_0.40GPa_2c59f335_224
28.1,19.936741,0.659788,500,0.4,0.5,Al,edge,dl_Al_edge_500K_0.5at_0.40GPa_2c59f335_224
28.2,20.00698,0.702391,500,0.4,0.5,Al,edge,dl_Al_edge_500K_0.5at_0.40GPa_2c59f335_224
28.3,20.078551,0.715709,500,0.4,0.5,Al,edge,dl_Al_edge_500K_0.5at_0.40GPa_2c59f335_224
28.4,20.146802,0.682517,500,0.4,0.5,Al,edge,dl_Al_edge_500K_0.5at_0.40GPa_2c59f335_224
28.5,20.224958,0.781552,500,0.4,0.5,Al,edge,dl_Al_edge_500K_0.5at_0.40GPa_2c59f335_224
28.6,20.294269,0.693118,500,0.4,0.5,Al,edge,dl_Al_edge_500K_0.5at_0.40GPa_2c59f335_224
28.7,20.362408,0.681391,500,0.4,0.5,Al,edge,dl_Al_edge_500K_0.5at_0.40GPa_2c59f335_224
28.8,20.435417,0.730082,500,0.4,0.5,Al,edge,dl_Al_edge_500K_0.5at_0.40GPa_2c59f335_224
28.9,20.50874,0.733236,500,0.4,0.5,Al,edge,dl_Al_edge_500K_0.5at_0.40GPa_2c59f335_224
29.0,20.580701,0.719609,500,0.4,0.5,Al,edge,dl_Al_edge_500K_0.5at_0.40GPa_2c59f335_224
29.1,20.647792,0.670907,500,0.4,0.5,Al,edge,dl_Al_edge_500K_0.5at_0.40GPa_2c59f335_224
29.2,20.714604,0.668117,500,0.4,0.5,Al,edge,dl_Al_edge_500K_0.5at_0.40GPa_2c59f335_224
29.3,20.787497,0.728931,500,0.4,0.5,Al,edge,dl_Al_edge_500K_0.5at_0.40GPa_2c59f335_224
29.4,20.860574,0.73077,500,0.4,0.5,Al,edge,dl_Al_edge_500K_0.5at_0.40GPa_2c59f335_224
29.5,20.933767,0.731929,500,0.4,0.5,Al,edge,dl_Al_edge_500K_0.5at_0.40GPa_2c59f335_224
29.6,20.999744,0.659772,500,0.4,0.5,Al,edge,dl_Al_edge_500K_0.5at_0.40GPa_2c59f335_224
29.7,21.067676,0.679325,500,0.4,0.5,Al,edge,dl_Al_edge_500K_0.5at_0.40GPa_2c59f335_224
29.8,21.143626,0.759496,500,0.4,0.5,Al,edge,dl_Al_edge_500K_0.5at_0.40GPa_2c59f335_224
29.9,21.216871,0.732447,500,0.4,0.5,Al,edge,dl_Al_edge_500K_0.5at_0.40GPa_2c59f335_224
30.0,21.288798,0.719276,500,0.4,0.5,Al,edge,dl_Al_edge_500K_0.5at_0.40GPa_2c59f335_224
30.1,21.359616,0.708183,500,0.4,0.5,Al,edge,dl_Al_edge_500K_0.5at_0.40GPa_2c59f335_224
30.2,21.428791,0.69175,500,0.4,0.5,Al,edge,dl_Al_edge_500K_0.5at_0.40GPa_2c59f335_224
30.3,21.502533,0.737412,500,0.4,0.5,Al,edge,dl_Al_edge_500K_0.5at_0.40GPa_2c59f335_224
30.4,21.572334,0.698013,500,0.4,0.5,Al,edge,dl_Al_edge_500K_0.5at_0.40GPa_2c59f335_224
30.5,21.643038,0.707036,500,0.4,0.5,Al,edge,dl_Al_edge_500K_0.5at_0.40GPa_2c59f335_224
30.6,21.712364,0.693264,500,0.4,0.5,Al,edge,dl_Al_edge_500K_0.5at_0.40GPa_2c59f335_224
30.7,21.78745,0.750864,500,0.4,0.5,Al,edge,dl_Al_edge_500K_0.5at_0.40GPa_2c59f335_224
30.8,21.855975,0.685245,500,0.4,0.5,Al,edge,dl_Al_edge_500K_0.5at_0.40GPa_2c59f335_224
30.9,21.926296,0.703207,500,0.4,0.5,Al,edge,dl_Al_edge_500K_0.5at_0.40GPa_2c59f335_224
31.0,21.994244,0.679488,500,0.4,0.5,Al,edge,dl_Al_edge_500K_0.5at_0.40GPa_2c59f335_224
31.1,22.060452,0.662077,500,0.4,0.5,Al,edge,dl_Al_edge_500K_0.5at_0.40GPa_2c59f335_224
31.2,22.134114,0.736616,500,0.4,0.5,Al,edge,dl_Al_edge_500K_0.5at_0.40GPa_2c59f335_224
31.3,22.205984,0.718706,500,0.4,0.5,Al,edge,dl_Al_edge_500K_0.5at_0.40GPa_2c59f335_224
31.4,22.28202,0.760355,500,0.4,0.5,Al,edge,dl_Al_edge_500K_0.5at_0.40GPa_2c59f335_224
31.5,22.349587,0.675672,500,0.4,0.5,Al,edge,dl_Al_edge_500K_0.5at_0.40GPa_2c59f335_224
31.6,22.425435,0.758481,500,0.4,0.5,Al,edge,dl_Al_edge_500K_0.5at_0.40GPa_2c59f335_224
31.7,22.507243,0.818082,500,0.4,0.5,Al,edge,dl_Al_edge_500K_0.5at_0.40GPa_2c59f335_224
31.8,22.577277,0.700339,500,0.4,0.5,Al,edge,dl_Al_edge_500K_0.5at_0.40GPa_2c59f335_224
31.9,22.649026,0.717485,500,0.4,0.5,Al,edge,dl_Al_edge_500K_0.5at_0.40GPa_2c59f335_224
32.0,22.722109,0.730834,500,0.4,0.5,Al,edge,dl_Al_edge_500K_0.5at_0.40GPa_2c59f335_224
32.1,22.793766,0.716574,500,0.4,0.5,Al,edge,dl_Al_edge_500K_0.5at_0.40GPa_2c59f335_224
32.2,22.865471,0.717046,500,0.4,0.5,Al,edge,dl_Al_edge_500K_0.5at_0.40GPa_2c59f335_224
32.3,22.933669,0.681983,500,0.4,0.5,Al,edge,dl_Al_edge_500K_0.5at_0.40GPa_2c59f335_224
32.4,23.001821,0.681521,500,0.4,0.5,Al,edge,dl_Al_edge_500K_0.5at_0.40GPa_2c59f335_224
32.5,23.071877,0.700555,500,0.4,0.5,Al,edge,dl_Al_edge_500K_0.5at_0.40GPa_2c59f335_224
32.6,23.139994,0.681177,500,0.4,0.5,Al,edge,dl_Al_edge_500K_0.5at_0.40GPa_2c59f335_224
32.7,23.209461,0.694667,500,0.4,0.5,Al,edge,dl_Al_edge_500K_0.5at_0.40GPa_2c59f335_224
32.8,23.280117,0.706562,500,0.4,0.5,Al,edge,dl_Al_edge_500K_0.5at_0.40GPa_2c59f335_224
32.9,23.351487,0.713692,500,0.4,0.5,Al,edge,dl_Al_edge_500K_0.5at_0.40GPa_2c59f335_224
33.0,23.42391,0.724236,500,0.4,0.5,Al,edge,dl_Al_edge_500K_0.5at_0.40GPa_2c59f335_224
33.1,23.496026,0.721156,500,0.4,0.5,Al,edge,dl_Al_edge_500K_0.5at_0.40GPa_2c59f335_224
33.2,23.562213,0.661871,500,0.4,0.5,Al,edge,dl_Al_edge_500K_0.5at_0.40GPa_2c59f335_224
33.3,23.632754,0.70541,500,0.4,0.5,Al,edge,dl_Al_edge_500K_0.5at_0.40GPa_2c59f335_224
33.4,23.701981,0.692269,500,0.4,0.5,Al,edge,dl_Al_edge_500K_0.5at_0.40GPa_2c59f335_224
33.5,23.773812,0.718314,500,0.4,0.5,Al,edge,dl_Al_edge_500K_0.5at_0.40GPa_2c59f335_224
33.6,23.843236,0.694242,500,0.4,0.5,Al,edge,dl_Al_edge_500K_0.5at_0.40GPa_2c59f335_224
33.7,23.912845,0.696082,500,0.4,0.5,Al,edge,dl_Al_edge_500K_0.5at_0.40GPa_2c59f335_224
33.8,23.982798,0.699532,500,0.4,0.5,Al,edge,dl_Al_edge_500K_0.5at_0.40GPa_2c59f335_224
33.9,24.058229,0.754311,500,0.4,0.5,Al,edge,dl_Al_edge_500K_0.5at_0.40GPa_2c59f335_224
34.0,24.126945,0.687161,500,0.4,0.5,Al,edge,dl_Al_edge_500K_0.5at_0.40GPa_2c59f335_224
34.1,24.194855,0.679104,500,0.4,0.5,Al,edge,dl_Al_edge_500K_0.5at_0.40GPa_2c59f335_224
34.2,24.264134,0.692788,500,0.4,0.5,Al,edge,dl_Al_edge_500K_0.5at_0.40GPa_2c59f335_224
34.3,24.333155,0.69021,500,0.4,0.5,Al,edge,dl_Al_edge_500K_0.5at_0.40GPa_2c59f335_224
34.4,24.403225,0.7007,500,0.4,0.5,Al,edge,dl_Al_edge_500K_0.5at_0.40GPa_2c59f335_224
34.5,24.476691,0.734656,500,0.4,0.5,Al,edge,dl_Al_edge_500K_0.5at_0.40GPa_2c59f335_224
34.6,24.550234,0.735436,500,0.4,0.5,Al,edge,dl_Al_edge_500K_0.5at_0.40GPa_2c59f335_224
34.7,24.622888,0.726538,500,0.4,0.5,Al,edge,dl_Al_edge_500K_0.5at_0.40GPa_2c59f335_224
34.8,24.695954,0.730659,500,0.4,0.5,Al,edge,dl_Al_edge_500K_0.5at_0.40GPa_2c59f335_224
34.9,24.767478,0.715237,500,0.4,0.5,Al,edge,dl_Al_edge_500K_0.5at_0.40GPa_2c59f335_224
35.0,24.835172,0.676945,500,0.4,0.5,Al,edge,dl_Al_edge_500K_0.5at_0.40GPa_2c59f335_224
35.1,24.900822,0.656498,500,0.4,0.5,Al,edge,dl_Al_edge_500K_0.5at_0.40GPa_2c59f335_224
35.2,24.9718,0.709783,500,0.4,0.5,Al,edge,dl_Al_edge_500K_0.5at_0.40GPa_2c59f335_224
35.3,25.039329,0.675283,500,0.4,0.5,Al,edge,dl_Al_edge_500K_0.5at_0.40GPa_2c59f335_224
35.4,25.112045,0.727161,500,0.4,0.5,Al,edge,dl_Al_edge_500K_0.5at_0.40GPa_2c59f335_224
35.5,25.179385,0.673405,500,0.4,0.5,Al,edge,dl_Al_edge_500K_0.5at_0.40GPa_2c59f335_224
35.6,25.243717,0.643316,500,0.4,0.5,Al,edge,dl_Al_edge_500K_0.5at_0.40GPa_2c59f335_224
35.7,25.311425,0.677085,500,0.4,0.5,Al,edge,dl_Al_edge_500K_0.5at_0.40GPa_2c59f335_224
35.8,25.383236,0.718105,500,0.4,0.5,Al,edge,dl_Al_edge_500K_0.5at_0.40GPa_2c59f335_224
35.9,25.450711,0.674756,500,0.4,0.5,Al,edge,dl_Al_edge_500K_0.5at_0.40GPa_2c59f335_224
36.0,25.518242,0.675301,500,0.4,0.5,Al,edge,dl_Al_edge_500K_0.5at_0.40GPa_2c59f335_224
36.1,25.58752,0.692785,500,0.4,0.5,Al,edge,dl_Al_edge_500K_0.5at_0.40GPa_2c59f335_224
36.2,25.658642,0.711218,500,0.4,0.5,Al,edge,dl_Al_edge_500K_0.5at_0.40GPa_2c59f335_224
36.3,25.730228,0.715862,500,0.4,0.5,Al,edge,dl_Al_edge_500K_0.5at_0.40GPa_2c59f335_224
36.4,25.798244,0.680158,500,0.4,0.5,Al,edge,dl_Al_edge_500K_0.5at_0.40GPa_2c59f335_224
36.5,25.86813,0.698866,500,0.4,0.5,Al,edge,dl_Al_edge_500K_0.5at_0.40GPa_2c59f335_224
36.6,25.939117,0.709869,500,0.4,0.5,Al,edge,dl_Al_edge_500K_0.5at_0.40GPa_2c59f335_224
36.7,26.008033,0.689156,500,0.4,0.5,Al,edge,dl_Al_edge_500K_0.5at_0.40GPa_2c59f335_224
36.8,26.081805,0.737726,500,0.4,0.5,Al,edge,dl_Al_edge_500K_0.5at_0.40GPa_2c59f335_224
36.9,26.150933,0.691272,500,0.4,0.5,Al,edge,dl_Al_edge_500K_0.5at_0.40GPa_2c59f335_224
37.0,26.222205,0.712722,500,0.4,0.5,Al,edge,dl_Al_edge_500K_0.5at_0.40GPa_2c59f335_224
37.1,26.291412,0.692072,500,0.4,0.5,Al,edge,dl_Al_edge_500K_0.5at_0.40GPa_2c59f335_224
37.2,26.36496,0.735482,500,0.4,0.5,Al,edge,dl_Al_edge_500K_0.5at_0.40GPa_2c59f335_224
37.3,26.432934,0.679733,500,0.4,0.5,Al,edge,dl_Al_edge_500K_0.5at_0.40GPa_2c59f335_224
37.4,26.505813,0.728796,500,0.4,0.5,Al,edge,dl_Al_edge_500K_0.5at_0.40GPa_2c59f335_224
37.5,26.587263,0.8145,500,0.4,0.5,Al,edge,dl_Al_edge_500K_0.5at_0.40GPa_2c59f335_224
37.6,26.661816,0.745527,500,0.4,0.5,Al,edge,dl_Al_edge_500K_0.5at_0.40GPa_2c59f335_224
37.7,26.729267,0.674512,500,0.4,0.5,Al,edge,dl_Al_edge_500K_0.5at_0.40GPa_2c59f335_224
37.8,26.802073,0.728056,500,0.4,0.5,Al,edge,dl_Al_edge_500K_0.5at_0.40GPa_2c59f335_224
37.9,26.878584,0.765114,500,0.4,0.5,Al,edge,dl_Al_edge_500K_0.5at_0.40GPa_2c59f335_224
38.0,26.950731,0.721474,500,0.4,0.5,Al,edge,dl_Al_edge_500K_0.5at_0.40GPa_2c59f335_224
38.1,27.019888,0.691565,500,0.4,0.5,Al,edge,dl_Al_edge_500K_0.5at_0.40GPa_2c59f335_224
38.2,27.091587,0.716994,500,0.4,0.5,Al,edge,dl_Al_edge_500K_0.5at_0.40GPa_2c59f335_224
38.3,27.163349,0.717614,500,0.4,0.5,Al,edge,dl_Al_edge_500K_0.5at_0.40GPa_2c59f335_224
38.4,27.234343,0.709942,500,0.4,0.5,Al,edge,dl_Al_edge_500K_0.5at_0.40GPa_2c59f335_224
38.5,27.31007,0.757273,500,0.4,0.5,Al,edge,dl_Al_edge_500K_0.5at_0.40GPa_2c59f335_224
38.6,27.375296,0.652261,500,0.4,0.5,Al,edge,dl_Al_edge_500K_0.5at_0.40GPa_2c59f335_224
38.7,27.450045,0.747488,500,0.4,0.5,Al,edge,dl_Al_edge_500K_0.5at_0.40GPa_2c59f335_224
38.8,27.526634,0.765891,500,0.4,0.5,Al,edge,dl_Al_edge_500K_0.5at_0.40GPa_2c59f335_224
38.9,27.599383,0.727488,500,0.4,0.5,Al,edge,dl_Al_edge_500K_0.5at_0.40GPa_2c59f335_224
39.0,27.668774,0.693912,500,0.4,0.5,Al,edge,dl_Al_edge_500K_0.5at_0.40GPa_2c59f335_224
39.1,27.739297,0.705231,500,0.4,0.5,Al,edge,dl_Al_edge_500K_0.5at_0.40GPa_2c59f335_224
39.2,27.808989,0.696919,500,0.4,0.5,Al,edge,dl_Al_edge_500K_0.5at_0.40GPa_2c59f335_224
39.3,27.878744,0.697545,500,0.4,0.5,Al,edge,dl_Al_edge_500K_0.5at_0.40GPa_2c59f335_224
39.4,27.951075,0.723318,500,0.4,0.5,Al,edge,dl_Al_edge_500K_0.5at_0.40GPa_2c59f335_224
39.5,28.020557,0.694819,500,0.4,0.5,Al,edge,dl_Al_edge_500K_0.5at_0.40GPa_2c59f335_224
39.6,28.091542,0.709845,500,0.4,0.5,Al,edge,dl_Al_edge_500K_0.5at_0.40GPa_2c59f335_224
39.7,28.160209,0.686667,500,0.4,0.5,Al,edge,dl_Al_edge_500K_0.5at_0.40GPa_2c59f335_224
39.8,28.233275,0.730664,500,0.4,0.5,Al,edge,dl_Al_edge_500K_0.5at_0.40GPa_2c59f335_224
39.9,28.303904,0.706287,500,0.4,0.5,Al,edge,dl_Al_edge_500K_0.5at_0.40GPa_2c59f335_224
40.0,28.373113,0.692096,500,0.4,0.5,Al,edge,dl_Al_edge_500K_0.5at_0.40GPa_2c59f335_224
40.1,28.448302,0.751891,500,0.4,0.5,Al,edge,dl_Al_edge_500K_0.5at_0.40GPa_2c59f335_224
40.2,28.51766,0.693574,500,0.4,0.5,Al,edge,dl_Al_edge_500K_0.5at_0.40GPa_2c59f335_224
40.3,28.594645,0.76985,500,0.4,0.5,Al,edge,dl_Al_edge_500K_0.5at_0.40GPa_2c59f335_224
40.4,28.664709,0.700642,500,0.4,0.5,Al,edge,dl_Al_edge_500K_0.5at_0.40GPa_2c59f335_224
40.5,28.730606,0.65897,500,0.4,0.5,Al,edge,dl_Al_edge_500K_0.5at_0.40GPa_2c59f335_224
40.6,28.803885,0.73279,500,0.4,0.5,Al,edge,dl_Al_edge_500K_0.5at_0.40GPa_2c59f335_224
40.7,28.871043,0.671585,500,0.4,0.5,Al,edge,dl_Al_edge_500K_0.5at_0.40GPa_2c59f335_224
40.8,28.942982,0.719389,500,0.4,0.5,Al,edge,dl_Al_edge_500K_0.5at_0.40GPa_2c59f335_224
40.9,29.009465,0.664824,500,0.4,0.5,Al,edge,dl_Al_edge_500K_0.5at_0.40GPa_2c59f335_224
41.0,29.082617,0.731523,500,0.4,0.5,Al,edge,dl_Al_edge_500K_0.5at_0.40GPa_2c59f335_224
41.1,29.157783,0.751665,500,0.4,0.5,Al,edge,dl_Al_edge_500K_0.5at_0.40GPa_2c59f335_224
41.2,29.229458,0.71675,500,0.4,0.5,Al,edge,dl_Al_edge_500K_0.5at_0.40GPa_2c59f335_224
41.3,29.296923,0.674646,500,0.4,0.5,Al,edge,dl_Al_edge_500K_0.5at_0.40GPa_2c59f335_224
41.4,29.36548,0.685568,500,0.4,0.5,Al,edge,dl_Al_edge_500K_0.5at_0.40GPa_2c59f335_224
41.5,29.440563,0.75083,500,0.4,0.5,Al,edge,dl_Al_edge_500K_0.5at_0.40GPa_2c59f335_224
41.6,29.512339,0.717762,500,0.4,0.5,Al,edge,dl_Al_edge_500K_0.5at_0.40GPa_2c59f335_224
41.7,29.582033,0.696939,500,0.4,0.5,Al,edge,dl_Al_edge_500K_0.5at_0.40GPa_2c59f335_224
41.8,29.651605,0.695716,500,0.4,0.5,Al,edge,dl_Al_edge_500K_0.5at_0.40GPa_2c59f335_224
41.9,29.726757,0.751521,500,0.4,0.5,Al,edge,dl_Al_edge_500K_0.5at_0.40GPa_2c59f335_224
42.0,29.79513,0.683739,500,0.4,0.5,Al,edge,dl_Al_edge_500K_0.5at_0.40GPa_2c59f335_224
42.1,29.867926,0.727957,500,0.4,0.5,Al,edge,dl_Al_edge_500K_0.5at_0.40GPa_2c59f335_224
42.2,29.939318,0.71392,500,0.4,0.5,Al,edge,dl_Al_edge_500K_0.5at_0.40GPa_2c59f335_224
42.3,30.012448,0.731301,500,0.4,0.5,Al,edge,dl_Al_edge_500K_0.5at_0.40GPa_2c59f335_224
42.4,30.083407,0.709591,500,0.4,0.5,Al,edge,dl_Al_edge_500K_0.5at_0.40GPa_2c59f335_224
42.5,30.154536,0.711289,500,0.4,0.5,Al,edge,dl_Al_edge_500K_0.5at_0.40GPa_2c59f335_224
42.6,30.222046,0.675094,500,0.4,0.5,Al,edge,dl_Al_edge_500K_0.5at_0.40GPa_2c59f335_224
42.7,30.294213,0.721674,500,0.4,0.5,Al,edge,dl_Al_edge_500K_0.5at_0.40GPa_2c59f335_224
42.8,30.362046,0.67833,500,0.4,0.5,Al,edge,dl_Al_edge_500K_0.5at_0.40GPa_2c59f335_224
42.9,30.432807,0.70761,500,0.4,0.5,Al,edge,dl_Al_edge_500K_0.5at_0.40GPa_2c59f335_224
43.0,30.508059,0.752518,500,0.4,0.5,Al,edge,dl_Al_edge_500K_0.5at_0.40GPa_2c59f335_224
43.1,30.585072,0.770133,500,0.4,0.5,Al,edge,dl_Al_edge_500K_0.5at_0.40GPa_2c59f335_224
43.2,30.656157,0.710848,500,0.4,0.5,Al,edge,dl_Al_edge_500K_0.5at_0.40GPa_2c59f335_224
43.3,30.724545,0.683881,500,0.4,0.5,Al,edge,dl_Al_edge_500K_0.5at_0.40GPa_2c59f335_224
43.4,30.79792,0.733742,500,0.4,0.5,Al,edge,dl_Al_edge_500K_0.5at_0.40GPa_2c59f335_224
43.5,30.873504,0.755844,500,0.4,0.5,Al,edge,dl_Al_edge_500K_0.5at_0.40GPa_2c59f335_224
43.6,30.945113,0.716089,500,0.4,0.5,Al,edge,dl_Al_edge_500K_0.5at_0.40GPa_2c59f335_224
43.7,31.009416,0.643034,500,0.4,0.5,Al,edge,dl_Al_edge_500K_0.5at_0.40GPa_2c59f335_224
43.8,31.081364,0.719479,500,0.4,0.5,Al,edge,dl_Al_edge_500K_0.5at_0.40GPa_2c59f335_224
43.9,31.150539,0.691747,500,0.4,0.5,Al,edge,dl_Al_edge_500K_0.5at_0.40GPa_2c59f335_224
44.0,31.221712,0.71173,500,0.4,0.5,Al,edge,dl_Al_edge_500K_0.5at_0.40GPa_2c59f335_224
44.1,31.296963,0.752512,500,0.4,0.5,Al,edge,dl_Al_edge_500K_0.5at_0.40GPa_2c59f335_224
44.2,31.367777,0.708136,500,0.4,0.5,Al,edge,dl_Al_edge_500K_0.5at_0.40GPa_2c59f335_224
44.3,31.435779,0.680027,500,0.4,0.5,Al,edge,dl_Al_edge_500K_0.5at_0.40GPa_2c59f335_224
44.4,31.506417,0.706373,500,0.4,0.5,Al,edge,dl_Al_edge_500K_0.5at_0.40GPa_2c59f335_224
44.5,31.579773,0.733569,500,0.4,0.5,Al,edge,dl_Al_edge_500K_0.5at_0.40GPa_2c59f335_224
44.6,31.655673,0.758997,500,0.4,0.5,Al,edge,dl_Al_edge_500K_0.5at_0.40GPa_2c59f335_224
44.7,31.726081,0.704076,500,0.4,0.5,Al,edge,dl_Al_edge_500K_0.5at_0.40GPa_2c59f335_224
44.8,31.799809,0.73728,500,0.4,0.5,Al,edge,dl_Al_edge_500K_0.5at_0.40GPa_2c59f335_224
44.9,31.874564,0.747552,500,0.4,0.5,Al,edge,dl_Al_edge_500K_0.5at_0.40GPa_2c59f335_224
45.0,31.950664,0.761,500,0.4,0.5,Al,edge,dl_Al_edge_500K_0.5at_0.40GPa_2c59f335_224
45.1,32.020081,0.694175,500,0.4,0.5,Al,edge,dl_Al_edge_500K_0.5at_0.40GPa_2c59f335_224
45.2,32.092799,0.72718,500,0.4,0.5,Al,edge,dl_Al_edge_500K_0.5at_0.40GPa_2c59f335_224
45.3,32.164084,0.712849,500,0.4,0.5,Al,edge,dl_Al_edge_500K_0.5at_0.40GPa_2c59f335_224
45.4,32.236996,0.729115,500,0.4,0.5,Al,edge,dl_Al_edge_500K_0.5at_0.40GPa_2c59f335_224
45.5,32.308285,0.712889,500,0.4,0.5,Al,edge,dl_Al_edge_500K_0.5at_0.40GPa_2c59f335_224
45.6,32.384564,0.762795,500,0.4,0.5,Al,edge,dl_Al_edge_500K_0.5at_0.40GPa_2c59f335_224
45.7,32.45454,0.699764,500,0.4,0.5,Al,edge,dl_Al_edge_500K_0.5at_0.40GPa_2c59f335_224
45.8,32.526639,0.720988,500,0.4,0.5,Al,edge,dl_Al_edge_500K_0.5at_0.40GPa_2c59f335_224
45.9,32.597743,0.711039,500,0.4,0.5,Al,edge,dl_Al_edge_500K_0.5at_0.40GPa_2c59f335_224
46.0,32.669341,0.715975,500,0.4,0.5,Al,edge,dl_Al_edge_500K_0.5at_0.40GPa_2c59f335_224
46.1,32.735991,0.666505,500,0.4,0.5,Al,edge,dl_Al_edge_500K_0.5at_0.40GPa_2c59f335_224
46.2,32.809343,0.733516,500,0.4,0.5,Al,edge,dl_Al_edge_500K_0.5at_0.40GPa_2c59f335_224
46.3,32.883553,0.742105,500,0.4,0.5,Al,edge,dl_Al_edge_500K_0.5at_0.40GPa_2c59f335_224
46.4,32.949991,0.66438,500,0.4,0.5,Al,edge,dl_Al_edge_500K_0.5at_0.40GPa_2c59f335_224
46.5,33.024267,0.742762,500,0.4,0.5,Al,edge,dl_Al_edge_500K_0.5at_0.40GPa_2c59f335_224
46.6,33.090337,0.660692,500,0.4,0.5,Al,edge,dl_Al_edge_500K_0.5at_0.40GPa_2c59f335_224
46.7,33.162778,0.724411,500,0.4,0.5,Al,edge,dl_Al_edge_500K_0.5at_0.40GPa_2c59f335_224
46.8,33.230371,0.675933,500,0.4,0.5,Al,edge,dl_Al_edge_500K_0.5at_0.40GPa_2c59f335_224
46.9,33.299656,0.692845,500,0.4,0.5,Al,edge,dl_Al_edge_500K_0.5at_0.40GPa_2c59f335_224
47.0,33.3688,0.691443,500,0.4,0.5,Al,edge,dl_Al_edge_500K_0.5at_0.40GPa_2c59f335_224
47.1,33.439609,0.708092,500,0.4,0.5,Al,edge,dl_Al_edge_500K_0.5at_0.40GPa_2c59f335_224
47.2,33.506151,0.665419,500,0.4,0.5,Al,edge,dl_Al_edge_500K_0.5at_0.40GPa_2c59f335_224
47.3,33.581583,0.754316,500,0.4,0.5,Al,edge,dl_Al_edge_500K_0.5at_0.40GPa_2c59f335_224
47.4,33.655528,0.739454,500,0.4,0.5,Al,edge,dl_Al_edge_500K_0.5at_0.40GPa_2c59f335_224
47.5,33.724186,0.686584,500,0.4,0.5,Al,edge,dl_Al_edge_500K_0.5at_0.40GPa_2c59f335_224
47.6,33.800185,0.759991,500,0.4,0.5,Al,edge,dl_Al_edge_500K_0.5at_0.40GPa_2c59f335_224
47.7,33.868594,0.684088,500,0.4,0.5,Al,edge,dl_Al_edge_500K_0.5at_0.40GPa_2c59f335_224
47.8,33.935768,0.671737,500,0.4,0.5,Al,edge,dl_Al_edge_500K_0.5at_0.40GPa_2c59f335_224
47.9,34.005684,0.699159,500,0.4,0.5,Al,edge,dl_Al_edge_500K_0.5at_0.40GPa_2c59f335_224
48.0,34.074178,0.684941,500,0.4,0.5,Al,edge,dl_Al_edge_500K_0.5at_0.40GPa_2c59f335_224
48.1,34.144836,0.706583,500,0.4,0.5,Al,edge,dl_Al_edge_500K_0.5at_0.40GPa_2c59f335_224
48.2,34.217052,0.72216,500,0.4,0.5,Al,edge,dl_Al_edge_500K_0.5at_0.40GPa_2c59f335_224
48.3,34.283953,0.669005,500,0.4,0.5,Al,edge,dl_Al_edge_500K_0.5at_0.40GPa_2c59f335_224
48.4,34.351103,0.671508,500,0.4,0.5,Al,edge,dl_Al_edge_500K_0.5at_0.40GPa_2c59f335_224
48.5,34.422184,0.710807,500,0.4,0.5,Al,edge,dl_Al_edge_500K_0.5at_0.40GPa_2c59f335_224
48.6,34.489744,0.6756,500,0.4,0.5,Al,edge,dl_Al_edge_500K_0.5at_0.40GPa_2c59f335_224
48.7,34.56625,0.765062,500,0.4,0.5,Al,edge,dl_Al_edge_500K_0.5at_0.40GPa_2c59f335_224
48.8,34.636399,0.701487,500,0.4,0.5,Al,edge,dl_Al_edge_500K_0.5at_0.40GPa_2c59f335_224
48.9,34.708997,0.725979,500,0.4,0.5,Al,edge,dl_Al_edge_500K_0.5at_0.40GPa_2c59f335_224
49.0,34.777872,0.688749,500,0.4,0.5,Al,edge,dl_Al_edge_500K_0.5at_0.40GPa_2c59f335_224
49.1,34.84404,0.661687,500,0.4,0.5,Al,edge,dl_Al_edge_500K_0.5at_0.40GPa_2c59f335_224
49.2,34.906339,0.622989,500,0.4,0.5,Al,edge,dl_Al_edge_500K_0.5at_0.40GPa_2c59f335_224
49.3,34.97344,0.671012,500,0.4,0.5,Al,edge,dl_Al_edge_500K_0.5at_0.40GPa_2c59f335_224
49.4,35.040575,0.671341,500,0.4,0.5,Al,edge,dl_Al_edge_500K_0.5at_0.40GPa_2c59f335_224
49.5,35.112922,0.723477,500,0.4,0.5,Al,edge,dl_Al_edge_500K_0.5at_0.40GPa_2c59f335_224
49.6,35.184486,0.715634,500,0.4,0.5,Al,edge,dl_Al_edge_500K_0.5at_0.40GPa_2c59f335_224
49.7,35.256023,0.715372,500,0.4,0.5,Al,edge,dl_Al_edge_500K_0.5at_0.40GPa_2c59f335_224
49.8,35.323254,0.672314,500,0.4,0.5,Al,edge,dl_Al_edge_500K_0.5at_0.40GPa_2c59f335_224
49.9,35.396761,0.735064,500,0.4,0.5,Al,edge,dl_Al_edge_500K_0.5at_0.40GPa_2c59f335_224
50.0,35.466703,0.699426,500,0.4,0.5,Al,edge,dl_Al_edge_500K_0.5at_0.40GPa_2c59f335_224
