Temperature_C,density_kgm3_mean,density_kgm3_std,specific_heat_jkgk_mean,specific_heat_jkgk_std,thermal_conductivity_wmk_mean,thermal_conductivity_wmk_std,elastic_modulus_pa_mean,elastic_modulus_pa_std,poisson_ratio_mean,poisson_ratio_std,cte_1k_mean,cte_1k_std,free_thermal_strain_mean,free_thermal_strain_std,compressive_strength_pa_mean,compressive_strength_pa_std,permeability_m2_mean,permeability_m2_std,biot_coefficient_mean,biot_coefficient_std,moisture_diffusivity_m2s_mean,moisture_diffusivity_m2s_std,porosity_mean,porosity_std,rubber_integrity_mean,rubber_integrity_std,dehydration_fraction_mean,dehydration_fraction_std,damage_index_mean,damage_index_std
20.0,1877.519485866683,18.77519485866683,850.9175170950878,42.54587585475439,1.1344679996774276,0.05672339998387138,48120720727.64361,3849657658.2114887,0.20346559408616868,0.00610396782258506,9.53719073545905e-06,6.676033514821335e-07,0.0,1e-12,78346148.63107045,7834614.863107045,2.465468344348282e-18,1e-12,0.6949461733197629,0.020848385199592888,1.0341638520719743e-11,2.5854096301799356e-12,0.10863879506906582,0.005431939753453291,0.9993166948159271,0.049965834740796355,0.0002352696805845163,1.1763484029225814e-05,0.01160141623761219,0.0008120991366328534
40.0,1877.257341788722,18.77257341788722,871.9501744989795,43.59750872494898,1.1275195399366418,0.05637597699683209,48040911930.049576,3843272954.403966,0.20357464423899796,0.006107239327169938,9.555730456331317e-06,6.689011319431923e-07,0.00019152345456259292,1.3406641819381506e-05,78502766.61696394,7850276.661696394,2.5335540940246782e-18,1e-12,0.6956521451375073,0.02086956435412522,1.459275404987359e-11,3.6481885124683975e-12,0.1089113191663657,0.005445565958318285,0.9981454768935181,0.04990727384467591,0.00173179207163075,8.65896035815375e-05,0.014261789050209509,0.0009983252335146657
60.0,1875.9886657774678,18.75988665777468,1050.7154401909688,52.535772009548445,1.118669514223087,0.05593347571115435,47934831395.61576,3834786511.649261,0.20371525025342924,0.006111457507602877,9.596861496829462e-06,6.717803047780624e-07,0.0003848878246057205,2.6942147722400437e-05,79239224.05193554,7923922.405193554,2.6289615737716044e-18,1e-12,0.6965483292581509,0.020896449877744527,1.898498317936778e-11,4.746245794841945e-12,0.10932404292475516,0.005466202146237758,0.9949801767470091,0.04974900883735046,0.012592088661042609,0.0006296044330521305,0.017598891277750273,0.0012319223894425191
80.0,1869.1587582136149,18.691587582136147,1693.705235885551,84.68526179427755,1.0991011441486012,0.05495505720743006,47792699866.03433,3823415989.282747,0.20390385835404687,0.0061171157506214055,9.759528566440793e-06,6.831669996508556e-07,0.0005874898388436015,4.112428871905211e-05,80302563.463652,8030256.3463652,2.7887654615098244e-18,1e-12,0.6977541783575313,0.020932625350725938,2.3846990609982495e-11,5.961747652495624e-12,0.11029847062118561,0.005514923531059281,0.986509728110971,0.049325486405548555,0.08344521895552488,0.004172260947776244,0.02183763105741339,0.0015286341740189374
100.0,1844.6261516541663,18.446261516541664,2415.606726019011,120.78033630095057,1.045305796748096,0.052265289837404805,47600927499.708176,3808074199.976654,0.20417240077320462,0.0061251720231961385,1.0307817279779277e-05,7.215472095845494e-07,0.000828003352098529,5.796023464689704e-05,80462571.33320728,8046257.133320728,3.1152954879114544e-18,1e-12,0.6995179573794661,0.020985538721383982,3.024151514448159e-11,7.560378786120397e-12,0.11293783992882256,0.005646891996441129,0.9644285552080969,0.04822142776040485,0.35000578249513403,0.017500289124756704,0.027309125560570798,0.001911638789239956
120.0,1816.3207148824993,18.16320714882499,2126.1582013659868,106.30791006829935,0.9902719846633444,0.04951359923316723,47341154378.83674,3787292350.306939,0.2045813237475549,0.006137439712426646,1.0885237389901061e-05,7.619666172930743e-07,0.001094157476242144,7.659102333695009e-05,78851393.06068754,7885139.306068755,3.633921067194019e-18,1e-12,0.7017378751158957,0.02105213625347687,3.7421491493791405e-11,9.355372873447851e-12,0.11574610165976824,0.0057873050829884125,0.9105910360684499,0.0455295518034225,0.6165684907391011,0.030828424536955057,0.03450383946772175,0.002415268762740523
140.0,1797.1529358656826,17.971529358656827,1310.959003942375,65.54795019711875,0.9669578435403963,0.04834789217701982,46990060085.518875,3759204806.8415103,0.20521895760771022,0.006156568728231306,1.114002213444257e-05,7.7980154941098e-07,0.0013456509614798255,9.41955673035878e-05,76180220.23016731,7618022.023016732,4.409543415226804e-18,1e-12,0.7043689120184454,0.02113106736055336,4.394319577198983e-11,1.0985798942997458e-11,0.11724823114900965,0.005862411557450483,0.7982714522954804,0.03991357261477402,0.6874288503600449,0.03437144251800225,0.04412670938437621,0.003088869656906335
160.0,1775.6655537546733,17.756655537546735,931.4990937974583,46.57495468987292,0.9514519992514482,0.04757259996257241,46521417125.432365,3721713370.0345893,0.20612780283479556,0.006183834085043867,1.1336498713426985e-05,7.93554909939889e-07,0.0016007027309168347,0.00011204919116417844,73578406.91957973,7357840.691957973,5.67448174239277e-18,1e-12,0.7078150517948074,0.021234451553844222,5.0659857170908443e-11,1.2664964292727111e-11,0.11860513786921795,0.005930256893460897,0.6249253971166163,0.031246269855830816,0.698304140983959,0.03491520704919795,0.057097124457698975,0.003996798712038929
180.0,1754.9323917461384,17.549323917461383,867.5913322057818,43.37956661028909,0.9362752068502671,0.04681376034251336,45912209426.2182,3672976754.097456,0.20720862257698983,0.006216258677309694,1.154163607762801e-05,8.079145254339608e-07,0.0018672594716609592,0.00013070816301626715,71419664.15055123,7141966.415055123,7.501829437830305e-18,1e-12,0.7123863719251389,0.021371591157754166,5.813926769074196e-11,1.453481692268549e-11,0.12030894261169998,0.0060154471305849996,0.45145880371183283,0.022572940185591642,0.6998289787849795,0.03499144893924898,0.07436012213353543,0.005205208549347481
200.0,1741.5021088910948,17.415021088910947,864.5429031483241,43.2271451574162,0.9215313155283775,0.04607656577641888,45152619415.040436,3612209553.203235,0.2083429970659066,0.006250289911977198,1.1738027284303753e-05,8.216619099012628e-07,0.0021433872629500234,0.00015003710840650166,69548356.32457443,6954835.632457443,9.933257242903808e-18,1e-12,0.7182127908056367,0.021546383724169102,6.665578885906679e-11,1.6663947214766697e-11,0.12246796294135276,0.006123398147067638,0.33858593440127227,0.016929296720063613,0.7000843050056622,0.03500421525028311,0.09637038545773541,0.0067459269820414796
220.0,1734.8776783123985,17.348776783123984,866.0018652292762,43.300093261463815,0.9071829832174565,0.04535914916087283,44253948184.99329,3540315854.7994637,0.20951163383707277,0.006285349015112183,1.1925225063418332e-05,8.347657544392833e-07,0.0024288539428922364,0.00017001977600245656,67698173.10772532,6769817.310772533,1.3217197304424177e-17,1e-12,0.7251174057411819,0.021753522172235456,7.628776525524949e-11,1.9071941313812373e-11,0.125025176836833,0.006251258841841651,0.2829097055254884,0.01414548527627442,0.7002071209499964,0.03501035604749982,0.12245451686262769,0.00857181618038394
240.0,1731.5679192386274,17.315679192386273,867.600012610786,43.38000063053931,0.8929926067441689,0.04464963033720845,43244521068.00446,3459561685.440357,0.21070951675046382,0.006321285502513914,1.2109919154872725e-05,8.476943408410909e-07,0.002724462546569323,0.00019071237825985264,65680752.83999776,6568075.2839997765,1.770365543162786e-17,1e-12,0.7326316143287248,0.021978948429861745,8.689974769342717e-11,2.1724936923356792e-11,0.1278084862305106,0.006390424311525531,0.2551723878221764,0.01275861939110882,0.700384335108304,0.0350192167554152,0.15084136557659256,0.01055889559036148
260.0,1728.7738826576626,17.287738826576625,869.2000282107983,43.46000141053992,0.8788797483990591,0.04394398741995296,42152076532.89003,3372166122.6312027,0.21191866508671642,0.006357559952601492,1.2295745102751877e-05,8.607021571926315e-07,0.003030548767028083,0.00021213841369196584,63394282.02533215,6339428.202533215,2.37753256886376e-17,1e-12,0.7402866008297042,0.022208598024891127,9.827221182653529e-11,2.456805295663382e-11,0.130644949325595,0.006532247466279751,0.23187211654311526,0.011593605827155764,0.7007002307599433,0.035035011537997165,0.17975943372345973,0.012583160360642182
280.0,1725.1607455988599,17.251607455988598,870.8003329181025,43.540016645905126,0.8647451284210274,0.04323725642105137,40986661190.35604,3278932895.228483,0.21313698262762162,0.006394109478828649,1.2485826984207981e-05,8.740078888945587e-07,0.0033478575807995795,0.00023435003065597058,60806123.27870222,6080612.327870223,3.199186096845582e-17,1e-12,0.7479025504584921,0.02243707651375476,1.10302099297423e-10,2.757552482435575e-11,0.1334688705900124,0.00667344352950062,0.20185446736747598,0.0100927233683738,0.701272547652247,0.03506362738261235,0.2085288794799606,0.014597021563597243
300.0,1721.7464894748464,17.217464894748463,872.4032276234533,43.620161381172665,0.8506559870312246,0.042532799351561235,39737996463.40901,3179039717.072721,0.21436192677943475,0.006430857803383042,1.267771677363629e-05,8.874401741545403e-07,0.0036762614699350294,0.00025733830289545207,57974753.3013539,5797475.33013539,4.311268018207518e-17,1e-12,0.7555925882183155,0.022667777646549467,1.2307086106363084e-10,3.076771526590771e-11,0.13632366720385397,0.0068161833601926985,0.17383081004589868,0.008691540502294934,0.702307256509617,0.035115362825480854,0.23757615255094988,0.016630330678566493
320.0,1719.780547073402,17.19780547073402,874.0256827655949,43.701284138279746,0.8365788745368364,0.04182894372684182,38385620167.20118,3070849613.3760943,0.2156040976730575,0.006468122930191725,1.2870290441966051e-05,9.009203309376236e-07,0.0040161707489738485,0.00028113195242816943,54986582.325267956,5498658.232526796,5.836754675723047e-17,1e-12,0.7635876124237849,0.022907628372713547,1.367747985355337e-10,3.419369963388343e-11,0.13929752311215893,0.006964876155607947,0.15856878224724197,0.0079284391123621,0.7041664640088934,0.03520832320044467,0.2677719358278442,0.018744035507949095
340.0,1718.818019691215,17.188180196912153,875.7677313139512,43.788386565697564,0.8221238761889113,0.041106193809445565,36911469982.32459,2952917598.5859675,0.2169017146809875,0.006507051440429625,1.3071183158552367e-05,9.149828210986658e-07,0.004370931608739781,0.0003059652126117847,51896055.41248531,5189605.541248531,8.013858445556125e-17,1e-12,0.7720918980491395,0.023162756941474183,1.5163492208500494e-10,3.7908730521251235e-11,0.1424706856238761,0.007123534281193805,0.1527522452896763,0.007637612264483815,0.7074699497208276,0.03537349748604138,0.29988518082223203,0.020991962657556245
360.0,1718.119094384175,17.181190943841752,878.0990833309238,43.90495416654619,0.8068998093661174,0.04034499046830587,35308360226.91738,2824668818.1533904,0.2182851172092412,0.006548553516277236,1.3288466468309077e-05,9.301926527816355e-07,0.004744680522574367,0.0003321276365802057,48761785.976955816,4876178.597695582,1.124140998349654e-16,1e-12,0.7812250559829018,0.023436751679487052,1.6784415965949478e-10,4.1961039914873695e-11,0.14589494002542513,0.007294747001271257,0.15085030551684275,0.007542515275842138,0.7132244047683929,0.035661220238419646,0.334363259916352,0.023405428194144644
380.0,1717.2528272816319,17.17252827281632,882.7554798669651,44.137773993348254,0.7906390865550148,0.039531954327750744,33583360020.92838,2686668801.67427,0.2197641459662714,0.006592924378988141,1.3527308050399957e-05,9.46911563527997e-07,0.005141060339195969,0.0003598742237437179,45655609.930302635,4565560.993030264,1.6151092057462038e-16,1e-12,0.791015199646897,0.02373045598940691,1.855456489706859e-10,4.638641224267147e-11,0.14959172722385608,0.007479586361192805,0.15025978838204937,0.007512989419102469,0.7229103324505947,0.03614551662252973,0.3713057622532744,0.02599140335772921
400.0,1715.96568526016,17.1596568526016,894.6827503922751,44.73413751961376,0.7731789885064202,0.03865894942532101,31757098390.042477,2540567871.203398,0.22133251793097533,0.0066399755379292595,1.3790579225588436e-05,9.653405457911905e-07,0.005563102828503195,0.0003894171979952237,42647594.09775162,4264759.409775162,2.37363384776131e-16,1e-12,0.8014094371882847,0.02404228311564854,2.048212328945607e-10,5.120530822364017e-11,0.15355474143200026,0.007677737071600014,0.15007921101433536,0.007503960550716768,0.7383093599992694,0.036915467999963474,0.4105049038939389,0.028735343272575726
420.0,1714.1187477859314,17.141187477859315,924.328994311265,46.21644971556325,0.7545287701641086,0.03772643850820543,29859982602.950356,2388798608.2360287,0.22297249858696916,0.0066891749576090745,1.4078269814251904e-05,9.854788869976333e-07,0.006012689373875373,0.00042088825617127615,39792400.468475506,3979240.0468475507,3.553450737168913e-16,1e-12,0.8122876897938653,0.02436863069381596,2.2567245547260926e-10,5.6418113868152316e-11,0.1577490575824479,0.007887452879122394,0.15002417692024678,0.007501208846012339,0.7607006044487402,0.03803503022243701,0.4515013246259928,0.0316050927238195
440.0,1711.7605765849728,17.117605765849728,986.5621232170994,49.32810616085497,0.7350341047890586,0.03675170523945293,27926192435.00566,2234095394.8004527,0.2246583003127573,0.006739749009382718,1.4385163109286162e-05,1.0069614176500315e-06,0.0064891422121326,0.00045423995484928205,37120731.04823775,3712073.104823775,5.384335600482884e-16,1e-12,0.823477159621481,0.02470431478864443,2.4798710880124023e-10,6.199677720031006e-11,0.16210535773093626,0.008105267886546813,0.1500073960609828,0.00750036980304914,0.7893670714695503,0.03946835357347752,0.4936454238473624,0.03455517966931537
460.0,1709.1901387091175,17.091901387091177,1090.7561452535938,54.53780726267969,0.7154528201583112,0.035772641007915565,25986629843.806866,2078930387.5045493,0.22635910156447753,0.006790773046934325,1.4699421289829852e-05,1.0289594902880897e-06,0.006987912333558177,0.0004891538633490724,34635518.889907695,3463551.8889907696,8.191521732807239e-16,1e-12,0.8347691387128313,0.02504307416138494,2.715158016374323e-10,6.787895040935808e-11,0.16651898014878652,0.008325949007439326,0.1500022693353982,0.00750011346676991,0.8206329285304482,0.04103164642652241,0.5361651667620537,0.03753156167334377
480.0,1706.8337744968717,17.068337744968716,1223.6192276723634,61.180961383618175,0.6967034092113513,0.03483517046056757,24062502724.30503,1925000217.9444025,0.2280420695574601,0.0068412620867238025,1.500588853788633e-05,1.0504121976520432e-06,0.007501421324300265,0.0005250994927010186,32312476.366664965,3231247.6366664967,1.240355743473738e-15,1e-12,0.8459400827861028,0.025378202483583082,2.959073697866811e-10,7.397684244667028e-11,0.1708684214989154,0.00854342107494577,0.15000069881883177,0.007500034940941589,0.8492993955512508,0.04246496977756254,0.5782392782450614,0.0404767494771543
500.0,1704.9933177271341,17.049933177271342,1341.3775955547549,67.06887977773775,0.6794331826672345,0.033971659133361726,22161565968.867615,1772925277.5094092,0.22967530743424427,0.006890259223027328,1.5292559303366684e-05,1.0704791512356679e-06,0.008022064541171563,0.0005615445178820095,30104919.30646034,3010491.930646034,1.8538259407663262e-15,1e-12,0.8567745272862848,0.025703235818588542,3.20797929004284e-10,8.0199482251071e-11,0.1750465185548063,0.008752325927740315,0.15000021610930903,0.007500010805465452,0.8716906400006651,0.04358453200003326,0.6190701980122554,0.04333491386085788
520.0,1703.72761060198,17.0372761060198,1390.0,69.5,0.6638434505429986,0.033192172527149934,20279031468.19526,1622322517.4556208,0.23123043988213077,0.006936913196463923,1.555380441896009e-05,1.0887663093272064e-06,0.008544422381955668,0.0005981095667368968,27953406.825589824,2795340.6825589826,2.715690840445465e-15,1e-12,0.867083838791537,0.02601251516374611,3.4587769884274976e-10,8.646942471068744e-11,0.17897809055840905,0.008948904527920453,0.15000006716149047,0.007500003358074524,0.8870896675489213,0.04435448337744607,0.6579485008311025,0.04605639505817718
540.0,1702.9314914501756,17.029314914501757,1344.577595554755,67.22887977773775,0.649839665456985,0.03249198327284925,18404507794.275833,1472360623.5420666,0.2326845392350832,0.006980536177052496,1.5788752478219778e-05,1.1052126734753845e-06,0.009065198704059719,0.0006345639092841804,25801013.871905353,2580101.3871905357,3.878186393142885e-15,1e-12,0.8767178038676487,0.026301534116029462,3.7090033045300216e-10,9.272508261325054e-11,0.18261705568801234,0.009130852784400617,0.1500000209903698,0.00750000104951849,0.8967755952280306,0.044838779761401534,0.6943009820577876,0.048601068744045135
560.0,1702.458514880735,17.02458514880735,1230.0192276723635,61.500961383618176,0.637235543096348,0.0318617771548174,16534382073.83346,1322750565.9066768,0.23402120976720506,0.0070206362930161515,1.5998495605661848e-05,1.1198946923963296e-06,0.009582221147265327,0.000670755480308573,23613405.62173945,2361340.5621739454,5.378804534174332e-15,1e-12,0.8855700312972591,0.026567100938917773,3.956680457613995e-10,9.891701144034988e-11,0.18593730106254225,0.009296865053127113,0.15000000660239632,0.007500000330119817,0.9025300502527464,0.04512650251263732,0.7277177445515108,0.05094024211860576
580.0,1702.1869915671123,17.02186991567112,1100.3561452535937,55.01780726267969,0.6258562688087128,0.03129281344043564,14685323053.998526,1174825844.3198822,0.2352308159820265,0.007056924479460795,1.6184533290053586e-05,1.132917330303751e-06,0.010093783010639852,0.0007065648107447897,21398126.904106326,2139812.6904106326,7.229719088473121e-15,1e-12,0.8935785100318187,0.026807355300954558,4.200224567996238e-10,1.0500561419990595e-10,0.18892690076492455,0.009446345038246227,0.15000000209169004,0.007500000104584502,0.9058335357958437,0.045291676789792186,0.7579578996683196,0.05305705297678238
600.0,1702.0341780015444,17.020341780015446,999.3621232170993,49.96810616085497,0.6155596808346486,0.03077798404173243,12900767984.872509,1032061438.7898008,0.23630999188578683,0.007089299756573604,1.634835789015303e-05,1.1443850523107122e-06,0.010598469495731585,0.000741892864701211,19212083.95356162,1921208.395356162,9.411111487725158e-15,1e-12,0.9007221569243526,0.02702166470773058,4.438433822455648e-10,1.109608455613912e-10,0.19158555085861506,0.009579277542930753,0.15000000066792837,0.007500000033396419,0.9076927420475753,0.04538463710237877,0.7849372971822416,0.054945610802756915
620.0,1701.9491330712094,17.019491330712093,940.328994311265,47.016449715563255,0.6062278125578611,0.030311390627893054,11243277306.03064,899462184.4824512,0.23726065886764722,0.007117819766029416,1.649148082906059e-05,1.1544036580342414e-06,0.011095193841552038,0.0007766635689086428,17147560.067968503,1714756.0067968504,1e-14,1e-12,0.9070144202370949,0.027210432607112846,4.670491100931376e-10,1.167622775232844e-10,0.19392284874183016,0.009696142437091508,0.15000000021512735,0.007500000010756368,0.9087274416867672,0.045436372084338365,0.8087039717032812,0.05660927801922969
640.0,1701.902098315674,17.01902098315674,913.8827503922752,45.69413751961376,0.5977560550789407,0.029887802753947035,9774502214.01069,781960177.1208552,0.23808879973228683,0.007142663991968605,1.661550630520837e-05,1.163085441364586e-06,0.011583249274656078,0.0008108274492259255,15299970.49547902,1529997.049547902,1e-14,1e-12,0.912495319663115,0.02737485958989345,4.895943617870875e-10,1.2239859044677187e-10,0.19595630890226057,0.00979781544511303,0.15000000006992753,0.0075000000034963765,0.9092996904654431,0.04546498452327216,0.829407493311104,0.05805852453177728
660.0,1701.876175324314,17.01876175324314,905.1554798669652,45.25777399334826,0.5900470078576284,0.029502350392881422,8534567403.3698845,682765392.2695907,0.23880320141714556,0.007164096042514366,1.672214506282765e-05,1.1705501543979355e-06,0.012062313381120135,0.0008443619366784096,13735213.992900489,1373521.399290049,1e-14,1e-12,0.9172232460788222,0.027516697382364664,5.114655973089809e-10,1.2786639932724523e-10,0.1977090814755993,0.009885454073779965,0.1500000000229499,0.007500000001147495,0.9096150828220765,0.04548075414110383,0.8472675354299294,0.05930872748009506
680.0,1701.8619152548392,17.018619152548393,903.6990833309237,45.18495416654619,0.5830084746172157,0.029150423730860787,7532795830.815279,602623666.4652224,0.2394143156692082,0.007182429470076246,1.6813175565638873e-05,1.1769222895947213e-06,0.012532406456667144,0.0008772684519667002,12474439.911955914,1247443.9911955914,1e-14,1e-12,0.9212674999733127,0.02763802499919938,5.326747179545888e-10,1.331686794886472e-10,0.19920768027103025,0.009960384013551513,0.15000000000760694,0.007500000000380347,0.9097885781277819,0.0454894289063891,0.8625453917306327,0.0603781774211443
700.0,1701.8540791261312,17.018540791261312,904.5677313139512,45.22838656569756,0.5765536695093751,0.028827683475468758,6751901864.508374,540152149.1606699,0.2399333198726678,0.007197999596180034,1.689038261589608e-05,1.1823267831127258e-06,0.012993823549097507,0.0009095676484368255,11499341.436409116,1149934.1436409117,1e-14,1e-12,0.9247021231225785,0.027741063693677355,5.532523684163743e-10,1.3831309210409358e-10,0.2004799927891266,0.01002399963945633,0.15000000000254682,0.0075000000001273414,0.909883916486246,0.0454941958243123,0.8755204968168377,0.06128643477717865
720.0,1701.8497755399103,17.018497755399103,906.0256827655949,45.30128413827975,0.5706021622072166,0.02853010811036083,6159173869.252919,492733909.54023355,0.2403714047928122,0.007211142143784366,1.6955496488448687e-05,1.1868847541914083e-06,0.013447058798123421,0.0009412941158686395,10768230.796709603,1076823.0796709603,1e-14,1e-12,0.9276012120492397,0.027828036361477192,5.732417128245473e-10,1.4331042820613683e-10,0.20155371396101052,0.010077685698050527,0.15000000000086106,0.007500000000043053,0.9099362761236939,0.0454968138061847,0.8864726198203525,0.062053083387424685
740.0,1701.8474127690556,17.018474127690556,907.6032276234533,45.38016138117267,0.5650807666783616,0.028254038333918083,5717333803.766714,457386704.3013371,0.24073927825095534,0.00722217834752866,1.7010144504092718e-05,1.1907101152864903e-06,0.013892734465891843,0.0009724914126124291,10231906.898547111,1023190.6898547112,1e-14,1e-12,0.9300356486801926,0.027901069460405777,5.92693166040905e-10,1.4817329151022626e-10,0.20245523074478466,0.010122761537239233,0.15000000000029398,0.0075000000000147,0.9099650228063967,0.045498251140319836,0.8956694562738997,0.06269686193917298
760.0,1701.8461157779032,17.018461157779033,909.2003329180735,45.46001664590368,0.5599240573870802,0.02799620286935401,5391578406.547354,431326272.52378833,0.24104685300031325,0.007231405590009397,1.705581874544989e-05,1.1939073121814924e-06,0.014331541077972342,0.001003207875458064,9844021.463494506,984402.1463494506,1e-14,1e-12,0.9320710432595302,0.027962131297785905,6.116602494392434e-10,1.5291506235981085e-10,0.20320891338380664,0.010160445669190332,0.15000000000010122,0.007500000000005062,0.909980802666491,0.04549904013332455,0.9033588250078367,0.06323511775054858
780.0,1701.8454038912137,17.018454038912136,910.8000281841744,45.54000140920872,0.5550744622411576,0.027753723112057885,5152747086.818731,412219766.9454985,0.24130307938269518,0.0072390923814808555,1.709385898324796e-05,1.1965701288273572e-06,0.014764190809284925,0.001033493356649945,9565791.619858846,956579.1619858847,1e-14,1e-12,0.9337666315954469,0.028012998947863407,6.301965386966905e-10,1.575491346741726e-10,0.20383673635734373,0.010191836817867186,0.1500000000000351,0.007500000000001755,0.9099894638454163,0.04549947319227082,0.9097644845673813,0.0636835139197167
800.0,1701.8450131745572,17.01845013174557,912.4000019583337,45.62000009791669,0.5504820012546368,0.02752410006273184,4977933748.4156885,398234699.8732551,0.24151588405455088,0.007245476521636526,1.7125447859299915e-05,1.1987813501509942e-06,0.015191383664671845,0.0010633968565270293,9366969.708124828,936696.9708124828,1e-14,1e-12,0.9351748721374076,0.028055246164122225,6.483535636426202e-10,1.6208839091065505e-10,0.2043581453097631,0.010217907265488156,0.15000000000001235,0.007500000000000617,0.9099942175048659,0.04549971087524329,0.9150846013637722,0.06405592209546407
