time_s,pressure_pa
0.0,356.18915
0.0001,228.66115
0.0002,298.32776
0.0003,449.19376
0.0004,-85.51602
0.0005,270.1648
0.0006,485.25864
0.0007,-726.0078
0.0008,-340.62024
0.0009,316.85602
0.001,319.9429
0.0011,924.3297
0.0012,487.8939
0.0013,188.14313
0.0014,516.02844
0.0015,233.31677
0.0016,633.1857
0.0017,-23.301403
0.0018,-1007.80896
0.0019,-102.00097
0.002,592.3857
0.0021,505.00778
0.0022,640.3187
0.0023,-362.1905
0.0024,80.568375
0.0025,173.9957
0.0026,234.32227
0.0027,165.90254
0.0028,-1120.2917
0.0029,-727.4863
0.003,477.93
0.0031,132.98221
0.0032,505.93228
0.0033,-325.79745
0.0034,-505.14276
0.0035,105.89232
0.0036,-425.77673
0.0037,120.096954
0.0038,-415.22232
0.0039,-1610.085
0.004,6.2734756
0.0041,749.3396
0.0042,-272.59915
0.0043,199.16922
0.0044,-228.49402
0.0045,-388.6612
0.0046,612.443
0.0047,-485.00555
0.0048,-475.5676
0.0049,-314.44666
0.005,-613.36743
0.0051,735.308
0.0052,441.00577
0.0053,-377.8125
0.0054,595.09845
0.0055,300.6966
0.0056,-204.42514
0.0057,476.3209
0.0058,399.38702
0.0059,19.12471
0.006,180.55078
0.0061,307.63046
0.0062,175.88475
0.0063,413.06198
0.0064,111.13417
0.0065,315.8421
0.0066,577.8015
0.0067,-370.933
0.0068,1.3747253
0.0069,637.0635
0.007,-469.10922
0.0071,240.86852
0.0072,-33.237774
0.0073,-807.48645
0.0074,290.97183
0.0075,172.35394
0.0076,-123.42357
0.0077,28.76661
0.0078,-691.57556
0.0079,221.18245
0.008,472.83923
0.0081,-910.82196
0.0082,-18.305954
0.0083,-809.6438
0.0084,-771.20087
0.0085,660.00494
0.0086,-48.176064
0.0087,-552.485
0.0088,-273.65494
0.0089,-347.66364
0.009,608.2428
0.0091,-9.071098
0.0092,-525.30927
0.0093,-309.79422
0.0094,-686.0098
0.0095,69.56914
0.0096,759.30286
0.0097,164.4873
0.0098,-363.3762
0.0099,-56.285347
0.01,966.6459
0.0101,814.0813
0.0102,-482.47943
0.0103,-313.89716
0.0104,-261.1553
0.0105,-131.6283
0.0106,824.29285
0.0107,435.62018
0.0108,165.35275
0.0109,147.97514
0.011,572.9558
0.0111,860.3327
0.0112,73.05151
0.0113,-775.2584
0.0114,-109.62121
0.0115,-128.68463
0.0116,120.67282
0.0117,548.51294
0.0118,-18.513386
0.0119,-239.0882
0.012,184.78313
0.0121,101.65484
0.0122,-547.99646
0.0123,-749.6217
0.0124,-729.1424
0.0125,-383.28314
0.0126,-97.68362
0.0127,-102.94689
0.0128,206.63283
0.0129,236.50832
0.013,-399.6672
0.0131,74.79758
0.0132,-209.54726
0.0133,-1225.2574
0.0134,23.52283
0.0135,-38.392956
0.0136,-761.2271
0.0137,287.8268
0.0138,247.93587
0.0139,347.9374
0.014,1029.288
0.0141,-286.96402
0.0142,112.73268
0.0143,223.96997
0.0144,-665.49585
0.0145,965.32874
0.0146,159.15424
0.0147,-944.60596
0.0148,625.2675
0.0149,604.57806
0.015,556.09985
0.0151,784.774
0.0152,-604.5915
0.0153,-35.554054
0.0154,317.0257
0.0155,-70.31685
0.0156,726.54694
0.0157,-634.5724
0.0158,-660.7981
0.0159,659.72784
0.016,366.47113
0.0161,-57.50392
0.0162,-102.181854
0.0163,-640.4839
0.0164,-365.65103
0.0165,218.70428
0.0166,147.36267
0.0167,-381.54987
0.0168,-796.9888
0.0169,-81.655106
0.017,550.88586
0.0171,61.785095
0.0172,-260.98428
0.0173,-631.2346
0.0174,-72.65819
0.0175,-294.28748
0.0176,215.10158
0.0177,173.07877
0.0178,-852.504
0.0179,-430.5049
0.018,618.1714
0.0181,452.40536
0.0182,53.931274
0.0183,-263.62402
0.0184,343.0106
0.0185,500.0312
0.0186,100.74431
0.0187,644.8656
0.0188,-139.25003
0.0189,-281.25616
0.019,234.29039
0.0191,284.7404
0.0192,348.77466
0.0193,84.7664
0.0194,478.1316
0.0195,489.35974
0.0196,-165.37285
0.0197,63.962906
0.0198,304.7036
0.0199,-421.92517
0.02,124.24614
0.0201,-470.7664
0.0202,-406.40173
0.0203,387.05087
0.0204,-137.80394
0.0205,367.40836
0.0206,-62.2518
0.0207,-1199.5988
0.0208,277.43222
0.0209,-248.8176
0.021,-957.4195
0.0211,-52.112495
0.0212,-808.27826
0.0213,-230.23401
0.0214,977.6789
0.0215,-72.32294
0.0216,167.07013
0.0217,-87.71733
0.0218,-762.04675
0.0219,570.9737
0.022,-140.10742
0.0221,-659.8328
0.0222,232.05588
0.0223,302.06732
0.0224,734.7919
0.0225,1430.6467
0.0226,314.7596
0.0227,-216.25687
0.0228,58.44926
0.0229,148.14467
0.023,336.07404
0.0231,-91.58615
0.0232,-635.7589
0.0233,-56.486935
0.0234,615.8008
0.0235,834.49646
0.0236,646.1878
0.0237,-436.573
0.0238,-1002.94214
0.0239,124.26631
0.024,136.30197
0.0241,-726.5502
0.0242,-307.0677
0.0243,-614.7206
0.0244,-19.835377
0.0245,711.4391
0.0246,-85.03103
0.0247,30.092888
0.0248,-407.11536
0.0249,-546.9171
0.025,563.6159
0.0251,-338.95087
0.0252,-789.3255
0.0253,64.51758
0.0254,-102.87809
0.0255,429.75967
0.0256,624.7757
0.0257,223.99686
0.0258,237.44273
0.0259,-115.86746
0.026,23.707695
0.0261,290.5255
0.0262,-144.20837
0.0263,300.72955
0.0264,418.05295
0.0265,194.58202
0.0266,573.31885
0.0267,97.532745
0.0268,320.76904
0.0269,62.81952
0.027,-616.18933
0.0271,231.14496
0.0272,-300.73813
0.0273,-472.27435
0.0274,443.08786
0.0275,-281.57706
0.0276,-513.3612
0.0277,-118.37591
0.0278,-194.76816
0.0279,614.3933
0.028,-476.73004
0.0281,-540.4092
0.0282,-123.535736
0.0283,-419.49286
0.0284,90.21228
0.0285,359.7804
0.0286,-857.0132
0.0287,-560.2828
0.0288,605.9375
0.0289,480.74673
0.029,66.56714
0.0291,-125.7816
0.0292,-440.48438
0.0293,320.69846
0.0294,626.8998
0.0295,168.55498
0.0296,16.850918
0.0297,-457.47437
0.0298,-69.60936
0.0299,1166.8857
0.03,908.12396
0.0301,-265.7933
0.0302,221.84912
0.0303,109.40475
0.0304,-47.35411
0.0305,883.82513
0.0306,-546.6775
0.0307,-846.2729
0.0308,-75.08261
0.0309,-77.22877
0.031,956.8651
0.0311,-127.758224
0.0312,-1165.1947
0.0313,392.05762
0.0314,-153.23152
0.0315,-683.0776
0.0316,47.70746
0.0317,-1098.8744
0.0318,-487.1588
0.0319,653.0371
0.032,-213.30684
0.0321,724.7123
0.0322,-39.33698
0.0323,-232.4294
0.0324,669.9767
0.0325,-390.0168
0.0326,-235.88486
0.0327,303.16696
0.0328,-433.5037
0.0329,121.92719
0.033,675.67694
0.0331,431.6486
0.0332,530.07196
0.0333,396.1972
0.0334,669.17487
0.0335,-42.309467
0.0336,-621.5313
0.0337,32.724106
0.0338,-81.96864
0.0339,-147.2564
0.034,-87.64615
0.0341,17.516024
0.0342,441.99774
0.0343,57.919563
0.0344,176.56581
0.0345,-55.053467
0.0346,-1052.2736
0.0347,-461.2183
0.0348,117.25517
0.0349,-113.39662
0.035,-325.14267
0.0351,-107.448204
0.0352,277.82996
0.0353,259.4408
0.0354,192.54497
0.0355,14.898285
0.0356,-852.99976
0.0357,-498.18457
0.0358,243.84494
0.0359,391.24704
0.036,247.72751
0.0361,-150.78412
0.0362,562.1158
0.0363,1045.4872
0.0364,412.9844
0.0365,368.7703
0.0366,-506.37885
0.0367,-761.32513
0.0368,567.6912
0.0369,368.0698
0.037,114.609985
0.0371,103.66786
0.0372,-624.9416
0.0373,824.50366
0.0374,180.23775
0.0375,-443.07114
0.0376,134.1858
0.0377,-1059.0785
0.0378,-782.4573
0.0379,808.3487
0.038,-556.472
0.0381,-253.74158
0.0382,-2.4349613
0.0383,-564.328
0.0384,601.46246
0.0385,130.43643
0.0386,-414.83966
0.0387,300.2267
0.0388,-492.36966
0.0389,326.50732
0.039,1157.2882
0.0391,-491.80237
0.0392,69.56152
0.0393,808.01855
0.0394,42.344795
0.0395,362.61487
0.0396,284.17865
0.0397,154.57135
0.0398,264.05402
0.0399,89.44267
0.04,118.57631
0.0401,-153.67023
0.0402,-238.83391
0.0403,-99.17865
0.0404,113.901695
0.0405,-483.1471
0.0406,-628.84283
0.0407,145.83421
0.0408,214.78273
0.0409,-350.41132
0.041,-162.58609
0.0411,-759.69305
0.0412,-352.7251
0.0413,208.68132
0.0414,-598.4581
0.0415,-514.0056
0.0416,-314.90503
0.0417,67.12399
0.0418,1120.2255
0.0419,180.41481
0.042,-325.49756
0.0421,7.8286285
0.0422,-213.88441
0.0423,458.9386
0.0424,481.0711
0.0425,-216.33574
0.0426,10.319878
0.0427,282.66766
0.0428,1081.0298
0.0429,867.1703
0.043,-617.5225
0.0431,-425.48215
0.0432,-392.37448
0.0433,-65.996376
0.0434,135.15605
0.0435,-661.52203
0.0436,-478.19012
0.0437,-21.995468
0.0438,143.53511
0.0439,1126.8071
0.044,-576.63135
0.0441,-1020.18274
0.0442,-100.1021
0.0443,-523.83997
0.0444,148.05661
0.0445,164.62894
0.0446,-763.78143
0.0447,360.70258
0.0448,567.6217
0.0449,871.6306
0.045,720.1823
0.0451,-459.50565
0.0452,-176.70648
0.0453,665.63025
0.0454,-279.13416
0.0455,114.77365
0.0456,398.11618
0.0457,-227.89069
0.0458,537.97797
0.0459,511.22556
0.046,-68.656525
0.0461,-79.05911
0.0462,-403.41022
0.0463,-584.6756
0.0464,59.0755
0.0465,-597.69745
0.0466,-387.444
0.0467,327.282
0.0468,-111.40296
0.0469,-193.78662
0.047,656.11084
0.0471,-317.95245
0.0472,-426.834
0.0473,405.93604
0.0474,-300.92987
0.0475,-309.70413
0.0476,76.993835
0.0477,44.654984
0.0478,1131.3468
0.0479,375.668
0.048,-254.25652
0.0481,846.1416
0.0482,107.63451
0.0483,10.356148
0.0484,491.62662
0.0485,-1263.518
0.0486,-134.48659
0.0487,743.02203
0.0488,82.16185
0.0489,195.68283
0.049,-977.3463
0.0491,-502.1463
0.0492,467.59726
0.0493,-380.88165
0.0494,-191.9695
0.0495,-391.6767
0.0496,-946.8159
0.0497,152.51225
0.0498,606.2913
0.0499,-35.367573
0.05,-511.8494
0.0501,-405.29395
0.0502,636.73627
0.0503,852.9278
0.0504,247.95802
0.0505,73.50076
0.0506,-477.57904
0.0507,5.3700943
0.0508,749.3736
0.0509,254.74712
0.051,-266.31183
0.0511,-535.7768
0.0512,-142.01703
0.0513,797.5807
0.0514,-141.81967
0.0515,-251.43924
0.0516,-248.61409
0.0517,-887.31683
0.0518,-13.276203
0.0519,135.58826
0.052,-985.911
0.0521,-624.41504
0.0522,5.797882
0.0523,364.23065
0.0524,696.2822
0.0525,87.4267
0.0526,262.9935
0.0527,69.27876
0.0528,-16.2575
0.0529,143.4572
0.053,377.59973
0.0531,-48.830414
0.0532,-138.0133
0.0533,939.1103
0.0534,138.58633
0.0535,278.17386
0.0536,791.6655
0.0537,-164.5308
0.0538,-100.985916
0.0539,-285.49615
0.054,-834.05206
0.0541,199.88536
0.0542,-282.8056
0.0543,-424.75067
0.0544,805.4371
0.0545,-969.8455
0.0546,214.18744
0.0547,649.8511
0.0548,-763.4027
0.0549,-477.66428
0.055,-288.8689
0.0551,-404.5204
0.0552,874.428
0.0553,334.32016
0.0554,88.28159
0.0555,868.6541
0.0556,-69.59437
0.0557,871.3077
0.0558,951.0082
0.0559,-1245.3531
0.056,-592.8752
0.0561,176.87717
0.0562,253.14453
0.0563,667.74286
0.0564,-23.723043
0.0565,-350.0392
0.0566,74.78786
0.0567,-25.867867
0.0568,92.53026
0.0569,-543.1841
0.057,-1379.7295
0.0571,-256.64108
0.0572,201.96729
0.0573,374.32126
0.0574,124.568535
0.0575,121.86306
0.0576,-5.082594
0.0577,332.4429
0.0578,890.0889
0.0579,104.81531
0.058,-790.818
0.0581,-181.26077
0.0582,192.32373
0.0583,593.30676
0.0584,542.3973
0.0585,201.24014
0.0586,-139.6188
0.0587,-51.362198
0.0588,184.85608
0.0589,177.89041
0.059,-967.24854
0.0591,-743.36914
0.0592,-358.63538
0.0593,47.258797
0.0594,-224.01906
0.0595,-518.17596
0.0596,320.73203
0.0597,-90.91887
0.0598,-98.90663
0.0599,466.35336
0.06,-228.9776
0.0601,-1.7191162
0.0602,239.85495
0.0603,146.95976
0.0604,404.01068
0.0605,182.84482
0.0606,183.74086
0.0607,884.871
0.0608,-474.50995
0.0609,-132.03604
0.061,545.9826
0.0611,-575.7401
0.0612,152.75877
0.0613,46.599678
0.0614,-1130.718
0.0615,44.180668
0.0616,-230.99408
0.0617,62.384842
0.0618,235.61865
0.0619,-639.2898
0.062,139.81082
0.0621,984.9942
0.0622,-237.28275
0.0623,565.7484
0.0624,-26.918
0.0625,-717.2532
0.0626,670.6366
0.0627,987.42175
0.0628,181.58623
0.0629,-7.9955215
0.063,-272.2389
0.0631,487.8213
0.0632,1071.166
0.0633,-478.4781
0.0634,-705.29
0.0635,-707.46674
0.0636,-726.5215
0.0637,209.03894
0.0638,490.5434
0.0639,-970.4911
0.064,-406.5402
0.0641,434.62695
0.0642,379.8538
0.0643,396.99454
0.0644,-260.71814
0.0645,-877.3104
0.0646,80.8108
0.0647,31.809662
0.0648,346.8012
0.0649,526.7092
0.065,-314.10107
0.0651,464.7767
0.0652,1028.0404
0.0653,-166.087
0.0654,-182.28146
0.0655,-483.2593
0.0656,-1080.6726
0.0657,-144.64597
0.0658,-78.83197
0.0659,140.89743
0.066,-141.8248
0.0661,-471.50967
0.0662,358.76956
0.0663,505.78268
0.0664,-384.43948
0.0665,-59.41238
0.0666,-473.96503
0.0667,-147.70746
0.0668,75.0784
0.0669,287.89297
0.067,716.06384
0.0671,246.8905
0.0672,290.77365
0.0673,578.9757
0.0674,-556.22296
0.0675,-54.992905
0.0676,276.54742
0.0677,-735.5411
0.0678,-399.01102
0.0679,-494.02243
0.068,80.05758
0.0681,801.73
0.0682,-96.439804
0.0683,-34.899143
0.0684,173.3475
0.0685,-608.969
0.0686,491.7388
0.0687,283.51617
0.0688,-799.6858
0.0689,225.86517
0.069,229.34875
0.0691,867.2211
0.0692,787.0461
0.0693,-298.57355
0.0694,-317.14423
0.0695,-381.61636
0.0696,-21.75914
0.0697,258.5083
0.0698,-291.65726
0.0699,-975.46936
0.07,-358.25937
0.0701,551.65656
0.0702,153.4133
0.0703,-6.324692
0.0704,-376.94516
0.0705,-764.99133
0.0706,423.04053
0.0707,612.24664
0.0708,40.39229
0.0709,-194.5451
0.071,-568.8123
0.0711,437.70587
0.0712,1488.0452
0.0713,-276.45978
0.0714,-79.32199
0.0715,209.96472
0.0716,-532.5315
0.0717,820.14417
0.0718,338.33954
0.0719,-1173.8245
0.072,-156.57825
0.0721,-617.1667
0.0722,272.04135
0.0723,486.8252
0.0724,-706.8154
0.0725,64.84314
0.0726,451.18915
0.0727,-365.8111
0.0728,925.5991
0.0729,486.25623
0.073,-370.45706
0.0731,504.84534
0.0732,23.570988
0.0733,226.44965
0.0734,-57.96456
0.0735,-114.18497
0.0736,385.92953
0.0737,-211.84052
0.0738,-137.4408
0.0739,-1.2818527
0.074,-238.08682
0.0741,-544.057
0.0742,-345.58575
0.0743,-342.18158
0.0744,-302.48047
0.0745,48.753273
0.0746,873.3274
0.0747,307.07007
0.0748,-210.50626
0.0749,630.0324
0.075,641.80237
0.0751,74.69882
0.0752,85.10293
0.0753,-846.0491
0.0754,-225.30672
0.0755,250.9479
0.0756,388.33414
0.0757,397.8482
0.0758,-539.94653
0.0759,-549.356
0.076,178.46095
0.0761,117.3431
0.0762,-645.1409
0.0763,-751.0097
0.0764,-314.11478
0.0765,73.10656
0.0766,764.0332
0.0767,1025.0669
0.0768,-14.649673
0.0769,177.60483
0.077,255.70412
0.0771,516.90393
0.0772,159.82605
0.0773,-676.85205
0.0774,-703.5869
0.0775,324.68518
0.0776,-124.792656
0.0777,800.80475
0.0778,368.9714
0.0779,-1460.2249
0.078,-210.06473
0.0781,498.05743
0.0782,-612.64
0.0783,-42.403275
0.0784,-841.618
0.0785,-96.81534
0.0786,1228.3201
0.0787,137.72635
0.0788,744.82764
0.0789,616.92786
0.079,-1062.6609
0.0791,775.4286
0.0792,304.28152
0.0793,-828.6315
0.0794,-172.84802
0.0795,-663.1169
0.0796,-179.43304
0.0797,300.77173
0.0798,25.81961
0.0799,101.74374
0.08,97.02995
0.0801,-312.3494
0.0802,333.79327
0.0803,26.596762
0.0804,-263.9334
0.0805,436.01297
0.0806,476.9866
0.0807,87.57943
0.0808,261.30457
0.0809,374.31223
0.081,3.3546753
0.0811,-137.2821
0.0812,-392.7091
0.0813,-415.9314
0.0814,-337.13757
0.0815,-182.41954
0.0816,181.92181
0.0817,-83.446594
0.0818,-736.1797
0.0819,253.61145
0.082,887.32275
0.0821,40.59722
0.0822,235.86417
0.0823,-35.84564
0.0824,-205.91714
0.0825,768.65686
0.0826,215.28535
0.0827,-383.37018
0.0828,-589.2799
0.0829,-539.8501
0.083,509.22403
0.0831,1.956604
0.0832,-582.8245
0.0833,-381.65512
0.0834,-342.65308
0.0835,455.20236
0.0836,469.1954
0.0837,-160.02754
0.0838,-401.6115
0.0839,-393.96936
0.084,501.31366
0.0841,1112.844
0.0842,-182.7617
0.0843,73.72161
0.0844,-41.666363
0.0845,-203.9369
0.0846,702.0593
0.0847,-550.1267
0.0848,-830.2533
0.0849,-766.801
0.085,-544.1781
0.0851,720.5399
0.0852,501.11108
0.0853,-655.902
0.0854,578.50775
0.0855,51.263916
0.0856,-90.73292
0.0857,927.1304
0.0858,-462.6793
0.0859,-622.4958
0.086,29.745779
0.0861,-292.5053
0.0862,464.542
0.0863,82.500275
0.0864,-529.989
0.0865,443.25818
0.0866,-54.473774
0.0867,-575.411
0.0868,86.03933
0.0869,-375.17715
0.087,-783.6749
0.0871,496.10992
0.0872,565.9618
0.0873,140.4682
0.0874,820.3871
0.0875,466.51074
0.0876,204.63698
0.0877,4.4021072
0.0878,-655.5821
0.0879,-510.24872
0.088,-131.8206
0.0881,-1040.028
0.0882,-2.8697205
0.0883,164.98817
0.0884,-68.515076
0.0885,1164.2451
0.0886,432.25583
0.0887,-513.12036
0.0888,123.99008
0.0889,-184.73473
0.089,255.72144
0.0891,493.77307
0.0892,-606.7192
0.0893,408.47562
0.0894,176.06943
0.0895,293.8512
0.0896,544.0849
0.0897,-697.40686
0.0898,-993.14166
0.0899,-167.08168
0.09,-66.89865
0.0901,1.5769043
0.0902,-256.393
0.0903,-202.90485
0.0904,743.24664
0.0905,624.74695
0.0906,1023.07214
0.0907,193.3554
0.0908,-1196.5524
0.0909,-508.3045
0.091,173.91916
0.0911,104.28664
0.0912,-282.50778
0.0913,-954.5557
0.0914,-51.062904
0.0915,705.4447
0.0916,255.6155
0.0917,588.0167
0.0918,-215.41066
0.0919,-410.54492
0.092,690.5509
0.0921,418.85077
0.0922,123.08082
0.0923,-18.310623
0.0924,-214.41328
0.0925,300.0409
0.0926,-16.272781
0.0927,-306.58594
0.0928,-230.96436
0.0929,-514.66504
0.093,-286.08957
0.0931,576.25415
0.0932,21.544395
0.0933,-178.60129
0.0934,340.38782
0.0935,392.34875
0.0936,99.109024
0.0937,478.1785
0.0938,-52.78505
0.0939,89.99784
0.094,166.08304
0.0941,-452.10556
0.0942,-382.5301
0.0943,-44.298546
0.0944,-727.65045
0.0945,204.6959
0.0946,-61.312828
0.0947,-894.4353
0.0948,899.2636
0.0949,523.8949
0.095,89.753204
0.0951,769.9845
0.0952,-538.67535
0.0953,-163.19208
0.0954,443.92926
0.0955,-663.53906
0.0956,-46.36409
0.0957,-611.3219
0.0958,-998.64465
0.0959,1208.2844
0.096,122.992676
0.0961,-350.5486
0.0962,178.28296
0.0963,-434.31714
0.0964,247.58018
0.0965,546.54315
0.0966,-466.7036
0.0967,21.966614
0.0968,-370.88098
0.0969,185.26645
0.097,1091.5984
0.0971,-97.273056
0.0972,-717.3357
0.0973,11.945251
0.0974,-129.7113
0.0975,-40.734425
0.0976,138.14288
0.0977,-194.60106
0.0978,-357.1027
0.0979,465.4422
0.098,1471.8127
0.0981,582.9403
0.0982,-17.865372
0.0983,-397.12012
0.0984,-197.37329
0.0985,52.3295
0.0986,-563.4528
0.0987,-458.90567
0.0988,-239.30537
0.0989,-350.11517
0.099,1064.8542
0.0991,804.7873
0.0992,12.654772
0.0993,126.759384
0.0994,43.933365
0.0995,-146.80768
0.0996,-185.98552
0.0997,-510.57025
0.0998,-168.03918
0.0999,-137.70366
0.1,70.42542
0.1001,517.3444
0.1002,-68.6718
0.1003,-52.867012
0.1004,-79.48682
0.1005,-101.89517
0.1006,238.20526
0.1007,-384.50653
0.1008,527.0118
0.1009,438.29095
0.101,-113.432556
0.1011,490.05566
0.1012,-242.63724
0.1013,-701.25854
0.1014,254.89278
0.1015,-450.5564
0.1016,-483.12393
0.1017,-31.301182
0.1018,-496.11734
0.1019,1157.2256
0.102,277.05084
0.1021,-349.8011
0.1022,887.4547
0.1023,266.91772
0.1024,77.60467
0.1025,595.9959
0.1026,-878.275
0.1027,-629.2393
0.1028,-42.74289
0.1029,67.87578
0.103,558.20074
0.1031,-73.02449
0.1032,-187.5495
0.1033,795.5589
0.1034,716.1087
0.1035,342.79645
0.1036,306.0082
0.1037,-899.0183
0.1038,-475.13266
0.1039,434.25226
0.104,283.2968
0.1041,-476.72217
0.1042,-310.68832
0.1043,-338.66156
0.1044,807.53406
0.1045,633.1537
0.1046,52.464725
0.1047,-68.02072
0.1048,19.696083
0.1049,-234.12405
0.105,889.48193
0.1051,13.32692
0.1052,-1310.094
0.1053,7.0666122
0.1054,-201.42223
0.1055,-36.919876
0.1056,650.493
0.1057,-405.5726
0.1058,-101.49771
0.1059,246.84253
0.106,368.63486
0.1061,504.24573
0.1062,-566.59534
0.1063,-631.8744
0.1064,392.40768
0.1065,-105.426765
0.1066,-244.3033
0.1067,403.01318
0.1068,-275.94064
0.1069,-63.739624
0.107,-135.42912
0.1071,287.21924
0.1072,238.33904
0.1073,-378.21634
0.1074,521.311
0.1075,467.62384
0.1076,-378.72253
0.1077,592.01337
0.1078,-105.86311
0.1079,-208.44016
0.108,-437.44928
0.1081,-774.7775
0.1082,131.82411
0.1083,78.80528
0.1084,22.522627
0.1085,869.49475
0.1086,-134.09167
0.1087,90.63068
0.1088,877.7342
0.1089,-64.008606
0.109,-394.4339
0.1091,-738.42615
0.1092,-1078.2816
0.1093,213.66386
0.1094,192.19809
0.1095,217.52686
0.1096,511.25702
0.1097,-32.718163
0.1098,702.53015
0.1099,1128.6287
0.11,-427.33905
0.1101,-1224.0055
0.1102,-493.8189
0.1103,-608.95984
0.1104,13.8350525
0.1105,373.71225
0.1106,-191.52696
0.1107,-237.8185
0.1108,740.84515
0.1109,665.89374
0.111,783.60895
0.1111,-694.33453
0.1112,-1265.678
0.1113,302.12027
0.1114,93.70427
0.1115,-201.91724
0.1116,401.01202
0.1117,-606.29175
0.1118,-199.63757
0.1119,1037.004
0.112,234.8017
0.1121,-26.196844
0.1122,-471.78134
0.1123,-852.0796
0.1124,1071.5829
0.1125,-30.882385
0.1126,-502.34308
0.1127,346.7932
0.1128,-627.54724
0.1129,112.19821
0.113,871.3636
0.1131,-313.4731
0.1132,-90.355804
0.1133,86.794846
0.1134,-86.13225
0.1135,586.5878
0.1136,-325.9868
0.1137,-142.23534
0.1138,300.99603
0.1139,-538.7067
0.114,0.7224655
0.1141,-33.49826
0.1142,-351.45798
0.1143,33.711853
0.1144,300.72803
0.1145,27.063538
0.1146,234.6488
0.1147,108.33355
0.1148,514.82227
0.1149,-240.9628
0.115,-522.9367
0.1151,-111.654785
0.1152,-126.802124
0.1153,435.56305
0.1154,174.55481
0.1155,10.10004
0.1156,-147.05124
0.1157,59.93048
0.1158,404.19638
0.1159,247.1709
0.116,-596.271
0.1161,-419.72836
0.1162,255.32356
0.1163,-55.277557
0.1164,274.34482
0.1165,-183.8988
0.1166,-215.78181
0.1167,-234.21976
0.1168,523.5209
0.1169,566.77106
0.117,-376.81335
0.1171,-614.0657
0.1172,-95.07892
0.1173,676.00085
0.1174,506.0946
0.1175,-260.93268
0.1176,-105.24086
0.1177,-395.115
0.1178,-52.32035
0.1179,1027.7323
0.118,-312.96124
0.1181,-568.56024
0.1182,432.34195
0.1183,51.642914
0.1184,660.0567
0.1185,71.23637
0.1186,-1245.6924
0.1187,56.56836
0.1188,-149.31332
0.1189,32.984844
0.119,1010.0569
0.1191,-665.43756
0.1192,-436.91516
0.1193,895.4843
0.1194,-372.76392
0.1195,186.43051
0.1196,-144.28351
0.1197,-956.3445
0.1198,154.7193
0.1199,-69.3291
0.12,257.12982
0.1201,797.1962
0.1202,-524.9766
0.1203,206.9444
0.1204,615.447
0.1205,-490.56906
0.1206,-150.40067
0.1207,-204.5343
0.1208,-497.2898
0.1209,-110.28861
0.121,86.06992
0.1211,170.09032
0.1212,272.2425
0.1213,387.16254
0.1214,126.033966
0.1215,-98.8909
0.1216,-293.88763
0.1217,-428.52606
0.1218,107.202705
0.1219,-510.10535
0.122,-501.56778
0.1221,480.10568
0.1222,327.88007
0.1223,88.35362
0.1224,199.2302
0.1225,-473.32004
0.1226,-284.2472
0.1227,-9.950678
0.1228,-14.785921
0.1229,234.96208
0.123,-873.3319
0.1231,59.115906
0.1232,673.19635
0.1233,275.93506
0.1234,88.934586
0.1235,100.81363
0.1236,-1040.0591
0.1237,-4.1343765
0.1238,155.81238
0.1239,412.67145
0.124,-265.8359
0.1241,-699.7333
0.1242,799.24817
0.1243,541.0016
0.1244,118.20981
0.1245,224.07043
0.1246,-1107.546
0.1247,-196.36618
0.1248,390.90036
0.1249,-96.0035
0.125,245.67891
0.1251,-554.70087
0.1252,-471.98376
0.1253,1282.3401
0.1254,-254.81493
0.1255,-169.68185
0.1256,-265.28452
0.1257,-1059.8806
0.1258,346.66306
0.1259,572.60706
0.126,-175.03873
0.1261,299.1956
0.1262,-427.99802
0.1263,48.761284
0.1264,861.196
0.1265,-622.31
0.1266,-259.48987
0.1267,35.1432
0.1268,-477.47803
0.1269,562.9695
0.127,577.6173
0.1271,-141.66344
0.1272,99.333984
0.1273,7.4798775
0.1274,-233.79791
0.1275,-406.78323
0.1276,-421.81744
0.1277,-171.47862
0.1278,317.55505
0.1279,27.338032
0.128,336.58844
0.1281,638.71484
0.1282,-186.85173
0.1283,-401.9895
0.1284,-109.936615
0.1285,-909.0962
0.1286,-190.1905
0.1287,750.08484
0.1288,142.48572
0.1289,373.987
0.129,72.86452
0.1291,177.1473
0.1292,790.96606
0.1293,-374.46783
0.1294,-989.33435
0.1295,-284.3128
0.1296,-952.3419
0.1297,380.79816
0.1298,980.7269
0.1299,-83.94736
0.13,284.29242
0.1301,300.0531
0.1302,280.28302
0.1303,379.12793
0.1304,-1067.6132
0.1305,-826.3402
0.1306,-347.6635
0.1307,66.41676
0.1308,1258.1284
0.1309,607.4585
0.131,-181.74435
0.1311,-85.0959
0.1312,199.14508
0.1313,262.13098
0.1314,-819.73206
0.1315,-1022.7298
0.1316,-225.12961
0.1317,32.453465
0.1318,705.4448
0.1319,864.94885
0.132,-353.56274
0.1321,-324.722
0.1322,225.54362
0.1323,186.79776
0.1324,-4.897932
0.1325,-906.7318
0.1326,-338.5653
0.1327,194.21614
0.1328,99.45271
0.1329,616.6839
0.133,262.44882
0.1331,-573.4142
0.1332,-183.9428
0.1333,186.74695
0.1334,-284.48367
0.1335,-173.88345
0.1336,-390.635
0.1337,31.93083
0.1338,304.255
0.1339,77.025444
0.134,229.21414
0.1341,24.675938
0.1342,-517.1189
0.1343,110.637276
0.1344,633.5312
0.1345,-381.8937
0.1346,-104.11886
0.1347,382.67194
0.1348,-496.95947
0.1349,-162.14435
0.135,494.59866
0.1351,-46.828857
0.1352,427.47302
0.1353,287.37515
0.1354,-276.45526
0.1355,515.4408
0.1356,-497.97974
0.1357,126.14632
0.1358,420.3499
0.1359,-1128.2948
0.136,183.19772
0.1361,967.5592
0.1362,-118.1826
0.1363,859.4202
0.1364,-123.66915
0.1365,-819.97406
0.1366,444.48627
0.1367,-195.41595
0.1368,56.56249
0.1369,161.33664
0.137,-665.19946
0.1371,887.21497
0.1372,999.5343
0.1373,-257.83472
0.1374,-105.6042
0.1375,-510.96765
0.1376,-218.71782
0.1377,479.92703
0.1378,383.85385
0.1379,126.54718
0.138,-849.5249
0.1381,-168.9229
0.1382,458.08234
0.1383,81.46284
0.1384,-349.96405
0.1385,-445.7834
0.1386,-165.23035
0.1387,501.33844
0.1388,439.6824
0.1389,398.12537
0.139,-880.50854
0.1391,-802.50616
0.1392,-29.045273
0.1393,11.191978
0.1394,-68.34977
0.1395,-10.711197
0.1396,363.1875
0.1397,666.4368
0.1398,217.08049
0.1399,-162.06398
0.14,-529.9313
0.1401,-977.2172
0.1402,-308.3954
0.1403,324.98944
0.1404,409.4419
0.1405,461.93347
0.1406,219.06151
0.1407,334.04074
0.1408,-365.9198
0.1409,-492.44983
0.141,-221.98492
0.1411,-569.6843
0.1412,-103.91999
0.1413,870.12036
0.1414,-61.84012
0.1415,515.668
0.1416,373.79694
0.1417,-128.08147
0.1418,448.27344
0.1419,-429.6662
0.142,-116.99817
0.1421,574.012
0.1422,-708.5468
0.1423,24.644882
0.1424,116.43181
0.1425,-566.2606
0.1426,712.9008
0.1427,434.51617
0.1428,-288.62714
0.1429,291.22635
0.143,-626.7061
0.1431,-114.402145
0.1432,398.4909
0.1433,-1112.1644
0.1434,-157.03041
0.1435,453.38284
0.1436,303.11154
0.1437,1666.3213
0.1438,148.97964
0.1439,-748.22723
0.144,-503.37183
0.1441,-294.01807
0.1442,88.450485
0.1443,-292.65613
0.1444,-399.4152
0.1445,166.71823
0.1446,591.8097
0.1447,354.54504
0.1448,299.02533
0.1449,-304.78577
0.145,-745.7106
0.1451,107.87608
0.1452,838.73224
0.1453,6.8455353
0.1454,-251.83221
0.1455,-274.699
0.1456,-186.88676
0.1457,563.44366
0.1458,284.94873
0.1459,-131.82654
0.146,46.408134
0.1461,-403.98297
0.1462,159.10626
0.1463,354.5575
0.1464,-921.33673
0.1465,-188.81491
0.1466,307.57498
0.1467,48.324802
0.1468,1058.9675
0.1469,143.71274
0.147,-477.9167
0.1471,-360.18515
0.1472,-303.86325
0.1473,231.21411
0.1474,-71.50482
0.1475,-286.25208
0.1476,505.61914
0.1477,-65.682526
0.1478,-360.74417
0.1479,33.1167
0.148,-299.8175
0.1481,75.05904
0.1482,-24.19899
0.1483,148.89307
0.1484,451.0016
0.1485,-603.83594
0.1486,232.65512
0.1487,159.46025
0.1488,-744.045
0.1489,105.6772
0.149,571.1805
0.1491,365.25998
0.1492,497.20465
0.1493,-564.9257
0.1494,-413.05045
0.1495,-61.90161
0.1496,-151.06851
0.1497,618.1519
0.1498,-235.84186
0.1499,-901.1735
0.15,430.9942
0.1501,468.4992
0.1502,-41.56299
0.1503,165.2619
0.1504,-224.4231
0.1505,170.29803
0.1506,391.84238
0.1507,-178.63104
0.1508,-456.41162
0.1509,-910.54236
0.151,-526.008
0.1511,1072.3744
0.1512,1475.0436
0.1513,-231.67126
0.1514,-325.5865
0.1515,-173.44638
0.1516,-427.37408
0.1517,312.56482
0.1518,23.988937
0.1519,-826.8782
0.152,84.41257
0.1521,364.52625
0.1522,510.4416
0.1523,548.1542
0.1524,-728.5033
0.1525,-100.68925
0.1526,520.31824
0.1527,-333.14914
0.1528,74.72356
0.1529,-551.58997
0.153,-1330.9468
0.1531,836.0839
0.1532,976.7755
0.1533,268.87216
0.1534,362.48187
0.1535,-590.53864
0.1536,-271.29572
0.1537,65.97368
0.1538,-897.98474
0.1539,353.06998
0.154,-172.25143
0.1541,-153.24467
0.1542,750.78394
0.1543,144.9167
0.1544,-101.25514
0.1545,269.67966
0.1546,-127.80709
0.1547,53.62649
0.1548,-493.43903
0.1549,-361.59784
0.155,201.84207
0.1551,-488.48672
0.1552,300.18265
0.1553,566.97833
0.1554,455.95508
0.1555,245.1139
0.1556,-273.5572
0.1557,-430.27606
0.1558,-665.581
0.1559,-358.86536
0.156,883.6035
0.1561,630.265
0.1562,-311.9267
0.1563,0.91316175
0.1564,-197.74031
0.1565,129.84102
0.1566,654.1194
0.1567,-34.125233
0.1568,-217.95465
0.1569,-714.3947
0.157,-181.3282
0.1571,282.29166
0.1572,-173.29889
0.1573,-179.59393
0.1574,185.03667
0.1575,341.23392
0.1576,77.62163
0.1577,-159.47511
0.1578,-102.00067
0.1579,-964.8961
0.158,530.9185
0.1581,940.11664
0.1582,-230.06754
0.1583,-575.15234
0.1584,-641.5215
0.1585,-12.098877
0.1586,1253.8047
0.1587,-47.85058
0.1588,-241.11356
0.1589,-402.14166
0.159,-1127.371
0.1591,987.59393
0.1592,433.74982
0.1593,-651.4681
0.1594,214.79807
0.1595,-322.93964
0.1596,-260.8916
0.1597,835.72626
0.1598,-187.0096
0.1599,40.049614
0.16,276.95508
0.1601,-398.57654
0.1602,643.38275
0.1603,-472.50015
0.1604,-1288.9642
0.1605,685.85504
0.1606,150.05643
0.1607,57.854958
0.1608,379.35004
0.1609,-329.33548
0.161,-170.15027
0.1611,310.5254
0.1612,113.71217
0.1613,151.1485
0.1614,-338.58588
0.1615,-754.74634
0.1616,140.48508
0.1617,111.833786
0.1618,118.58886
0.1619,712.2107
0.162,253.04538
0.1621,-450.0365
0.1622,-269.5102
0.1623,-353.80228
0.1624,-365.6537
0.1625,436.36224
0.1626,215.81128
0.1627,-135.01756
0.1628,-93.64495
0.1629,100.96327
0.163,696.81335
0.1631,623.6412
0.1632,-817.7735
0.1633,-426.3487
0.1634,-253.24713
0.1635,-255.68082
0.1636,670.59534
0.1637,501.57684
0.1638,-224.85074
0.1639,226.86829
0.164,341.37054
0.1641,528.01746
0.1642,-418.01678
0.1643,-596.1266
0.1644,13.752251
0.1645,-305.90945
0.1646,151.14789
0.1647,67.491905
0.1648,-274.41068
0.1649,340.62296
0.165,380.06906
0.1651,550.641
0.1652,55.441223
0.1653,-1355.288
0.1654,-31.13916
0.1655,314.13602
0.1656,-141.35886
0.1657,523.5817
0.1658,-586.79285
0.1659,-350.9049
0.166,870.02454
0.1661,472.377
0.1662,326.1056
0.1663,-313.1925
0.1664,-1299.2334
0.1665,421.37253
0.1666,491.2928
0.1667,-184.60805
0.1668,498.79626
0.1669,-536.2344
0.167,-195.16011
0.1671,987.2521
0.1672,142.77187
0.1673,-107.31406
0.1674,-413.85938
0.1675,-758.4639
0.1676,186.58737
0.1677,42.09161
0.1678,217.36424
0.1679,445.714
0.168,-58.378166
0.1681,-163.39653
0.1682,122.14357
0.1683,132.22523
0.1684,-31.214828
0.1685,113.31305
0.1686,-3.2077637
0.1687,-589.76624
0.1688,-39.279495
0.1689,382.90308
0.169,126.09682
0.1691,372.84973
0.1692,-761.2764
0.1693,12.383142
0.1694,355.65778
0.1695,-5.234314
0.1696,593.34265
0.1697,-613.12994
0.1698,-860.47186
0.1699,252.06897
0.17,175.27466
0.1701,-69.73078
0.1702,181.44624
0.1703,-669.04675
0.1704,383.15125
0.1705,594.6506
0.1706,-103.83739
0.1707,405.44476
0.1708,-604.4778
0.1709,-677.805
0.171,743.0871
0.1711,-391.11313
0.1712,-330.53708
0.1713,-146.02502
0.1714,-283.08957
0.1715,520.22144
0.1716,153.03957
0.1717,-92.74881
0.1718,-242.0099
0.1719,-379.6701
0.172,96.32825
0.1721,41.40115
0.1722,-652.4871
0.1723,-26.915054
0.1724,146.68903
0.1725,569.32
0.1726,202.8801
0.1727,-326.45114
0.1728,140.30652
0.1729,-388.93945
0.173,-133.76347
0.1731,336.11166
0.1732,-712.40344
0.1733,-302.86935
0.1734,464.08395
0.1735,420.60754
0.1736,419.84662
0.1737,120.484085
0.1738,-304.82758
0.1739,-221.19525
0.174,-344.66367
0.1741,-268.2207
0.1742,-40.52864
0.1743,-359.31815
0.1744,34.25152
0.1745,735.72833
0.1746,217.74393
0.1747,-205.54263
0.1748,310.52332
0.1749,-100.74195
0.175,-264.19342
0.1751,-198.98831
0.1752,-474.558
0.1753,-153.48781
0.1754,824.90735
0.1755,234.46695
0.1756,625.52856
0.1757,280.15988
0.1758,-740.30615
0.1759,789.73584
0.176,117.18061
0.1761,-947.73004
0.1762,-37.190514
0.1763,-568.79395
0.1764,292.51636
0.1765,1075.1249
0.1766,-215.47433
0.1767,103.707985
0.1768,-67.39001
0.1769,-438.94745
0.177,740.3922
0.1771,-745.6941
0.1772,-1252.754
0.1773,232.47098
0.1774,-178.4069
0.1775,769.9667
0.1776,748.65094
0.1777,-548.75146
0.1778,14.717712
0.1779,157.65881
0.178,399.14816
0.1781,156.74513
0.1782,-1016.85614
0.1783,-590.5579
0.1784,728.872
0.1785,620.5194
0.1786,342.95557
0.1787,-54.757614
0.1788,-734.6089
0.1789,-22.138083
0.179,678.9622
0.1791,346.82718
0.1792,-745.88794
0.1793,-806.3191
0.1794,161.06845
0.1795,537.6038
0.1796,432.11813
0.1797,-65.13733
0.1798,-691.4702
0.1799,76.60694
0.18,467.42847
0.1801,671.1612
0.1802,-106.040634
0.1803,-821.03314
0.1804,22.388329
0.1805,584.9873
0.1806,74.15285
0.1807,-75.34457
0.1808,-633.5012
0.1809,-56.777397
0.181,119.115555
0.1811,528.18994
0.1812,234.10216
0.1813,-538.0477
0.1814,128.02713
0.1815,421.7881
0.1816,-283.27563
0.1817,-261.96
0.1818,-534.775
0.1819,405.6939
0.182,401.8133
0.1821,-524.57654
0.1822,516.5734
0.1823,-260.68408
0.1824,-356.25375
0.1825,594.3687
0.1826,-899.9843
0.1827,-904.9529
0.1828,285.61462
0.1829,75.823
0.183,740.61896
0.1831,-55.29486
0.1832,-459.26828
0.1833,992.4487
0.1834,188.77731
0.1835,-233.24727
0.1836,-106.49156
0.1837,-1328.8469
0.1838,-23.113832
0.1839,1072.0851
0.184,-72.97116
0.1841,-15.694855
0.1842,-95.71704
0.1843,198.87805
0.1844,1122.5083
0.1845,-80.805954
0.1846,-977.8159
0.1847,-478.9201
0.1848,-481.4479
0.1849,545.3243
0.185,795.30615
0.1851,-541.0282
0.1852,-154.67386
0.1853,979.64655
0.1854,374.51498
0.1855,-45.240868
0.1856,-269.242
0.1857,-781.1103
0.1858,-160.9474
0.1859,419.89865
0.186,255.34912
0.1861,659.99615
0.1862,-105.2649
0.1863,-128.66338
0.1864,798.0599
0.1865,-118.257614
0.1866,-540.0473
0.1867,-174.66158
0.1868,-894.30524
0.1869,-345.59888
0.187,769.63544
0.1871,319.6875
0.1872,322.8869
0.1873,-199.63222
0.1874,28.519083
0.1875,980.29224
0.1876,-348.5059
0.1877,-602.1915
0.1878,-354.99036
0.1879,-223.37009
0.188,393.02966
0.1881,371.4454
0.1882,-155.31828
0.1883,160.13646
0.1884,-88.62845
0.1885,423.68045
0.1886,-450.88205
0.1887,-626.2028
0.1888,541.00055
0.1889,-186.11575
0.189,-296.1531
0.1891,-2.7997208
0.1892,87.4041
0.1893,555.54456
0.1894,453.0551
0.1895,-568.15497
0.1896,138.31497
0.1897,-403.4191
0.1898,208.81754
0.1899,680.69507
0.19,-852.6822
0.1901,-207.17188
0.1902,730.5637
0.1903,26.95565
0.1904,357.6564
0.1905,-126.65074
0.1906,-188.98979
0.1907,15.961502
0.1908,-88.04709
0.1909,220.3396
0.191,275.21826
0.1911,-711.2215
0.1912,-577.8279
0.1913,433.79288
0.1914,362.75293
0.1915,-18.460068
0.1916,-185.48082
0.1917,-440.9464
0.1918,240.9031
0.1919,945.0275
0.192,-169.78119
0.1921,-821.4684
0.1922,-561.25635
0.1923,-41.49597
0.1924,839.04333
0.1925,-259.29047
0.1926,-757.9332
0.1927,555.694
0.1928,143.64786
0.1929,211.67603
0.193,893.82324
0.1931,-613.98114
0.1932,-437.5709
0.1933,-71.011925
0.1934,-649.24335
0.1935,611.2125
0.1936,-121.25553
0.1937,-621.6711
0.1938,480.76093
0.1939,237.36224
0.194,539.88885
0.1941,325.7362
0.1942,-1472.3093
0.1943,-101.50337
0.1944,603.8543
0.1945,-345.7885
0.1946,-193.57962
0.1947,98.00726
0.1948,493.55325
0.1949,570.3677
0.195,-353.1034
0.1951,245.15019
0.1952,-100.05041
0.1953,-694.91455
0.1954,-473.20508
0.1955,-112.59897
0.1956,208.95978
0.1957,299.5686
0.1958,218.05089
0.1959,426.49817
0.196,62.428467
0.1961,-56.478355
0.1962,126.221344
0.1963,-506.3089
0.1964,-212.00424
0.1965,-18.52826
0.1966,-759.0407
0.1967,279.5861
0.1968,983.1383
0.1969,443.00204
0.197,-530.12646
0.1971,-744.05585
0.1972,356.0741
0.1973,137.05757
0.1974,-803.6961
0.1975,-310.45837
0.1976,98.9155
0.1977,-185.89699
0.1978,467.83298
0.1979,884.50055
0.198,69.57254
0.1981,-679.4199
0.1982,-130.57935
0.1983,384.04645
0.1984,236.49802
0.1985,-672.4709
0.1986,-649.5833
0.1987,49.677032
0.1988,702.1957
0.1989,640.42957
0.199,289.97284
0.1991,-665.66
0.1992,-342.77695
0.1993,662.97064
0.1994,-657.67505
0.1995,60.81611
0.1996,81.975716
0.1997,-964.0571
0.1998,669.0958
0.1999,538.2737
0.2,117.99041
0.2001,55.543488
0.2002,-896.8706
0.2003,207.8023
0.2004,647.2012
0.2005,-1040.4279
0.2006,-33.692543
0.2007,267.69498
0.2008,-455.004
0.2009,802.51184
0.201,180.32971
0.2011,-313.36823
0.2012,-49.89933
0.2013,-607.0767
0.2014,402.7134
0.2015,478.49844
0.2016,-908.7078
0.2017,22.27072
0.2018,450.84946
0.2019,-341.44028
0.202,88.9278
0.2021,396.32715
0.2022,127.157326
0.2023,-143.97937
0.2024,342.14572
0.2025,-108.45528
0.2026,-35.176365
0.2027,-173.27728
0.2028,-159.12947
0.2029,176.61139
0.203,-462.1781
0.2031,-424.04874
0.2032,482.6277
0.2033,281.9787
0.2034,-393.84027
0.2035,-145.64447
0.2036,94.67464
0.2037,241.41495
0.2038,368.94687
0.2039,-381.569
0.204,-270.81625
0.2041,-470.70367
0.2042,111.13475
0.2043,983.2341
0.2044,-51.73256
0.2045,-408.9671
0.2046,-77.89046
0.2047,299.6314
0.2048,553.3153
0.2049,-268.19556
0.205,-796.56067
0.2051,-136.25198
0.2052,46.164707
0.2053,914.09705
0.2054,489.5655
0.2055,-72.81996
0.2056,-50.97145
0.2057,-518.928
0.2058,409.10565
0.2059,407.15237
0.206,-1365.1177
0.2061,-368.37405
0.2062,-32.32466
0.2063,225.14474
0.2064,1063.6232
0.2065,-201.23058
0.2066,-260.76688
0.2067,466.7776
0.2068,-320.66678
0.2069,216.17921
0.207,-71.18474
0.2071,-1353.9
0.2072,353.5426
0.2073,263.613
0.2074,162.37288
0.2075,742.9137
0.2076,-123.66617
0.2077,-177.92068
0.2078,539.52814
0.2079,-454.37827
0.208,-199.03726
0.2081,-385.9488
0.2082,-591.51465
0.2083,564.8906
0.2084,253.87723
0.2085,267.5938
0.2086,284.08527
0.2087,-54.7075
0.2088,-151.94855
0.2089,119.50002
0.209,-400.2909
0.2091,-391.35205
0.2092,105.64017
0.2093,-148.13165
0.2094,-279.2908
0.2095,441.42395
0.2096,-38.122406
0.2097,168.75522
0.2098,311.90967
0.2099,-792.9895
0.21,-393.48737
0.2101,-238.03029
0.2102,-93.52571
0.2103,646.65515
0.2104,-394.69635
0.2105,-283.7559
0.2106,958.3493
0.2107,-255.64832
0.2108,242.34094
0.2109,351.98053
0.211,-1093.3647
0.2111,-184.7814
0.2112,836.7984
0.2113,93.22502
0.2114,-177.72134
0.2115,-386.27893
0.2116,167.85074
0.2117,250.9689
0.2118,-88.69499
0.2119,433.26025
0.212,-802.10846
0.2121,-886.4411
0.2122,923.81366
0.2123,78.69644
0.2124,-446.3802
0.2125,-305.4052
0.2126,-217.04483
0.2127,284.5296
0.2128,347.7698
0.2129,422.91254
0.213,-335.55148
0.2131,-707.3933
0.2132,636.1487
0.2133,587.7106
0.2134,-583.7213
0.2135,64.83294
0.2136,-557.4586
0.2137,-137.45317
0.2138,824.5989
0.2139,121.05347
0.214,-238.79596
0.2141,-149.73177
0.2142,-299.31702
0.2143,625.6482
0.2144,250.96121
0.2145,-552.666
0.2146,-612.75793
0.2147,-83.8049
0.2148,200.8982
0.2149,300.38412
0.215,113.135544
0.2151,194.03006
0.2152,-147.05283
0.2153,-10.124207
0.2154,284.11328
0.2155,-129.30533
0.2156,-667.77167
0.2157,54.776073
0.2158,713.54645
0.2159,-729.6956
0.216,401.20245
0.2161,1019.27405
0.2162,-439.9386
0.2163,464.1905
0.2164,101.069046
0.2165,-1049.5903
0.2166,333.34595
0.2167,-46.487617
0.2168,-515.4148
0.2169,523.9789
0.217,-312.7187
0.2171,722.78894
0.2172,1169.9972
0.2173,-476.7028
0.2174,-85.51166
0.2175,-74.9698
0.2176,-462.27365
0.2177,322.37436
0.2178,-172.25764
0.2179,-420.19385
0.218,77.4453
0.2181,518.01764
0.2182,1308.0742
0.2183,449.32678
0.2184,-1141.1532
0.2185,25.174904
0.2186,-597.53394
0.2187,-210.30017
0.2188,668.91144
0.2189,-439.63098
0.219,-488.18097
0.2191,539.9704
0.2192,745.68475
0.2193,620.6528
0.2194,-90.13049
0.2195,-848.922
0.2196,-23.927689
0.2197,72.77854
0.2198,59.596855
0.2199,-169.72568
0.22,-57.368294
0.2201,-72.80745
0.2202,719.51404
0.2203,1106.1653
0.2204,-317.69632
0.2205,-701.6657
0.2206,-39.44509
0.2207,-432.1008
0.2208,280.13232
0.2209,137.28268
0.221,-213.39378
0.2211,254.16391
0.2212,314.22427
0.2213,452.99457
0.2214,271.11475
0.2215,-595.28375
0.2216,-380.09686
0.2217,137.60756
0.2218,-199.19167
0.2219,-466.5536
0.222,190.46451
0.2221,352.3225
0.2222,-172.68594
0.2223,563.3018
0.2224,407.95197
0.2225,-659.23267
0.2226,331.96835
0.2227,209.97707
0.2228,-687.76105
0.2229,143.1784
0.223,-234.7534
0.2231,59.80449
0.2232,621.20105
0.2233,-1109.6056
0.2234,200.41077
0.2235,449.9913
0.2236,-892.00574
0.2237,871.3213
0.2238,-148.60095
0.2239,-985.08246
0.224,792.67017
0.2241,37.731842
0.2242,-71.03432
0.2243,219.15973
0.2244,-839.6787
0.2245,303.3826
0.2246,680.72906
0.2247,-269.1956
0.2248,575.0118
0.2249,-443.7837
0.225,-853.16364
0.2251,1002.5383
0.2252,389.4271
0.2253,-433.5829
0.2254,-23.272873
0.2255,-482.8446
0.2256,630.4032
0.2257,912.3084
0.2258,124.20951
0.2259,-184.77744
0.226,-675.06525
0.2261,-159.31004
0.2262,677.61035
0.2263,-253.13568
0.2264,-726.5371
0.2265,63.816658
0.2266,447.32074
0.2267,336.28833
0.2268,640.6234
0.2269,-160.04355
0.227,-479.8097
0.2271,-187.74861
0.2272,35.76382
0.2273,-265.24588
0.2274,-437.70142
0.2275,-385.8711
0.2276,394.67715
0.2277,717.3194
0.2278,325.78168
0.2279,448.3938
0.228,-168.94041
0.2281,-473.3597
0.2282,-164.28465
0.2283,-257.65668
0.2284,-529.81006
0.2285,-413.56573
0.2286,230.8547
0.2287,432.61517
0.2288,131.74387
0.2289,114.22502
0.229,146.53217
0.2291,-453.67047
0.2292,-195.7514
0.2293,-262.6956
0.2294,-204.59746
0.2295,-117.0139
0.2296,205.96613
0.2297,353.813
0.2298,324.94305
0.2299,-222.42569
0.23,380.4568
0.2301,193.77837
0.2302,-653.1157
0.2303,-317.68976
0.2304,-475.6687
0.2305,-224.88174
0.2306,544.82605
0.2307,277.5144
0.2308,-95.26493
0.2309,117.44492
0.231,-373.2503
0.2311,716.2063
0.2312,75.65563
0.2313,-1278.9353
0.2314,39.04464
0.2315,-182.31924
0.2316,53.19719
0.2317,814.02356
0.2318,-59.741608
0.2319,-336.60965
0.232,299.8806
0.2321,401.76617
0.2322,502.9177
0.2323,-650.29346
0.2324,-929.79114
0.2325,69.007164
0.2326,360.80438
0.2327,265.22598
0.2328,-36.50423
0.2329,119.305214
0.233,-660.0252
0.2331,518.7723
0.2332,829.1529
0.2333,-838.4458
0.2334,-72.12155
0.2335,-505.44067
0.2336,-101.5588
0.2337,870.95416
0.2338,-640.8822
0.2339,90.54209
0.234,-43.14365
0.2341,-626.4046
0.2342,1274.094
0.2343,-84.106834
0.2344,-700.5229
0.2345,311.21558
0.2346,-412.3331
0.2347,264.06436
0.2348,204.87204
0.2349,-603.6113
0.235,116.94118
0.2351,41.95593
0.2352,-35.805138
0.2353,276.7958
0.2354,-73.73198
0.2355,-332.38864
0.2356,397.15524
0.2357,-178.10812
0.2358,-276.13556
0.2359,-107.75755
0.236,-383.20618
0.2361,503.406
0.2362,-429.7461
0.2363,199.75253
0.2364,453.11853
0.2365,-261.69214
0.2366,486.97885
0.2367,-521.25085
0.2368,-291.4991
0.2369,-170.84229
0.237,-49.051495
0.2371,465.48804
0.2372,-261.88437
0.2373,-144.76532
0.2374,415.4847
0.2375,364.83344
0.2376,95.51466
0.2377,46.929028
0.2378,-563.17303
0.2379,-766.1064
0.238,409.44363
0.2381,-74.82178
0.2382,135.83293
0.2383,-130.15724
0.2384,-109.07655
0.2385,737.8312
0.2386,417.27353
0.2387,169.66698
0.2388,-895.08636
0.2389,-465.66486
0.239,-301.9455
0.2391,547.70935
0.2392,403.34467
0.2393,-871.2949
0.2394,622.3341
0.2395,224.48228
0.2396,380.45123
0.2397,357.7717
0.2398,-769.17126
0.2399,-1042.165
0.24,-249.13715
0.2401,77.48572
0.2402,577.9227
0.2403,108.05046
0.2404,-1048.0149
0.2405,1057.4814
0.2406,266.62366
0.2407,-249.46829
0.2408,402.2819
0.2409,-1178.9344
0.241,-385.32556
0.2411,218.38606
0.2412,65.32717
0.2413,301.52356
0.2414,229.72614
0.2415,-302.59833
0.2416,1024.4882
0.2417,-6.195731
0.2418,-805.2352
0.2419,144.3498
0.242,-856.58215
0.2421,115.88276
0.2422,57.41427
0.2423,204.55835
0.2424,76.00386
0.2425,309.3629
0.2426,198.22925
0.2427,65.44347
0.2428,-118.662766
0.2429,-279.3633
0.243,211.31474
0.2431,-595.77545
0.2432,15.707382
0.2433,-201.17578
0.2434,607.6183
0.2435,-103.38412
0.2436,328.37396
0.2437,-75.35342
0.2438,-498.16238
0.2439,-4.644272
0.244,29.642044
0.2441,-82.8504
0.2442,-523.65955
0.2443,-290.11493
0.2444,56.22165
0.2445,691.828
0.2446,-84.1801
0.2447,168.37592
0.2448,-616.09174
0.2449,38.916214
0.245,654.9533
0.2451,228.44586
0.2452,-219.98886
0.2453,-654.22485
0.2454,-23.578629
0.2455,561.01984
0.2456,275.427
0.2457,-311.33328
0.2458,-40.35021
0.2459,-466.7119
0.246,942.4178
0.2461,351.26556
0.2462,-221.54916
0.2463,-630.0471
0.2464,-519.447
0.2465,61.437683
0.2466,584.7538
0.2467,-681.8883
0.2468,312.81326
0.2469,-419.87555
0.247,84.367355
0.2471,1022.94055
0.2472,-178.30846
0.2473,-638.2146
0.2474,-230.28754
0.2475,-606.29126
0.2476,408.49445
0.2477,12.205874
0.2478,-598.38135
0.2479,779.8316
0.248,-40.172066
0.2481,410.12262
0.2482,762.1658
0.2483,-376.10797
0.2484,-716.2101
0.2485,408.24756
0.2486,-528.4121
0.2487,-5.585541
0.2488,-130.75381
0.2489,107.215034
0.249,344.25156
0.2491,632.34204
0.2492,-112.59303
0.2493,480.3087
0.2494,-487.27914
0.2495,-417.92755
0.2496,-99.29418
0.2497,-20.945683
0.2498,-647.8061
0.2499,791.97485
