country,country_name,year,FB.AST.NPER.ZS,GFDD.SI.01,GFDD.EI.05,FS.AST.PRVT.GD.ZS,RQ.EST,financial_regulation_index,digital_lending_guideline_dummy
AO,Angola,2005,,8.902429,2.651338,,-1.24003624916077,0.25774367034982737,0
AO,Angola,2006,,8.971141,2.760848,,-1.15621566772461,0.2914934577597398,0
AO,Angola,2007,,9.101395,3.057797,,-1.07531261444092,0.2874736360237353,0
AO,Angola,2008,,8.391402,3.589046,,-1.10149598121643,0.3071794541906034,0
AO,Angola,2009,,9.826188,3.603237,,-1.05952525138855,0.3651456114630831,0
AO,Angola,2010,3.17305056414187,10.50042,3.608479,,-1.06021749973297,0.3125698341433318,0
AO,Angola,2011,2.01496821504011,10.48486,2.982474,,-1.10753154754639,0.2854514733050177,0
AO,Angola,2012,4.35011884491608,9.03674,1.789775,,-0.990437567234039,0.3076440829845198,0
AO,Angola,2013,7.97676918024597,9.455144,1.628798,,-1.0416704416275,0.3371114931608281,0
AO,Angola,2014,10.1905320738466,8.564436,1.849687,,-0.860683441162109,0.28784016172150073,0
AO,Angola,2015,10.6112339715733,8.2767,1.72688,25.2401083054984,-0.8636714220047,0.25587502764889664,1
AO,Angola,2016,11.2850858065096,8.226519,1.506456,21.0984099001473,-0.969250917434692,0.24581747918875196,1
AO,Angola,2017,25.8360610272673,8.975831,1.229534,17.0006850586294,-1.04546654224396,0.23055073010015692,1
AO,Angola,2018,23.2217366851526,12.03643,3.094245,14.9352704887729,-0.8006831407547,0.29549046789117256,1
AO,Angola,2019,23.145468821214,15.27698,-0.9818856,15.3409215605835,-0.833844542503357,0.33144286073673895,1
AO,Angola,2020,12.2238112230323,8.44287,-2.3697,13.7246223259782,-0.856853485107422,0.21900700142027138,1
AO,Angola,2021,14.9960876543918,15.54836,3.763863,10.4107253356593,-0.670014679431915,0.33458337084337075,1
AO,Angola,2022,,,,8.62886678212951,-0.606698572635651,0.2963225798681549,1
AO,Angola,2023,,,,9.55251865692922,-0.761388182640076,0.28638949038089756,1
AO,Angola,2024,,,,9.19156711018341,,0.13168728639606794,1
BF,Burkina Faso,2005,,9.420137,0.8459532,13.2962037127745,-0.456178694963455,0.3004477848059552,0
BF,Burkina Faso,2006,,8.66299,0.7579815,14.6778844337033,-0.396016359329224,0.30072110920543366,0
BF,Burkina Faso,2007,,8.211337,0.7814908,12.7845581771528,-0.313472509384155,0.29157528716494713,0
BF,Burkina Faso,2008,,5.614235,-1.323135,15.090956904862,-0.229373604059219,0.2881884598082858,0
BF,Burkina Faso,2009,,8.63248,0.1425712,16.0831017980888,-0.14174522459507,0.35717436355792515,0
BF,Burkina Faso,2010,,8.4382,0.8579766,15.6345262986983,-0.208372116088867,0.30928764589734337,0
BF,Burkina Faso,2011,,10.09764,2.015355,15.3703421373421,-0.205170571804047,0.3252281606112115,0
BF,Burkina Faso,2012,,10.22394,2.235692,16.6424591713295,-0.139083847403526,0.35325357859607315,0
BF,Burkina Faso,2013,,10.56312,2.329893,20.8210379838202,-0.197507470846176,0.3833609545607339,0
BF,Burkina Faso,2014,,9.803467,1.851915,23.4056081561129,-0.340953946113586,0.3209272680716953,0
BF,Burkina Faso,2015,,8.678128,1.315971,25.0377705622704,-0.424238204956055,0.30681150695363535,0
BF,Burkina Faso,2016,,9.226456,1.531872,25.8099456026526,-0.44747668504715,0.32527449879759535,0
BF,Burkina Faso,2017,,9.320739,1.534795,27.4216018903543,-0.481157660484314,0.31954359647091884,0
BF,Burkina Faso,2018,,9.451686,1.112687,27.1497137139349,-0.40524896979332,0.3313025723568243,1
BF,Burkina Faso,2019,,9.860801,1.333188,28.3478578876958,-0.42292308807373,0.3222140956321227,1
BF,Burkina Faso,2020,,9.561109,1.497375,28.6738905255504,-0.482700347900391,0.32084319416164386,1
BF,Burkina Faso,2021,,,,29.4819696538483,-0.480167269706726,0.42015413026585213,1
BF,Burkina Faso,2022,,,,31.3166768491206,-0.468305677175522,0.4395719051691692,1
BF,Burkina Faso,2023,,,,31.5773918167753,-0.485633552074432,0.4482360727424799,1
BF,Burkina Faso,2024,,,,27.0106207321113,,0.38698551399542874,1
BI,Burundi,2005,,13.88344,2.461884,14.5436683318932,-1.33777546882629,0.2558244407272224,0
BI,Burundi,2006,,12.15912,2.694946,15.8308802198641,-1.18975520133972,0.2596207557584405,0
BI,Burundi,2007,,10.21173,1.850531,14.7745242569166,-1.22842490673065,0.21638012026766038,0
BI,Burundi,2008,,12.92863,3.784275,13.6629151516452,-1.2402960062027,0.2852893036474302,0
BI,Burundi,2009,,14.29795,3.259033,14.6302707403894,-1.16774964332581,0.33443800957031233,0
BI,Burundi,2010,9.31523574939506,13.08737,2.396583,18.3619180287296,-1.12236869335175,0.274634959939009,0
BI,Burundi,2011,7.39310710399005,16.54954,3.609191,21.5599102546733,-1.02037370204926,0.32094333922623186,0
BI,Burundi,2012,8.16828544058576,15.15737,1.85488,20.2049254603135,-0.952941536903381,0.34562718664523534,1
BI,Burundi,2013,9.88695195519018,12.32024,1.100244,19.3898209324084,-0.900794625282288,0.3303134797837166,1
BI,Burundi,2014,10.8229150487183,,,19.2934120175417,-0.733122706413269,0.27484910872162904,1
BI,Burundi,2015,17.9166965111326,15.64894,1.20478,16.3880924204856,-0.755148112773895,0.3581570741994479,1
BI,Burundi,2016,21.0565185978806,14.90026,1.683039,17.1699072573753,-0.854655146598816,0.336234674561177,1
BI,Burundi,2017,14.1900852248363,14.72019,2.604254,15.4637335398577,-0.869032144546509,0.32503963054222856,1
BI,Burundi,2018,,14.59352,2.711562,18.0326439171962,-1.00991177558899,0.32154497645541186,1
BI,Burundi,2019,,16.97139,4.701159,20.7044990184022,-0.991803586483002,0.35810621970077006,1
BI,Burundi,2020,,18.15346,4.430583,23.6377032101354,-1.06177186965942,0.3920455145940629,1
BI,Burundi,2021,,18.70014,4.259445,35.1228098892976,-1.00198709964752,0.44344107870096044,1
BI,Burundi,2022,,,,42.2333329372301,-0.947485685348511,0.4313146041496179,1
BI,Burundi,2023,,,,48.3530450384892,-0.985730171203613,0.46791563322271157,1
BI,Burundi,2024,,,,,,,1
BJ,Benin,2005,,15.81474,0.7860082,9.03431033571312,-0.641528606414795,0.34257477187868285,0
BJ,Benin,2006,,15.51147,-0.0725774,10.3350666644978,-0.461876183748245,0.35735865929247,0
BJ,Benin,2007,,16.13169,1.377963,12.3091832074478,-0.506433963775635,0.34691584815837356,0
BJ,Benin,2008,,14.60595,1.297304,12.78056590883,-0.554605662822723,0.3760873803685056,0
BJ,Benin,2009,,14.30736,0.9611757,15.1297116490958,-0.398531436920166,0.41496541717331054,0
BJ,Benin,2010,,15.00294,1.063214,15.8348376803157,-0.40174999833107,0.3681465145399172,0
BJ,Benin,2011,,14.79733,1.47545,16.5743404440371,-0.401879459619522,0.35551384944257686,1
BJ,Benin,2012,,14.32835,1.288192,15.6475924079483,-0.40126171708107,0.3800898108213577,1
BJ,Benin,2013,,12.0286,1.135605,16.4539498482643,-0.415549963712692,0.370083494705783,1
BJ,Benin,2014,,,,16.7371091356356,-0.620842099189758,0.28188854232664795,1
BJ,Benin,2015,,9.922345,0.1557532,16.7357064364676,-0.621767401695251,0.2836880799613886,1
BJ,Benin,2016,,8.608675,0.3328394,17.4823722798533,-0.583056390285492,0.2802281255776407,1
BJ,Benin,2017,,7.838364,-0.4005779,16.5779195095066,-0.523586809635162,0.2655736885543354,1
BJ,Benin,2018,,11.88513,0.7818862,16.7464154376754,-0.393426120281219,0.34022276107391153,1
BJ,Benin,2019,,11.90162,0.5968915,17.6107025365193,-0.446330428123474,0.3227452000635537,1
BJ,Benin,2020,,,,15.5371207615124,-0.483431756496429,0.3219882752866591,1
BJ,Benin,2021,,,,15.5860792794621,-0.447988480329514,0.3501210958395384,1
BJ,Benin,2022,,,,17.1000410708093,-0.348364651203156,0.37903555047579063,1
BJ,Benin,2023,,,,18.6083305389739,-0.295836299657822,0.404309675459248,1
BJ,Benin,2024,,,,18.9801611697157,,0.271931025884734,1
BW,Botswana,2005,,7.652797,3.891764,19.763428572926,0.720574915409088,0.4315215914856631,0
BW,Botswana,2006,,6.348526,3.708107,20.936231035363,0.610028147697449,0.3944136371242543,0
BW,Botswana,2007,,5.364676,2.781186,23.461755821797,0.633248209953308,0.391999097711182,0
BW,Botswana,2008,,5.736095,2.80244,26.3022588108671,0.644565641880035,0.4086964085421505,0
BW,Botswana,2009,,6.551302,2.661565,29.3564386244731,0.607087075710297,0.4395696875581822,0
BW,Botswana,2010,,7.555939,2.926188,27.5149277438416,0.578393816947937,0.41593180728935325,0
BW,Botswana,2011,,8.421167,3.18623,27.8535285319926,0.576675236225128,0.42728974800777997,0
BW,Botswana,2012,2.62060809323672,8.96806,3.035055,32.9104608560684,0.692556440830231,0.46729592488495036,1
BW,Botswana,2013,3.61343005876295,9.692696,3.002402,33.1944622770528,0.635518550872803,0.49229582215073414,1
BW,Botswana,2014,3.54945490277661,9.374351,2.399521,32.5836928214003,0.764807999134064,0.45050448450194697,1
BW,Botswana,2015,3.73435725456301,8.128801,,35.9943679768934,0.552077174186707,0.42799127227366934,1
BW,Botswana,2016,4.85264133334105,8.435014,1.723685,32.6906447797128,0.727797985076904,0.45308680346108404,1
BW,Botswana,2017,5.27690301416439,8.347235,1.422557,33.9522213058753,0.595029830932617,0.43078730014643485,1
BW,Botswana,2018,5.42631923935425,8.37,1.738672,34.7396633171423,0.623929619789124,0.4421972678868758,1
BW,Botswana,2019,4.78797420738131,8.500373,1.744637,35.9371549010473,0.498032212257385,0.4171487092402872,1
BW,Botswana,2020,4.32343937171923,8.288707,1.399838,39.7285319486776,0.527586281299591,0.4341003711722651,1
BW,Botswana,2021,4.23890186153303,9.001644,1.624936,34.5320284641638,0.600826501846313,0.43525951193040385,1
BW,Botswana,2022,3.7521160274772,,,29.8892158373376,0.621043562889099,0.5858492065381242,1
BW,Botswana,2023,3.66840873939199,,,30.0596034463188,0.497434794902802,0.5832651114004856,1
BW,Botswana,2024,,,,32.9301071347669,,0.471795539205566,1
CD,"Congo, Dem. Rep.",2005,,9.077308,2.253367,1.20106600462354,-1.61257719993591,0.1314606754422565,0
CD,"Congo, Dem. Rep.",2006,,10.33286,3.171423,2.08326454059043,-1.26903903484344,0.19837029197103917,0
CD,"Congo, Dem. Rep.",2007,,9.697912,1.923909,2.64686802497463,-1.25524890422821,0.17966955538685922,0
CD,"Congo, Dem. Rep.",2008,,9.838428,1.739416,4.98896240520991,-1.28233397006989,0.21395878623483996,0
CD,"Congo, Dem. Rep.",2009,,9.203094,0.4277679,5.30021801552843,-1.51349461078644,0.1947165336064551,0
CD,"Congo, Dem. Rep.",2010,,10.61609,0.4974645,3.72391852892826,-1.54808306694031,0.1587725018458608,0
CD,"Congo, Dem. Rep.",2011,,11.77969,0.8612522,4.02297417026833,-1.50285720825195,0.17094532131275728,0
CD,"Congo, Dem. Rep.",2012,,9.916953,0.3293483,4.81133554812069,-1.4796302318573,0.17560953820415162,0
CD,"Congo, Dem. Rep.",2013,,9.771398,0.6508294,5.24650133877784,-1.26071643829346,0.21688659236780924,0
CD,"Congo, Dem. Rep.",2014,,10.6012,0.9348908,5.71798042102282,-1.37344968318939,0.1822884579527897,1
CD,"Congo, Dem. Rep.",2015,,8.892292,0.8052557,6.28551112706925,-1.35994815826416,0.16378951657918542,1
CD,"Congo, Dem. Rep.",2016,,7.481957,-0.3350293,7.39278869907191,-1.3217271566391,0.16218789316140317,1
CD,"Congo, Dem. Rep.",2017,,7.104617,-0.0711943,5.46583969457502,-1.48056161403656,0.13000745229684738,1
CD,"Congo, Dem. Rep.",2018,6.49461660400752,8.548488,1.004301,5.80440051574385,-1.48891973495483,0.14588854293394923,1
CD,"Congo, Dem. Rep.",2019,5.51099256747337,7.424381,0.4891565,6.00360308874013,-1.52206444740295,0.10446266678871587,1
CD,"Congo, Dem. Rep.",2020,7.69644698682478,5.636406,-0.4428898,7.4504033573486,-1.51124560832977,0.08733994604260555,1
CD,"Congo, Dem. Rep.",2021,5.20175859787542,,,7.22111419116418,-1.44039714336395,0.16085678406913362,1
CD,"Congo, Dem. Rep.",2022,7.43429969657723,,,9.14020217078397,-1.47606945037842,0.1761611764975648,1
CD,"Congo, Dem. Rep.",2023,6.56280017814422,,,11.764148034405,-1.40857565402985,0.2041901272920003,1
CD,"Congo, Dem. Rep.",2024,,,,,,,1
CF,Central African Republic,2005,,,,6.89890787847171,-1.31778132915497,0.1753894345208477,0
CF,Central African Republic,2006,,,,6.70566037241739,-1.27037906646729,0.20695355731095366,0
CF,Central African Republic,2007,,,,6.78526082643897,-1.26575326919556,0.20765454151330293,0
CF,Central African Republic,2008,,,,7.02011112860774,-1.19405424594879,0.22450771286895901,0
CF,Central African Republic,2009,,,,6.96252915838712,-1.25794959068298,0.20798189122333618,0
CF,Central African Republic,2010,12.638013591562,,,8.30898124968165,-1.162961602211,0.20447384750353265,0
CF,Central African Republic,2011,11.9962582990471,,,9.18046542071693,-1.19733154773712,0.2196871774456445,0
CF,Central African Republic,2012,9.58298323972936,,,10.7719414058324,-1.07314610481262,0.22131063858681194,0
CF,Central African Republic,2013,28.5015872065165,,,13.5768259854235,-1.16939079761505,0.21895599748241398,1
CF,Central African Republic,2014,27.6621674747739,,,12.7910233032414,-1.38923585414886,0.1493227263957538,1
CF,Central African Republic,2015,31.2598192585033,,,11.7154335961189,-1.44318914413452,0.1393703635268001,1
CF,Central African Republic,2016,26.2047010070135,,,12.3148432385651,-1.41679394245148,0.15345955920953036,1
CF,Central African Republic,2017,25.1314932281845,,,11.2150177342096,-1.49380385875702,0.15645518457426094,1
CF,Central African Republic,2018,17.6386369565086,,,12.3443319944716,-1.39432609081268,0.17555638085793396,1
CF,Central African Republic,2019,16.0635781639282,,,11.7050145625006,-1.38387441635132,0.175901953354609,1
CF,Central African Republic,2020,17.4533882746522,,,11.7039071336529,-1.50229716300964,0.15185155131586173,1
CF,Central African Republic,2021,13.9378377234442,,,11.7946888020579,-1.50971448421478,0.17536843277292347,1
CF,Central African Republic,2022,14.510900682669,,,13.0385826544527,-1.47418415546417,0.1976789317834154,1
CF,Central African Republic,2023,16.2214322902641,,,,-1.46841526031494,0.26100223026688374,1
CF,Central African Republic,2024,,,,,,,1
CG,"Congo, Rep.",2005,,,,2.21035522374353,-1.2989250421524,0.15924893127798065,0
CG,"Congo, Rep.",2006,,,,2.01041976164635,-1.16888105869293,0.20551852805259171,0
CG,"Congo, Rep.",2007,,,,2.17001792231507,-1.1720095872879,0.2065198656185306,0
CG,"Congo, Rep.",2008,,,,3.2133016767847,-1.22255659103394,0.20477361066626032,0
CG,"Congo, Rep.",2009,,,,4.87224031469532,-1.28030228614807,0.19571472384652747,0
CG,"Congo, Rep.",2010,0.964372338705331,,,5.97974007920069,-1.25216734409332,0.18046616246752034,0
CG,"Congo, Rep.",2011,1.07808702532923,,,7.16938539992393,-1.25671803951263,0.20161996368778679,0
CG,"Congo, Rep.",2012,1.51931505916018,,,7.41275433322396,-1.35431361198425,0.16322980889310057,0
CG,"Congo, Rep.",2013,1.22487549179256,,,8.87867280525648,-1.35320031642914,0.17084315104915396,0
CG,"Congo, Rep.",2014,2.50606339593933,,,11.1598525258918,-1.22218954563141,0.1683449266290845,1
CG,"Congo, Rep.",2015,5.01373177844613,,,15.2272521698246,-1.27837598323822,0.1788742738266171,1
CG,"Congo, Rep.",2016,8.01816705884771,,,17.9395649927598,-1.2065657377243,0.20878497512861133,1
CG,"Congo, Rep.",2017,16.1856323709695,,,15.7845144454442,-1.41027545928955,0.18721172073936512,1
CG,"Congo, Rep.",2018,22.5082054469901,,,13.0035781117488,-1.4128532409668,0.17547937051320656,1
CG,"Congo, Rep.",2019,27.5398328198889,,,12.6399762805673,-1.29221296310425,0.19417576612805915,1
CG,"Congo, Rep.",2020,21.0468326170321,,,15.5564368746607,-1.4521666765213,0.17702125437755517,1
CG,"Congo, Rep.",2021,16.8549449073286,,,13.902630970771,-1.23300182819366,0.22693408531532794,1
CG,"Congo, Rep.",2022,16.8267116551663,,,12.7664269281269,-1.26143133640289,0.22628342844068416,1
CG,"Congo, Rep.",2023,15.2215059695211,,,13.7900478506587,-1.23940634727478,0.24005541248342893,1
CG,"Congo, Rep.",2024,,,,,,,1
CI,Cote d'Ivoire,2005,,22.12253,0.3041182,8.85463546639547,-0.955394089221954,0.3802890597328002,0
CI,Cote d'Ivoire,2006,,22.19983,1.745393,10.149368807964,-0.928464114665985,0.3811352070295426,0
CI,Cote d'Ivoire,2007,,21.32199,1.860553,12.1552083745954,-0.881731986999512,0.35649939724629326,0
CI,Cote d'Ivoire,2008,,19.71332,1.725806,12.0323122094594,-0.929746806621552,0.40824478162448313,0
CI,Cote d'Ivoire,2009,,23.52496,1.437283,12.699282868801,-0.972751557826996,0.49021968208203476,0
CI,Cote d'Ivoire,2010,,20.50408,1.516085,13.0878719593805,-0.926222562789917,0.37050140153260486,0
CI,Cote d'Ivoire,2011,,19.43423,0.0980631,13.168148828706,-0.889401078224182,0.34091213962795686,0
CI,Cote d'Ivoire,2012,,17.64459,1.008438,13.6834555407143,-0.776178419589996,0.38143150688782734,0
CI,Cote d'Ivoire,2013,,17.57693,2.352904,14.3175686042922,-0.753439784049988,0.4100265762731102,0
CI,Cote d'Ivoire,2014,,16.24919,1.523009,14.6906998099912,-0.618877172470093,0.37176179165865214,0
CI,Cote d'Ivoire,2015,,16.3723,1.692371,16.7417116291801,-0.554926514625549,0.3909666538270917,1
CI,Cote d'Ivoire,2016,,16.23994,1.839453,17.6694307998743,-0.422826766967773,0.39949242139315627,1
CI,Cote d'Ivoire,2017,,16.31917,1.683091,19.2505134817876,-0.406880408525467,0.40384419889310114,1
CI,Cote d'Ivoire,2018,,16.5086,1.527613,19.2748278273806,-0.254712522029877,0.4319163221534122,1
CI,Cote d'Ivoire,2019,,17.51922,1.579065,19.0476721988887,-0.300067454576492,0.4342543171555265,1
CI,Cote d'Ivoire,2020,,16.94303,1.709096,20.5738024943085,-0.381347745656967,0.4302613833430234,1
CI,Cote d'Ivoire,2021,,19.02191,1.533425,20.9963038205128,-0.268797159194946,0.46922971942779396,1
CI,Cote d'Ivoire,2022,,,,20.8539472820397,-0.152012959122658,0.42726771242129286,1
CI,Cote d'Ivoire,2023,,,,22.2233762988563,-0.116081379354,0.4504943189883712,1
CI,Cote d'Ivoire,2024,,,,22.6679944355262,,0.3247675746947555,1
CM,Cameroon,2005,,11.48797,1.258125,8.40286242580155,-0.912781834602356,0.259227843167552,0
CM,Cameroon,2006,,10.42733,1.352926,8.12353298418805,-0.842229604721069,0.25796008745826526,0
CM,Cameroon,2007,,9.903004,1.426049,8.28508670414223,-0.836638271808624,0.24056289245644577,0
CM,Cameroon,2008,,9.672549,1.331167,9.23971527903247,-0.818746328353882,0.2700494290923902,0
CM,Cameroon,2009,,9.289059,1.364502,9.64395738517045,-0.769573271274567,0.2846378615104092,0
CM,Cameroon,2010,10.1013484732753,9.63721,0.7020819,10.7779374242217,-0.753017663955688,0.2518351521735375,0
CM,Cameroon,2011,11.4467110822484,9.635683,0.9009641,12.3263650704915,-0.810016274452209,0.24689471722413128,0
CM,Cameroon,2012,11.5528007091671,9.855334,1.169533,12.4120200108143,-0.931122064590454,0.25310266065806014,0
CM,Cameroon,2013,10.2953314100547,12.00264,3.07331,12.9611374928781,-0.959768235683441,0.302315793561518,0
CM,Cameroon,2014,9.7016869901582,9.666199,1.048085,13.7278364272632,-0.898471713066101,0.23675129800257624,0
CM,Cameroon,2015,12.2970549521794,10.15607,0.883949,14.1903930856487,-0.936662197113037,0.24812188307737368,0
CM,Cameroon,2016,13.5465466235614,9.955661,0.7832299,14.3706640485152,-0.809304058551788,0.26673363091156505,1
CM,Cameroon,2017,12.4270657402459,10.53425,1.450937,14.0633461453046,-0.846451878547668,0.26459252226534863,1
CM,Cameroon,2018,14.8202941618677,8.825315,0.7203858,14.6820776289898,-0.812619864940643,0.24472919299379056,1
CM,Cameroon,2019,14.7062901414394,9.844123,1.084516,14.0910928751244,-0.847178757190704,0.23730951031677872,1
CM,Cameroon,2020,15.7854866930612,10.58627,1.35517,,-0.830199360847473,0.3236089768972796,1
CM,Cameroon,2021,14.0710328363883,,,,-0.934422612190247,0.39119683804002536,1
CM,Cameroon,2022,13.0335434836112,,,,-0.898889482021332,0.4159252372208386,1
CM,Cameroon,2023,12.8860295558918,,,,-0.913473010063171,0.4229123228679651,1
CM,Cameroon,2024,,,,,,,1
CV,Cabo Verde,2005,,,,39.1008095002529,-0.365165054798126,0.47106623993207486,0
CV,Cabo Verde,2006,,,,44.8559642439518,-0.287643551826477,0.49751474632667514,0
CV,Cabo Verde,2007,,,,41.7784504486587,-0.326841533184052,0.4852956632442367,0
CV,Cabo Verde,2008,,15.71089,,47.7156988322521,-0.188693180680275,0.5230092184406652,0
CV,Cabo Verde,2009,,19.38093,1.002055,53.1262342898702,-0.0558004304766655,0.6347332358691934,0
CV,Cabo Verde,2010,,19.49653,0.9572791,56.4707434059343,-0.146439358592033,0.5617568823386653,0
CV,Cabo Verde,2011,,19.8768,0.8538912,59.9314092638016,0.00015922928287182,0.5726734746322648,1
CV,Cabo Verde,2012,,20.33684,0.47273,58.5656233941807,0.0197162088006735,0.6236111483152625,1
CV,Cabo Verde,2013,,20.17573,0.5303252,58.5403296940705,-0.115504145622253,0.6335299448278011,1
CV,Cabo Verde,2014,,19.79964,0.4332338,57.6507481205977,-0.241273880004883,0.5789761062634731,1
CV,Cabo Verde,2015,,20.58774,0.4758922,56.4111670298392,-0.162442341446877,0.6028407504812976,1
CV,Cabo Verde,2016,,20.14221,0.5019268,55.1042370057685,-0.194087252020836,0.5783972105910994,1
CV,Cabo Verde,2017,,19.36932,0.3179636,55.4240595425911,-0.0798579379916191,0.57572695194358,1
CV,Cabo Verde,2018,,18.53158,0.2295648,53.6607055362922,-0.0363074876368046,0.5819827834230099,1
CV,Cabo Verde,2019,,22.8945,1.247742,51.6385591168305,-0.0247740764170885,0.6438077639719976,1
CV,Cabo Verde,2020,,25.47081,1.242133,68.4560324470729,0.160896986722946,0.7740626609680087,1
CV,Cabo Verde,2021,,27.08953,1.303135,67.5616449738555,0.26886397600174,0.8225299040172797,1
CV,Cabo Verde,2022,,,,57.9177809708987,0.263682216405869,0.6881015047820263,1
CV,Cabo Verde,2023,,,,55.5595950271498,0.242902502417564,0.6869426757805308,1
CV,Cabo Verde,2024,,,,53.5499820126529,,0.767221863259432,1
ER,Eritrea,2005,,,,27.5632390071943,-1.70982050895691,0.1937633186359976,1
ER,Eritrea,2006,,,,25.9882692375015,-2.01907277107239,0.161638937725289,1
ER,Eritrea,2007,,,,20.7357490413301,-2.01873636245728,0.13449593073141106,1
ER,Eritrea,2008,,,,22.060976369261,-2.08386182785034,0.15013453679318273,1
ER,Eritrea,2009,,,,16.7680727471697,-2.20666456222534,0.10326756555585952,1
ER,Eritrea,2010,,,,21.2805376775865,-2.16324639320374,0.09696030239465099,1
ER,Eritrea,2011,,,,17.5647022127032,-2.16482043266296,0.0990047998182036,1
ER,Eritrea,2012,,,,16.1597177482946,-2.20411825180054,0.0638672160829875,1
ER,Eritrea,2013,,,,33.9868058928029,-2.22740697860718,0.1304772305108316,1
ER,Eritrea,2014,,,,53.241077381173,-2.0858473777771,0.20243907058433147,1
ER,Eritrea,2015,,,,,-2.06694436073303,0.010791900108172155,1
ER,Eritrea,2016,,,,,-2.11089396476746,0.02247180718734349,1
ER,Eritrea,2017,,,,,-2.1708779335022,0.03395917438049632,1
ER,Eritrea,2018,,,,,-2.19343161582947,0.0,1
ER,Eritrea,2019,,,,,-2.19213676452637,0.0,1
ER,Eritrea,2020,,,,,-2.15805459022522,0.0,1
ER,Eritrea,2021,,,,,-2.27972555160522,0.0,1
ER,Eritrea,2022,,,,,-2.36939263343811,0.0,1
ER,Eritrea,2023,,,,,-2.36299300193787,0.0,1
ER,Eritrea,2024,,,,,,,1
ET,Ethiopia,2005,,9.420166,2.304263,18.8657892604975,-1.11570703983307,0.2406851927191548,0
ET,Ethiopia,2006,,11.43192,3.240514,20.4493250657558,-1.02831625938416,0.2795869003994376,0
ET,Ethiopia,2007,,12.79039,3.399388,18.5250760306452,-0.982684671878815,0.2772099141227043,0
ET,Ethiopia,2008,,12.45547,4.407201,17.7101483486321,-0.899132013320923,0.3240845047134875,0
ET,Ethiopia,2009,,11.1199,3.247355,,-0.931926727294922,0.41449230153516625,0
ET,Ethiopia,2010,,10.19397,2.845191,,-0.848106443881989,0.34120856541087935,0
ET,Ethiopia,2011,,8.953142,2.845081,,-0.994923114776611,0.280124712938087,0
ET,Ethiopia,2012,,12.38283,1.721311,,-1.05003821849823,0.3681478045184585,0
ET,Ethiopia,2013,,10.14572,,,-1.13566875457764,0.33730149188439107,0
ET,Ethiopia,2014,,8.62554,2.916133,,-1.07841408252716,0.256127080128828,0
ET,Ethiopia,2015,,8.840451,4.37537,,-1.0579651594162,0.2751601662047496,0
ET,Ethiopia,2016,,8.479112,2.652883,,-1.10960459709167,0.27967366919204906,0
ET,Ethiopia,2017,3.41286431945902,11.29838,2.261505,,-1.0297976732254,0.33623917108085266,0
ET,Ethiopia,2018,3.56052322049913,9.96612,1.452252,,-0.984722435474396,0.3045174297627613,0
ET,Ethiopia,2019,2.6717358210858,9.928329,2.082219,,-0.910632014274597,0.2880266657491103,0
ET,Ethiopia,2020,3.42977187734718,9.03286,1.593503,,-0.975501298904419,0.2626923996362361,0
ET,Ethiopia,2021,5.41485933762582,11.55515,1.088172,,-0.941965937614441,0.30666686958259126,0
ET,Ethiopia,2022,,,,,-0.94841742515564,0.40191648009757097,0
ET,Ethiopia,2023,,,,,-1.0210794210434,0.3915170489302273,0
ET,Ethiopia,2024,,,,,,,0
GA,Gabon,2005,,14.12677,1.735132,8.46361766400408,-0.0601043850183487,0.38741811407767,0
GA,Gabon,2006,,13.76531,2.048714,9.55302311116021,-0.301130533218384,0.35314000792252637,0
GA,Gabon,2007,,13.87775,2.210774,9.95222909903567,-0.382520467042923,0.33275708117146025,0
GA,Gabon,2008,,12.67186,2.207038,8.66117230938388,-0.560679852962494,0.33702549106769336,0
GA,Gabon,2009,,11.68541,1.447807,10.091112978373,-0.477560758590698,0.35254803203190016,0
GA,Gabon,2010,3.15900690596519,11.16093,0.2941509,8.20999683204116,-0.435533314943314,0.29721108228600435,0
GA,Gabon,2011,2.77845670058743,19.54315,3.362332,9.52767161179321,-0.456474870443344,0.3783403080477182,0
GA,Gabon,2012,2.54980619434756,17.34224,2.315454,11.3020956739669,-0.532351732254028,0.39656901850605825,1
GA,Gabon,2013,2.74240086893029,21.20304,2.39417,15.012821298493,-0.614103138446808,0.4801445025313284,1
GA,Gabon,2014,4.06703210187157,14.75315,1.080524,14.5417251249117,-0.69313257932663,0.34017478381641425,1
GA,Gabon,2015,9.14167909664759,12.30445,0.7610439,14.5161472286238,-0.732971966266632,0.3033921921985223,1
GA,Gabon,2016,9.03294748434874,15.34644,2.589667,13.8289895507558,-0.717620611190796,0.3469383799098685,1
GA,Gabon,2017,11.7976428473644,15.17335,1.637322,10.2903622081637,-0.71398663520813,0.33316528606351065,1
GA,Gabon,2018,15.7296765322634,16.20967,1.996233,13.0826930691649,-0.889868915081024,0.34453780482545954,1
GA,Gabon,2019,9.22897960246657,16.63204,1.505305,13.3764779657931,-0.958428800106049,0.335157927160136,1
GA,Gabon,2020,8.95723122279165,,,,-0.881805598735809,0.3822037115550845,1
GA,Gabon,2021,7.60742095202825,,,,-0.821126997470856,0.4241417495120097,1
GA,Gabon,2022,7.63650114773748,,,,-0.702257215976715,0.471541793921912,1
GA,Gabon,2023,7.57502661808912,,,,-0.704819560050964,0.48378910670931907,1
GA,Gabon,2024,,,,,,,1
GH,Ghana,2005,,12.40597,,15.5440688136274,-0.183413431048393,0.37269692988106456,0
GH,Ghana,2006,,12.91767,5.197715,10.8575870160572,-0.107713647186756,0.36705054914409324,0
GH,Ghana,2007,,10.8071,3.453788,14.4884302260337,-0.112005420029163,0.3429035627520765,0
GH,Ghana,2008,7.67772566797717,9.605982,2.266995,12.6134904703492,-0.111344560980797,0.34988066475305407,0
GH,Ghana,2009,16.200000013472,10.52352,1.38303,17.7369732584538,0.0372003167867661,0.4091394564256905,1
GH,Ghana,2010,18.0818565043657,12.12848,2.547003,16.6607748086712,0.0535484589636326,0.38470461767100406,1
GH,Ghana,2011,14.1459892948403,11.809,2.30251,17.1952826473503,0.0817165300250053,0.37871282469018624,1
GH,Ghana,2012,13.1966714743996,13.40157,3.619087,18.0717128637123,0.0985032916069031,0.4264680750170973,1
GH,Ghana,2013,11.9989351569178,14.68872,4.507449,15.2923716479322,0.0618107803165913,0.4571718250819601,1
GH,Ghana,2014,11.269173026949,13.386,3.955426,16.5048906269026,-0.0476707369089127,0.38924804414723174,1
GH,Ghana,2015,14.6736173400465,13.37064,3.113891,17.9335670472186,-0.107558235526085,0.39347726866215976,1
GH,Ghana,2016,17.2944005721658,12.63036,2.702792,17.4356386560413,-0.299607872962952,0.36290748018516733,1
GH,Ghana,2017,21.5912492157277,13.94477,3.190762,16.0995201444141,-0.188691198825836,0.38382128243607044,1
GH,Ghana,2018,18.1871529944043,13.92056,2.90781,13.7141432192203,-0.141936391592026,0.38852402415806253,1
GH,Ghana,2019,13.9419112610376,14.12575,3.15938,13.9372113856401,-0.185462951660156,0.375912693437955,1
GH,Ghana,2020,14.7938784472408,14.15553,3.226936,13.058528858537,-0.130579710006714,0.38547704619716555,1
GH,Ghana,2021,15.1166575274938,13.92242,3.207276,13.0544311231372,-0.215175911784172,0.36108404625694995,1
GH,Ghana,2022,14.7948102065664,,,13.2885237880865,-0.178818702697754,0.3822355902109295,1
GH,Ghana,2023,20.5784141422521,,,9.44619497372883,-0.18065220117569,0.37052021921833134,1
GH,Ghana,2024,,,,8.97427378652957,,0.1285740682883603,1
GM,"Gambia, The",2005,12.5685109343527,14.79569,4.735186,5.85223886598166,-0.614453136920929,0.32495119529316874,0
GM,"Gambia, The",2006,13.1872300249818,14.37706,2.929456,7.21291896424901,-0.483886420726776,0.335265032350284,0
GM,"Gambia, The",2007,10.4360871569687,13.08957,3.20369,7.54851230375493,-0.485150635242462,0.30818953038821656,0
GM,"Gambia, The",2008,13.6753466789579,13.7901,2.916203,8.73270872952293,-0.493136614561081,0.35986611783515343,1
GM,"Gambia, The",2009,12.309189801991,11.96014,0.5766765,9.16645259698903,-0.412360966205597,0.36084385437512795,1
GM,"Gambia, The",2010,14.5159542755099,,,9.49108014230579,-0.480537474155426,0.3193175469964675,1
GM,"Gambia, The",2011,12.1459044470398,,,10.4075521213533,-0.351987540721893,0.36122952346004367,1
GM,"Gambia, The",2012,12.0390048184338,,,10.0796538891506,-0.257835358381271,0.34767588672731103,1
GM,"Gambia, The",2013,19.0704746911573,,,9.98100085589005,-0.377716362476349,0.33153403457168784,1
GM,"Gambia, The",2014,7.22312243018901,,,8.8311855558866,-0.498851090669632,0.26935014782194566,1
GM,"Gambia, The",2015,6.48607001106877,13.49336,3.503469,,-0.580959022045135,0.45742664786892295,1
GM,"Gambia, The",2016,9.32276053366426,13.95776,2.710078,,-0.581205725669861,0.47057555061333783,1
GM,"Gambia, The",2017,7.33747091958366,13.87274,2.519575,6.09221630485146,-0.511482894420624,0.3239187669061967,1
GM,"Gambia, The",2018,3.15265862122247,14.03069,2.527768,7.05226804537001,-0.673881351947784,0.31666890479442533,1
GM,"Gambia, The",2019,4.54670680816959,13.33075,2.577584,8.2021724578564,-0.717234313488007,0.29129994887032856,1
GM,"Gambia, The",2020,6.43688937402732,10.93436,1.790383,8.15222243350758,-0.759016036987305,0.2536126738687749,1
GM,"Gambia, The",2021,5.14850706712082,,,8.87544997363302,-0.889699339866638,0.2498192930010848,1
GM,"Gambia, The",2022,4.55773796070112,,,9.62022046951909,-0.714570105075836,0.28647122812471104,1
GM,"Gambia, The",2023,,,,8.67488373035097,-0.639587819576263,0.2993115180561553,1
GM,"Gambia, The",2024,,,,,,,1
GN,Guinea,2005,,,,3.87915654280266,-1.03712630271912,0.21085383199208435,0
GN,Guinea,2006,,,,4.60476073585137,-1.14316499233246,0.21893355859743852,0
GN,Guinea,2007,,,,3.26263943860801,-1.18739795684814,0.20789823007446234,0
GN,Guinea,2008,,,,3.23943146683863,-1.16600322723389,0.21347405436268135,0
GN,Guinea,2009,,,,2.65986866597769,-1.12358593940735,0.21051041855404284,0
GN,Guinea,2010,,14.88611,,3.94270199195746,-1.059894323349,0.2632509594154006,0
GN,Guinea,2011,,19.92868,2.806787,6.8178937916267,-1.00236999988556,0.31595196436592465,0
GN,Guinea,2012,,23.34181,2.361715,5.91858015950185,-1.01962530612946,0.4142503890650302,0
GN,Guinea,2013,6.2023356485251,24.32562,2.06613,7.34182007384099,-1.02441227436066,0.4619796031174565,1
GN,Guinea,2014,6.06487516391056,,,9.93570310868046,-1.0696713924408,0.18675644367785413,1
GN,Guinea,2015,6.07175325484793,23.25316,1.747441,11.8208499509811,-0.900185465812683,0.4493869631758574,1
GN,Guinea,2016,9.44234465807295,27.55684,2.102554,10.772259870664,-0.888324558734894,0.48510003191097817,1
GN,Guinea,2017,10.6755859578393,27.94649,2.237729,9.11569152802411,-0.86464661359787,0.4949523668303364,1
GN,Guinea,2018,11.5550664603898,26.72409,1.987742,9.65173767168947,-0.806409239768982,0.5033233939655066,1
GN,Guinea,2019,9.89902696380351,26.6458,2.5721,10.2918968518411,-0.812190234661102,0.50597609228803,1
GN,Guinea,2020,9.37968228236148,25.43583,3.005545,10.0230932191264,-0.878001868724823,0.49116242487939155,1
GN,Guinea,2021,9.2073913241176,,,9.09358270499651,-0.980414152145386,0.23780273754262432,1
GN,Guinea,2022,,,,,-1.05010461807251,0.37315471253826904,1
GN,Guinea,2023,,,,,-1.07605743408203,0.3754766498110946,1
GN,Guinea,2024,,,,,,,1
GQ,Equatorial Guinea,2005,,,,2.14853263799982,-1.46834909915924,0.130056994863294,0
GQ,Equatorial Guinea,2006,,,,2.37293393091507,-1.50492835044861,0.15498398518303014,0
GQ,Equatorial Guinea,2007,,,,2.80267296559979,-1.45251274108887,0.16302539922642337,0
GQ,Equatorial Guinea,2008,,,,4.10405482430278,-1.44569098949432,0.1744666734394267,0
GQ,Equatorial Guinea,2009,,,,5.31752124002543,-1.47102332115173,0.16822180603835046,0
GQ,Equatorial Guinea,2010,4.72033072957954,,,6.07828531496565,-1.54846596717834,0.13313331206362977,0
GQ,Equatorial Guinea,2011,4.41781877081119,,,6.4064820440112,-1.48733866214752,0.16119850518106238,0
GQ,Equatorial Guinea,2012,5.76775100732085,,,4.83204994072443,-1.60031580924988,0.11385753964909855,0
GQ,Equatorial Guinea,2013,20.1302259830138,,,6.863157222794,-1.54353320598602,0.13233921866709164,0
GQ,Equatorial Guinea,2014,19.7351789788204,,,8.10847678929606,-1.46566355228424,0.11925095806315504,1
GQ,Equatorial Guinea,2015,17.6985743714901,,,12.5262525944721,-1.48868584632874,0.1355921097382256,1
GQ,Equatorial Guinea,2016,25.0939937723464,,,14.9468582596128,-1.55810081958771,0.1428054768619929,1
GQ,Equatorial Guinea,2017,27.5258097844518,,,14.1214330973783,-1.57570993900299,0.1557679824151944,1
GQ,Equatorial Guinea,2018,36.9237925384333,,,14.1882491471457,-1.65524923801422,0.14304596427649957,1
GQ,Equatorial Guinea,2019,49.0658298487693,,,15.2395082821309,-1.69174087047577,0.14300463596906532,1
GQ,Equatorial Guinea,2020,52.2420807240481,,,12.8708903076884,-1.71425592899323,0.12546390896040907,1
GQ,Equatorial Guinea,2021,55.0803396620946,,,10.4542771122938,-1.73251974582672,0.13576721765637295,1
GQ,Equatorial Guinea,2022,55.4109645865667,,,8.08192941445443,-1.49326610565186,0.1679602455418547,1
GQ,Equatorial Guinea,2023,31.1481310604313,,,5.90842492713663,-1.47442591190338,0.16224908221169682,1
GQ,Equatorial Guinea,2024,,,,,,,1
GW,Guinea-Bissau,2005,,,,1.46468772744116,-1.12447786331177,0.1859643143735128,0
GW,Guinea-Bissau,2006,,,,2.17916798609808,-0.980062365531921,0.23526911356869856,0
GW,Guinea-Bissau,2007,,,,3.2143957296009,-1.13529062271118,0.21622445520043643,0
GW,Guinea-Bissau,2008,,,,5.12193287345221,-1.19747388362885,0.21630793539234822,0
GW,Guinea-Bissau,2009,,,,4.43143825383554,-1.1950798034668,0.2069788122686817,0
GW,Guinea-Bissau,2010,,,,6.3595348790892,-1.12364184856415,0.2027455248462794,0
GW,Guinea-Bissau,2011,,,,8.68660543992672,-1.12446665763855,0.2293568407197669,0
GW,Guinea-Bissau,2012,,,,12.2237244144012,-1.22891986370087,0.20248594006791637,1
GW,Guinea-Bissau,2013,,,,11.9864956964581,-1.28914284706116,0.19345068355084213,1
GW,Guinea-Bissau,2014,,,,13.4338996126926,-1.21222698688507,0.17881326595528563,1
GW,Guinea-Bissau,2015,,,,7.77995634782975,-1.23459827899933,0.15581968363219806,1
GW,Guinea-Bissau,2016,,,,7.00586280603824,-1.24513328075409,0.15766526713848014,1
GW,Guinea-Bissau,2017,,,,11.7090574410238,-1.21777617931366,0.19981952774058392,1
GW,Guinea-Bissau,2018,,,,13.8535174051652,-1.24348342418671,0.20522768764846633,1
GW,Guinea-Bissau,2019,,,,13.409872021777,-1.27179884910583,0.20064205884447692,1
GW,Guinea-Bissau,2020,,,,13.7833198687052,-1.2862263917923,0.1937391830776295,1
GW,Guinea-Bissau,2021,,,,13.4954737107757,-1.27552962303162,0.21856172487391487,1
GW,Guinea-Bissau,2022,,,,14.7209674921866,-1.32148897647858,0.22844464294031303,1
GW,Guinea-Bissau,2023,,,,12.5767303355497,-1.24987518787384,0.23182838136550138,1
GW,Guinea-Bissau,2024,,,,11.1195575477567,,0.1593101081229899,1
KE,Kenya,2005,,17.95073,2.796906,26.2768754700489,-0.288214594125748,0.45531237624575954,0
KE,Kenya,2006,12.3362680888227,18.46835,3.0187,22.8883109960388,-0.239396661520004,0.44264978194168786,0
KE,Kenya,2007,6.99345334721106,19.77238,2.76759,23.0449642815856,-0.317882090806961,0.4284835619336193,0
KE,Kenya,2008,9.00441812157209,18.76598,3.054249,25.380611749054,-0.277211368083954,0.49697370427976656,0
KE,Kenya,2009,6.8155815139755,19.69903,2.872334,21.8748215770177,-0.178242474794388,0.5390726509299569,0
KE,Kenya,2010,5.13264404953777,23.05273,3.977271,23.9866365463318,-0.136400818824768,0.5160952817981662,0
KE,Kenya,2011,4.42119245549815,20.42355,3.490887,27.3659528452877,-0.240827634930611,0.4607223447083955,0
KE,Kenya,2012,4.59096006966281,22.17769,3.330554,26.4022341140294,-0.317458748817444,0.5272262891842961,0
KE,Kenya,2013,5.04358264592496,22.99755,3.702835,28.3321722043471,-0.326215893030167,0.5725874406941844,0
KE,Kenya,2014,5.4551197240463,25.37654,3.577712,34.5220651778387,-0.348395675420761,0.5955923956985183,0
KE,Kenya,2015,5.9887640736269,21.19606,3.088681,36.6993293508397,-0.368477910757065,0.5384943571555117,0
KE,Kenya,2016,8.58596832075201,23.69231,2.771168,35.5710732134397,-0.357900857925415,0.5555319180572467,0
KE,Kenya,2017,9.94912828884014,24.62016,2.976495,33.1505993031106,-0.280637979507446,0.5703967416035831,1
KE,Kenya,2018,12.0267293707536,23.96219,3.035971,31.1986897673002,-0.265344053506851,0.5777151170345433,1
KE,Kenya,2019,9.74935514062437,24.18792,2.922891,30.8320287701597,-0.338947534561157,0.5732175427407485,1
KE,Kenya,2020,11.8785758572125,21.51275,1.360085,32.1498074208935,-0.51719057559967,0.5288816828905196,1
KE,Kenya,2021,10.8864625648839,23.23094,2.902877,31.1231240199267,-0.460586369037628,0.556993572367785,1
KE,Kenya,2022,10.753110186173,,,31.2584163915549,-0.380829960107803,0.45162536917804996,1
KE,Kenya,2023,12.3355513614636,,,31.6398269113548,-0.390806585550308,0.4624142039633472,1
KE,Kenya,2024,,,,,,,1
KM,Comoros,2005,,,,5.17523919105504,-1.54902243614197,0.12877702892940265,0
KM,Comoros,2006,,,,4.91444272872443,-1.4848827123642,0.16733164741441514,0
KM,Comoros,2007,,,,5.35040930549283,-1.43888223171234,0.17431414959719918,0
KM,Comoros,2008,,,,6.35343539152693,-1.46228051185608,0.18104652348154818,0
KM,Comoros,2009,,,,8.78333732412975,-1.5387270450592,0.17242657810938491,0
KM,Comoros,2010,14.2522175991688,,,10.4775902098787,-1.39589881896973,0.17591251596577318,0
KM,Comoros,2011,15.4459558185201,,,10.6281810991574,-1.3619624376297,0.19924023856615813,0
KM,Comoros,2012,17.3767230197489,,,12.0894266472375,-1.38660228252411,0.17696568224145637,0
KM,Comoros,2013,17.2332709662531,,,12.8050866853768,-1.2163941860199,0.20835910692949877,0
KM,Comoros,2014,18.6331963240828,,,13.6288657589651,-1.1232727766037,0.19312923039449736,1
KM,Comoros,2015,18.9342741452382,,,15.8220261992571,-1.09154379367828,0.21010001864403444,1
KM,Comoros,2016,19.8401026478642,,,16.1429576955409,-1.09867775440216,0.21780044381959912,1
KM,Comoros,2017,22.888871696943,,,16.4592204557401,-1.09925413131714,0.2365445269263559,1
KM,Comoros,2018,22.7941734157578,,,15.7748496415702,-1.18982172012329,0.221630566949569,1
KM,Comoros,2019,20.9609350452186,,,15.4876028117551,-1.19900012016296,0.22085219304436482,1
KM,Comoros,2020,21.3611826623622,,,14.9857749486743,-1.25821113586426,0.20344719473707862,1
KM,Comoros,2021,16.1128963386522,,,16.0506210630525,-1.27106618881226,0.2329484972497402,1
KM,Comoros,2022,14.0994124979109,,,16.3013699146177,-1.20053803920746,0.2541650618594071,1
KM,Comoros,2023,,,,17.0057400666252,-1.23843240737915,0.257954267733035,1
KM,Comoros,2024,,,,,,,1
LR,Liberia,2005,,,,3.80967005163199,-1.5897102355957,0.1161887677779173,0
LR,Liberia,2006,,,,4.74413233794056,-1.34798407554626,0.18783596082378723,0
LR,Liberia,2007,,,,5.25937488093712,-1.11355566978455,0.22704591052497247,0
LR,Liberia,2008,,,,6.12664985588776,-1.27424573898315,0.20870560945181085,0
LR,Liberia,2009,,,,7.9469631760414,-1.17583811283112,0.22478382772102867,0
LR,Liberia,2010,,,,9.36698515953382,-1.04009187221527,0.22864726107956612,0
LR,Liberia,2011,,,,10.3742636363462,-1.08162319660187,0.24339051656020155,0
LR,Liberia,2012,,,,10.0467756206278,-1.0499324798584,0.22206496473470547,0
LR,Liberia,2013,,,,11.8207741493068,-0.92324286699295,0.2514248442341939,1
LR,Liberia,2014,,,,11.4404481833926,-0.880495667457581,0.22149253770239394,1
LR,Liberia,2015,,6.730481,-1.322049,12.7449494275786,-0.904000461101532,0.1943123247625135,1
LR,Liberia,2016,,8.177073,0.6424479,13.0206645953549,-0.976915776729584,0.22209274414776292,1
LR,Liberia,2017,,7.988188,-0.0145718,16.7523537949631,-0.980787038803101,0.22244060530522283,1
LR,Liberia,2018,,9.941512,1.313821,16.9764079051885,-0.989606022834778,0.2499361112799143,1
LR,Liberia,2019,,9.998554,1.295093,14.3078715677321,-1.00815343856812,0.22373721905592803,1
LR,Liberia,2020,,6.244452,-2.000402,13.418605423168,-1.0389438867569,0.16294830226580317,1
LR,Liberia,2021,,9.723547,2.396376,12.8996951357409,-0.963078558444977,0.21814925249518283,1
LR,Liberia,2022,,,,14.787430409394,-0.980886161327362,0.27697594155752636,1
LR,Liberia,2023,,,,,-0.923699855804443,0.4199285357437461,1
LR,Liberia,2024,,,,,,,1
LS,Lesotho,2005,,,,7.23312264139718,-0.633165061473846,0.2936980310009699,0
LS,Lesotho,2006,,,,7.36080443565175,-0.667670607566833,0.3023415153114825,0
LS,Lesotho,2007,,,,9.9923700762125,-0.716383755207062,0.30866028392337114,0
LS,Lesotho,2008,,13.97834,,10.0237879220093,-0.670076966285706,0.34808200018209656,0
LS,Lesotho,2009,3.01980961547002,15.87992,3.442909,12.6072342040108,-0.649876177310944,0.4061236223636892,0
LS,Lesotho,2010,3.03446782401745,15.42929,3.04848,13.4113788716402,-0.630146682262421,0.3420661243541954,0
LS,Lesotho,2011,2.09514427558555,16.24013,2.66825,14.3488582863768,-0.638167917728424,0.3385936418443156,0
LS,Lesotho,2012,2.46477296166822,18.7845,3.144206,18.5687326980566,-0.540954291820526,0.43528643235976033,0
LS,Lesotho,2013,3.78801708370063,17.15207,3.303612,19.9473003777666,-0.375771909952164,0.4590219865121743,1
LS,Lesotho,2014,4.22925606627001,18.02627,3.165503,19.3315018437025,-0.444160997867584,0.4297804502909757,1
LS,Lesotho,2015,4.03779220172476,17.66736,2.786315,18.2736366996778,-0.462051779031754,0.4247697614965684,1
LS,Lesotho,2016,3.6944118773996,21.73222,3.642561,18.2128934613148,-0.459403544664383,0.4710164404319836,1
LS,Lesotho,2017,4.41640017238618,20.05368,2.439074,20.0038403177699,-0.384048193693161,0.46074970329709536,1
LS,Lesotho,2018,3.66046491384932,19.59272,2.497916,20.1314045454092,-0.55536687374115,0.4502602621124138,1
LS,Lesotho,2019,3.29905737050076,22.37866,3.012916,21.3224677858948,-0.607284188270569,0.4885859872966127,1
LS,Lesotho,2020,4.19908433746564,20.19481,1.693405,21.9341136334471,-0.669014096260071,0.4603518666691047,1
LS,Lesotho,2021,4.06516576680991,16.92211,0.7436981,22.3287794465889,-0.757836818695068,0.39165424290893075,1
LS,Lesotho,2022,4.31173023499467,,,21.6960640017388,-0.615311503410339,0.36633735935649203,1
LS,Lesotho,2023,3.83883392253685,,,24.866731489152,-0.590149462223053,0.39593358732578754,1
LS,Lesotho,2024,,,,25.5830191933324,,0.36653189449905615,1
MG,Madagascar,2005,7.60792563429991,16.65616,3.708249,8.4956383039294,-0.292555779218674,0.3906908607821926,0
MG,Madagascar,2006,6.35707583676168,17.5731,3.99371,8.781580280411,-0.250743836164474,0.39757005051952937,0
MG,Madagascar,2007,7.38090894155114,16.09652,3.650013,8.77598082046615,-0.287419378757477,0.36200219484210283,0
MG,Madagascar,2008,7.17687229470659,14.38456,2.7126,9.70217947833011,-0.373598515987396,0.3829940221644459,0
MG,Madagascar,2009,8.79419882422574,12.58847,1.657285,10.1415792882143,-0.54454094171524,0.3596320189379982,0
MG,Madagascar,2010,10.0217242777646,12.91804,1.163255,10.8686616139204,-0.605530261993408,0.30744828182425316,0
MG,Madagascar,2011,11.8198387546378,14.0358,2.305527,10.1802537806208,-0.55234831571579,0.31355569491796376,0
MG,Madagascar,2012,11.5651094798493,13.12575,1.827165,10.1166938504563,-0.576099574565887,0.33000364295551066,0
MG,Madagascar,2013,12.1838467083235,15.21086,2.402824,11.0832879408739,-0.659140110015869,0.37669814378778027,0
MG,Madagascar,2014,10.2928305449885,16.85603,3.106734,11.6677588601475,-0.716764986515045,0.3634855427567641,0
MG,Madagascar,2015,9.30747379475236,18.53925,3.491158,12.3105923900588,-0.809338331222534,0.38668026401915295,0
MG,Madagascar,2016,8.82195768112054,16.61008,3.134973,11.8878140256576,-0.735103726387024,0.35677317634916555,0
MG,Madagascar,2017,8.14393907254576,16.45541,3.449025,12.706122619847,-0.736412763595581,0.3554127885661375,0
MG,Madagascar,2018,7.62316707853899,16.66277,3.436104,12.9668768989013,-0.785894691944122,0.3618058627462604,0
MG,Madagascar,2019,7.3470164916212,15.92543,3.298929,14.2116915537463,-0.788889169692993,0.3435471563128998,0
MG,Madagascar,2020,8.46460927886256,14.06469,2.530058,16.4151092015642,-0.811572015285492,0.32623015208607814,0
MG,Madagascar,2021,9.10988359501251,,,17.852444678252,-0.836634576320648,0.30579961995966143,0
MG,Madagascar,2022,8.02382724671768,,,18.639343960458,-0.815499842166901,0.32136315955836453,0
MG,Madagascar,2023,7.59700068542518,,,17.1095450681343,-0.799546599388123,0.3225521877432871,0
MG,Madagascar,2024,,,,16.642703751733,,0.2384416639600574,0
ML,Mali,2005,,15.83616,-0.2830823,11.5779477743928,-0.559557259082794,0.3591618803510808,0
ML,Mali,2006,,18.24539,1.513149,12.0821368619497,-0.458761304616928,0.39144313781568957,0
ML,Mali,2007,,19.97883,1.379501,12.8758583482249,-0.390169739723206,0.3985192372635756,0
ML,Mali,2008,,18.45459,2.062943,9.58019951686339,-0.424137949943542,0.43506734878892045,0
ML,Mali,2009,,14.63653,0.8591259,13.3848612730092,-0.408670276403427,0.41405066135151275,0
ML,Mali,2010,,16.33547,1.137799,14.5866708875086,-0.483745783567429,0.3719485265729228,0
ML,Mali,2011,,15.23003,1.848792,15.4292404390478,-0.404689967632294,0.35641395519615693,0
ML,Mali,2012,,19.01946,1.178325,16.3404937825631,-0.427046447992325,0.44460266479179883,0
ML,Mali,2013,,16.00088,1.705739,17.557757190054,-0.519340336322784,0.42040759952441165,0
ML,Mali,2014,,12.17493,1.418213,18.7109125308902,-0.633841454982758,0.31636722441953025,0
ML,Mali,2015,,13.5586,0.9541988,21.0168582324221,-0.633086144924164,0.3505410722546731,0
ML,Mali,2016,,13.93234,1.23157,22.1370457826586,-0.63912957906723,0.35884695454186494,0
ML,Mali,2017,,13.06048,0.8892352,21.7776424964418,-0.616693496704102,0.34367498499616084,0
ML,Mali,2018,,14.88264,1.382482,21.4473604453662,-0.600795805454254,0.37767976991924695,1
ML,Mali,2019,,14.01081,0.9036514,20.6750806962891,-0.623046398162842,0.3477293446670908,1
ML,Mali,2020,,12.82675,1.014576,21.9275348579908,-0.673809766769409,0.3360267749091546,1
ML,Mali,2021,,,,23.7454169625775,-0.634793400764465,0.3668297544864195,1
ML,Mali,2022,,,,24.934670687225,-0.634121775627136,0.38133168404480616,1
ML,Mali,2023,,,,23.3773431230389,-0.679561257362366,0.3746659083481526,1
ML,Mali,2024,,,,22.5850740814293,,0.3235795531599418,1
MR,Mauritania,2005,,26.60758,2.011987,18.4014813125773,-0.376651972532272,0.525046727323378,0
MR,Mauritania,2006,,34.58091,1.879156,14.617422611558,-0.466557532548904,0.5731989923602128,0
MR,Mauritania,2007,,38.68299,1.754675,16.2991786844733,-0.494043827056885,0.5782416777429732,0
MR,Mauritania,2008,,24.69516,0.1452738,19.2083942062677,-0.678380012512207,0.5234786160081073,1
MR,Mauritania,2009,,22.23899,0.8068999,19.977723344228,-0.711697697639465,0.5178294698248664,1
MR,Mauritania,2010,,26.75399,0.8929747,18.2754030717281,-0.843002915382385,0.46903130015343414,1
MR,Mauritania,2011,,24.89534,0.9637775,16.5934473771108,-0.801002621650696,0.41589353955488373,1
MR,Mauritania,2012,,21.61819,0.8802857,16.7663811866788,-0.652322828769684,0.4581711522555139,1
MR,Mauritania,2013,,25.43288,0.9577953,18.345839833704,-0.671195030212402,0.5451519794443002,1
MR,Mauritania,2014,,23.91242,0.7527481,19.5202997737568,-0.832643926143646,0.4839046191687557,1
MR,Mauritania,2015,,24.95151,0.8166985,21.115578390201,-0.912680149078369,0.4993390143769276,1
MR,Mauritania,2016,,21.39767,0.3950143,20.2989097590812,-0.788824498653412,0.4387952072683324,1
MR,Mauritania,2017,,20.30035,0.1044715,21.0665741212812,-0.819411277770996,0.42352697418565627,1
MR,Mauritania,2018,,24.45073,-0.133879,22.0411208947414,-0.865196943283081,0.4975936773494101,1
MR,Mauritania,2019,,21.98047,0.1221099,22.7235411550392,-0.82778126001358,0.4631258640498692,1
MR,Mauritania,2020,,23.53199,0.4862632,,-0.894477546215057,0.6403292180959016,1
MR,Mauritania,2021,,,,,-1.07720506191254,0.34967753318868844,1
MR,Mauritania,2022,,,,,-1.06221723556519,0.3697287128733555,1
MR,Mauritania,2023,,,,,-0.997108280658722,0.39851087496829873,1
MR,Mauritania,2024,,,,,,,1
MU,Mauritius,2005,,20.47689,1.799821,71.93031425504,0.412572383880615,0.6904020036980393,0
MU,Mauritius,2006,,19.35397,1.631706,68.6878766043514,0.466889590024948,0.6360510542091381,0
MU,Mauritius,2007,,12.69913,1.780613,71.7467361526219,0.467717230319977,0.5602649578582618,0
MU,Mauritius,2008,,16.88337,3.079835,81.798055590861,0.742279767990112,0.7258355879134903,0
MU,Mauritius,2009,3.29242857718552,14.22788,1.450815,80.077012635807,0.756105363368988,0.7150924983504683,0
MU,Mauritius,2010,2.76498233309994,17.50082,2.380423,85.3551207721711,0.801979422569275,0.7192423490542854,0
MU,Mauritius,2011,2.80757714682396,17.67597,2.031989,89.3054368604288,0.767549991607666,0.715342931832628,0
MU,Mauritius,2012,3.63707898309436,17.53375,1.167912,98.8475449588954,0.931618332862854,0.7890988511944389,0
MU,Mauritius,2013,4.15037241131952,17.24109,1.552273,104.894172317256,0.892884910106659,0.8207741366351288,0
MU,Mauritius,2014,4.91975055211583,15.97996,1.021712,96.7258647556767,1.19694662094116,0.7671499385302751,1
MU,Mauritius,2015,7.19532078019472,17.02521,0.910946,100.020733649424,1.13669097423553,0.7974964559724279,1
MU,Mauritius,2016,7.75660164983683,16.75397,1.05892,93.504793776485,1.09485113620758,0.769841276592573,1
MU,Mauritius,2017,7.02947039391439,17.02202,1.571169,98.9837086150192,1.05010139942169,0.7714774987785357,1
MU,Mauritius,2018,6.52130440486035,17.68518,1.741756,75.3122831732475,1.04394924640656,0.7413081375982964,1
MU,Mauritius,2019,4.94032133508388,16.01738,1.278617,78.0827585049556,1.01627027988434,0.7142823037595286,1
MU,Mauritius,2020,6.20570923789541,14.39066,0.375356,91.8145868000327,1.1811306476593,0.7610934041580398,1
MU,Mauritius,2021,5.82385034444983,10.95238,0.9667396,86.4359988784567,1.15921568870544,0.7078940409891307,1
MU,Mauritius,2022,4.91605345189016,,,72.5294327755633,1.16610610485077,0.8953768701551345,1
MU,Mauritius,2023,5.30661571969999,,,69.7502912185043,1.06447863578796,0.8851541149521944,1
MU,Mauritius,2024,,,,69.7972005679729,,1.0,1
MW,Malawi,2005,,14.84861,3.778054,2.7779338413945,-0.509587168693542,0.3290484938148806,0
MW,Malawi,2006,,16.18094,5.393248,3.50616786561297,-0.583651542663574,0.33548336310112586,0
MW,Malawi,2007,,17.6015,6.636888,3.76433782428077,-0.508220851421356,0.34082325408157393,0
MW,Malawi,2008,,18.41408,5.841766,6.26229916413705,-0.542513906955719,0.41355177996062537,0
MW,Malawi,2009,,18.97351,5.65101,7.47258448999146,-0.489193111658096,0.4555093308400077,0
MW,Malawi,2010,,18.39302,4.614265,9.50299344202592,-0.637416422367096,0.3662083608696496,1
MW,Malawi,2011,,17.56169,4.526716,9.57361410198919,-0.75433361530304,0.32617795898403307,1
MW,Malawi,2012,,16.93449,5.014441,10.0146736585562,-0.712749183177948,0.3683756337001997,1
MW,Malawi,2013,,18.55195,6.778271,8.55708608442318,-0.679982602596283,0.41697833719125116,1
MW,Malawi,2014,,21.38731,6.743868,7.83598581016284,-0.819636702537537,0.4146362388081803,1
MW,Malawi,2015,7.27171165156156,17.33309,4.186972,9.1724038585019,-0.86566561460495,0.3537355606052172,1
MW,Malawi,2016,10.2995803285911,16.3916,3.469175,8.00930921941906,-0.881440103054047,0.3282670884105759,1
MW,Malawi,2017,8.55433317223974,15.36753,2.978544,7.47835094183134,-0.79025799036026,0.3207969043107857,1
MW,Malawi,2018,2.8284352702654,15.4544,2.867302,6.81764864429292,-0.723060786724091,0.3325895410877364,1
MW,Malawi,2019,5.06307752763414,16.12405,3.475324,7.22074169557393,-0.749148666858673,0.33105103708734324,1
MW,Malawi,2020,5.42544696371903,16.98583,4.323474,7.85314893803137,-0.785046398639679,0.3517999475791435,1
MW,Malawi,2021,3.70996162437448,14.50642,3.035624,8.23959919600957,-0.801559805870056,0.2967085430439331,1
MW,Malawi,2022,5.51987474313756,,,8.64704907517316,-0.739736258983612,0.27760713930908437,1
MW,Malawi,2023,5.09546372435375,,,8.14487081776178,-0.772310614585876,0.2770232139075993,1
MW,Malawi,2024,,,,,,,1
MZ,Mozambique,2005,,3.636184,,8.78413449461731,-0.741414427757263,0.1877429748870426,0
MZ,Mozambique,2006,,3.713162,2.382603,9.89325283447363,-0.626963675022125,0.21189625054817107,0
MZ,Mozambique,2007,,4.593912,3.760854,10.0421356502336,-0.636888325214386,0.21453455717665956,0
MZ,Mozambique,2008,,4.269306,2.463557,14.0124195660244,-0.512790739536285,0.2375560554179488,0
MZ,Mozambique,2009,,4.092123,2.223435,19.5511262342972,-0.437218874692917,0.26711962192049393,0
MZ,Mozambique,2010,,4.268024,1.827964,21.6491864986519,-0.453413218259811,0.24931887667103503,1
MZ,Mozambique,2011,,4.918438,1.236038,20.9197341288749,-0.473082095384598,0.25907515565402756,1
MZ,Mozambique,2012,,5.611869,2.230348,22.4314517976521,-0.465775460004807,0.27003588172386794,1
MZ,Mozambique,2013,2.66177705858124,5.233314,2.076818,26.2611547587696,-0.417519450187683,0.29578347864556814,1
MZ,Mozambique,2014,3.24436675637473,5.422138,2.057962,30.188781793048,-0.435868889093399,0.25980925339114797,1
MZ,Mozambique,2015,4.30632739093896,5.312698,1.821327,32.0531316730482,-0.56189900636673,0.2589881342508915,1
MZ,Mozambique,2016,5.7261126057554,5.308121,0.6200811,31.2078879056346,-0.74905401468277,0.2569009565491495,1
MZ,Mozambique,2017,12.6350461122505,7.122042,3.000075,24.4582064524123,-0.770824313163757,0.2517230064251829,1
MZ,Mozambique,2018,11.1183361707449,6.786724,2.203743,22.1292035071031,-0.796630501747131,0.2363517855071344,1
MZ,Mozambique,2019,10.1582280493631,6.985748,2.370325,21.2791585156392,-0.780855536460876,0.2177196651579931,1
MZ,Mozambique,2020,9.82505980059786,5.940557,1.384103,23.8696192694383,-0.772882997989655,0.2163448485060474,1
MZ,Mozambique,2021,10.6046068968098,7.062472,2.941942,23.0205800775002,-0.796027064323425,0.22632687275149754,1
MZ,Mozambique,2022,8.96909285332577,,,20.72083608791,-0.726218461990356,0.3453363583992538,1
MZ,Mozambique,2023,,,,18.4882548299683,-0.708528399467468,0.34344305148980675,1
MZ,Mozambique,2024,,,,17.87058043708,,0.25603377340260997,1
NA,Namibia,2005,,32.0702,,,0.142397329211235,0.9012506280883833,0
NA,Namibia,2006,,26.067,0.8190174,,0.173593416810036,0.773613871498047,0
NA,Namibia,2007,,29.81353,3.701755,,0.0460881590843201,0.7741509377695022,0
NA,Namibia,2008,,27.28857,2.873801,,0.376434057950974,0.9324068020532753,0
NA,Namibia,2009,,25.30222,2.478036,,0.241088286042213,0.9206826791544779,0
NA,Namibia,2010,1.9647272829344,25.30744,2.227955,,0.213284954428673,0.785306029552908,0
NA,Namibia,2011,1.486349269152,26.79571,3.279774,,0.0923139303922653,0.7291577688084332,0
NA,Namibia,2012,1.33735163605377,25.26302,2.6151,,0.155978977680206,0.8284384546102883,0
NA,Namibia,2013,1.28556138254878,21.62047,2.258842,,0.164272174239159,0.7990431852798363,0
NA,Namibia,2014,1.45334082435894,21.85556,2.49683,,0.0766165852546692,0.7458497588180273,0
NA,Namibia,2015,1.55169543390496,25.37547,2.57003,65.6259688357891,0.0441579781472683,0.7232110753185422,0
NA,Namibia,2016,1.54454922408712,25.55405,2.831511,68.5718638970192,-0.00704942131415009,0.7072203224997748,0
NA,Namibia,2017,2.58557259811033,26.93535,3.289596,65.0850898640543,-0.117920652031898,0.7042228858282812,0
NA,Namibia,2018,3.57917290160729,25.31444,2.31696,65.8415486800746,-0.000688285275828093,0.7230700783766579,0
NA,Namibia,2019,4.56492485771414,24.37314,2.368503,70.950579352357,-0.000301949679851532,0.7255584714925988,0
NA,Namibia,2020,6.39332297719081,25.25618,2.083535,72.7676677166466,0.00997759960591793,0.7685689669654222,0
NA,Namibia,2021,6.37483934737453,23.72112,2.038165,68.847324869681,-0.0211970582604408,0.742958572180377,0
NA,Namibia,2022,5.51723321566673,,,61.0232473125515,-0.0150013873353601,0.6656180407029986,0
NA,Namibia,2023,5.79376872969597,,,,-0.0622607916593552,0.6712622170099355,0
NA,Namibia,2024,,,,,,,0
NE,Niger,2005,,13.49521,1.022669,3.95336505243563,-0.412261575460434,0.32750019139618,0
NE,Niger,2006,,13.01568,0.3545623,3.87400308731938,-0.553185999393463,0.30532946547943557,0
NE,Niger,2007,,9.863886,0.6542464,7.07832627658032,-0.557963252067566,0.26761601030632304,0
NE,Niger,2008,,12.03327,1.028657,8.05448229866597,-0.464942008256912,0.3360635349842731,0
NE,Niger,2009,,14.82086,1.664967,8.89140221192257,-0.525119125843048,0.392268431087251,0
NE,Niger,2010,,14.399,1.833045,9.0342729600052,-0.564630508422852,0.32462256398090544,0
NE,Niger,2011,,16.34802,2.187377,9.92230818231259,-0.567633330821991,0.33482767833542426,0
NE,Niger,2012,,16.5979,2.266525,9.97081356735436,-0.609249889850616,0.37449756505840387,0
NE,Niger,2013,,16.61559,2.344865,10.460630408421,-0.582843363285065,0.4038838659598694,1
NE,Niger,2014,,15.53562,2.169659,10.6800359863882,-0.743807315826416,0.33726873969957216,1
NE,Niger,2015,,17.69081,2.770704,11.2731547376931,-0.780473530292511,0.3736778758858554,1
NE,Niger,2016,,11.95529,0.3859265,11.4788257050699,-0.720742762088776,0.2946066561073711,1
NE,Niger,2017,,14.26589,1.588162,11.4148574711151,-0.72576904296875,0.3221921208288531,1
NE,Niger,2018,,13.56817,1.192562,10.2026122139181,-0.682929277420044,0.31757615485934326,1
NE,Niger,2019,,14.38157,1.315333,11.2206118700838,-0.72416877746582,0.3164170678793509,1
NE,Niger,2020,,,,11.700232378583,-0.79823899269104,0.2572583498918899,1
NE,Niger,2021,,,,13.0249108916474,-0.760396122932434,0.29092883836921013,1
NE,Niger,2022,,,,12.4891662415375,-0.72080385684967,0.3012290369623081,1
NE,Niger,2023,,,,11.0637752726511,-0.816925287246704,0.28663275996189347,1
NE,Niger,2024,,,,10.3792332401983,,0.14870328872738525,1
NG,Nigeria,2005,,20.31261,2.096575,8.43509526303227,-0.792749345302582,0.37643549106371865,0
NG,Nigeria,2006,,17.35191,1.754297,8.12036045279147,-0.947573065757751,0.321892399128226,0
NG,Nigeria,2007,9.50262123548539,22.05418,2.669993,13.7970169332616,-0.894971668720245,0.3661143068238128,0
NG,Nigeria,2008,7.19359013817042,16.63062,2.105337,18.6330147009187,-0.815719306468964,0.39403346031485015,1
NG,Nigeria,2009,37.2532872694237,,-23.25714,19.6256016608172,-0.760188281536102,0.33810182181945225,1
NG,Nigeria,2010,20.1430996066243,,3.80028,13.490742840586,-0.74347710609436,0.2934960581916821,1
NG,Nigeria,2011,5.77162860434222,14.99784,0.4193012,11.0436296114106,-0.699536263942719,0.30999260895729913,1
NG,Nigeria,2012,3.70522490674831,17.77566,3.253207,10.6047037712344,-0.723069429397583,0.3805935680839918,1
NG,Nigeria,2013,3.39339117622511,16.28585,2.061718,11.5332149415284,-0.681769371032715,0.39130051205839594,1
NG,Nigeria,2014,2.96313378497792,16.4411,2.111478,13.2970053767392,-0.837622761726379,0.3489278813570101,1
NG,Nigeria,2015,4.86088556171331,16.78471,1.461066,13.0786844773698,-0.887996912002563,0.35332767076566274,1
NG,Nigeria,2016,12.8150641172054,16.43923,1.291429,14.6080388563102,-0.94233363866806,0.34091919792214886,1
NG,Nigeria,2017,14.8096296761859,18.36757,1.816754,12.8520298076198,-0.917148351669312,0.3646743597393975,1
NG,Nigeria,2018,11.6745261102871,14.80313,2.12243,10.2465813012399,-0.878198742866516,0.316369627003379,1
NG,Nigeria,2019,6.03472340059305,15.37705,2.207659,11.1575566541912,-0.940476417541504,0.3101078034115216,1
NG,Nigeria,2020,6.02451546227795,13.62957,1.730428,12.1318506028341,-1.02443432807922,0.2845765854239665,1
NG,Nigeria,2021,4.93379152270911,12.19272,1.321058,13.4494491647875,-0.944378197193146,0.26302965514107646,1
NG,Nigeria,2022,4.01492747084238,,,12.9574673117641,-1.15594470500946,0.24224305236697452,1
NG,Nigeria,2023,,,,,-0.936865150928497,0.41608742587746894,1
NG,Nigeria,2024,,,,,,,1
RW,Rwanda,2005,,10.17659,0.9583973,10.3108984751212,-1.00175786018372,0.23897614730327446,0
RW,Rwanda,2006,,11.99285,2.439384,11.7688790747319,-0.685272574424744,0.29986144947533594,0
RW,Rwanda,2007,,14.57865,1.241585,12.0334423138205,-0.6916583776474,0.31093747919799314,0
RW,Rwanda,2008,10.6190849328519,16.11111,2.424872,13.3642833875073,-0.532337665557861,0.40119083566174707,0
RW,Rwanda,2009,9.32328577526062,16.80611,1.18973,11.1602839395087,-0.335741609334946,0.4484771837326123,0
RW,Rwanda,2010,8.06311329277669,19.62815,2.000288,11.4913039096026,-0.239782363176346,0.4292814901819138,0
RW,Rwanda,2011,6.18036484427647,21.64436,2.29955,13.266031975479,-0.181345909833908,0.43993010438981156,0
RW,Rwanda,2012,6.36788135427598,22.81995,2.131603,15.751520287001,-0.126087740063667,0.5277663384180264,0
RW,Rwanda,2013,6.05632087194989,17.65331,0.5092234,16.2164793656958,-0.0301568936556578,0.493445551924721,0
RW,Rwanda,2014,5.22347933148058,18.74671,1.604761,17.6303961518493,0.185563325881958,0.5006505090839143,0
RW,Rwanda,2015,5.90612714724265,20.39169,1.956242,20.9997079033272,0.147564426064491,0.5371899897935101,1
RW,Rwanda,2016,7.08391549135576,20.22506,1.597864,20.4751724214641,0.0116269327700138,0.5048978132230343,1
RW,Rwanda,2017,7.2249358724129,18.42664,0.8554091,20.5944112008927,0.0796869844198227,0.4857568664109729,1
RW,Rwanda,2018,4.50860787734398,22.24675,1.841552,21.3998848838406,0.0339737758040428,0.5548626250648523,1
RW,Rwanda,2019,4.03178162490704,23.55324,2.951523,21.4605470851456,-0.0101915299892426,0.5702963686887351,1
RW,Rwanda,2020,4.3246107437271,21.75867,2.440243,25.0510689076078,-0.000359974801540375,0.5629092417063407,1
RW,Rwanda,2021,4.59151503773281,21.42436,2.703344,25.3431515385739,0.0610510520637035,0.5567689591637556,1
RW,Rwanda,2022,3.26461110632047,,,22.8466317008821,0.16292978823185,0.48267045034190925,1
RW,Rwanda,2023,,,,22.3546156935488,0.124717451632023,0.48634677587649316,1
RW,Rwanda,2024,,,,22.6097052141568,,0.32393244982115155,1
SC,Seychelles,2005,,,,23.3799538731127,0.453918278217316,0.5460427490205456,0
SC,Seychelles,2006,4.36440698901933,,,21.3959512451102,0.190891683101654,0.4859306134801255,0
SC,Seychelles,2007,2.32989452268506,,,23.7891064426077,0.0125429145991802,0.47663097178421265,1
SC,Seychelles,2008,2.02869228346241,,,27.5236066293084,-0.0504114329814911,0.4812709779814453,1
SC,Seychelles,2009,3.77628230056178,,,19.9920673192168,-0.00688371155411005,0.4556647083724611,1
SC,Seychelles,2010,5.46606365904674,15.39346,,24.1552557359059,-0.0176499783992767,0.43705308706711943,1
SC,Seychelles,2011,8.12277931492634,15.82073,3.161007,22.3906178455982,-0.0815465152263641,0.41679114270199297,1
SC,Seychelles,2012,9.00887174900836,16.37605,2.928192,20.8600885056372,-0.131280049681664,0.45114544025794845,1
SC,Seychelles,2013,9.22005332216968,13.62648,2.27713,21.3672112428034,-0.11013201624155,0.4392471465470273,1
SC,Seychelles,2014,7.98987998096582,,,24.3504437974192,-0.268454760313034,0.3655274942114135,1
SC,Seychelles,2015,7.58752425543803,16.14088,2.847736,24.3497337704834,0.134930491447449,0.4786734414004911,1
SC,Seychelles,2016,6.75218465731615,15.66881,2.842386,24.5166106524244,-0.0907235071063042,0.4444675271480539,1
SC,Seychelles,2017,6.38164824992543,15.03939,2.293021,,0.0108207138255239,0.5713572747622642,1
SC,Seychelles,2018,3.44935959603909,14.33822,2.025045,,0.019313707947731,0.5592916345241359,1
SC,Seychelles,2019,2.70800429198316,13.49258,1.817156,,0.0288456808775663,0.5222085128729015,1
SC,Seychelles,2020,3.26579897829829,10.41336,0.4400726,,0.0210380405187607,0.44671197841636334,1
SC,Seychelles,2021,5.45432944756268,,,,0.00621102703735232,0.664721034441423,1
SC,Seychelles,2022,,,,,0.327582836151123,0.7628274450734276,1
SC,Seychelles,2023,,,,,0.211075112223625,0.7510107701049925,1
SC,Seychelles,2024,,,,34.6264165785622,,0.4960990069232945,1
SD,Sudan,2005,,16.12254,0.8945174,7.8135798471469,-1.38486194610596,0.2581845024865284,0
SD,Sudan,2006,,,,11.048116510493,-1.20465230941772,0.23290799692963135,1
SD,Sudan,2007,,24.49557,,9.81285601767293,-1.31586444377899,0.3347748007760651,1
SD,Sudan,2008,,22.48441,1.016553,9.37979082509826,-1.44146597385406,0.3884087507529461,1
SD,Sudan,2009,,23.6712,1.644567,11.5585100746323,-1.27479517459869,0.4582351654687206,1
SD,Sudan,2010,,31.93995,1.037295,10.5026912651794,-1.34485065937042,0.4561609111388056,1
SD,Sudan,2011,,37.3532,1.137336,9.29192166764101,-1.31654858589172,0.4672843344889724,1
SD,Sudan,2012,,27.5923,0.6660777,11.9423641232484,-1.47798550128937,0.44126441334317096,1
SD,Sudan,2013,,,,10.5177916679111,-1.46377813816071,0.159633845820374,1
SD,Sudan,2014,,,,8.15064686274859,-1.44510698318481,0.12254790133136441,1
SD,Sudan,2015,,,,8.12473335981359,-1.50451040267944,0.11552861702645842,1
SD,Sudan,2016,,,,8.21971643252736,-1.48627293109894,0.12592236270750473,1
SD,Sudan,2017,,,,8.38975613758766,-1.57861733436584,0.1324647731006846,1
SD,Sudan,2018,,,,9.35475603325025,-1.6440646648407,0.12435834770767293,1
SD,Sudan,2019,,,,9.17361614121809,-1.66968011856079,0.12056100775373375,1
SD,Sudan,2020,,,,7.89088716237967,-1.5709011554718,0.1240968253148177,1
SD,Sudan,2021,,,,6.61986449215035,-1.4769868850708,0.15230423530980453,1
SD,Sudan,2022,,,,5.63980468495649,-1.58131110668182,0.1421959925154177,1
SD,Sudan,2023,,,,,-1.6031391620636,0.2216951502998994,1
SD,Sudan,2024,,,,,,,1
SL,Sierra Leone,2005,,6.946165,5.034569,2.16953030664871,-1.10149943828583,0.16733606172143112,0
SL,Sierra Leone,2006,,6.430386,3.664424,1.95445378938047,-1.14218163490295,0.16896574747348458,0
SL,Sierra Leone,2007,,5.640816,0.6205186,2.57102263810254,-1.0905464887619,0.15772504959290057,0
SL,Sierra Leone,2008,,5.478985,0.8239519,3.35926777488606,-0.977361500263214,0.17884860729270277,0
SL,Sierra Leone,2009,,4.718742,0.409125,5.10499215021143,-0.805877387523651,0.19819870543102802,1
SL,Sierra Leone,2010,,5.019616,2.614512,4.73162828499164,-0.760722637176514,0.17871124911191782,1
SL,Sierra Leone,2011,,4.752051,2.691803,4.64030943290693,-0.730839669704437,0.1838509899313434,1
SL,Sierra Leone,2012,,5.187551,2.602085,3.41408221065244,-0.710573136806488,0.18716626457380134,1
SL,Sierra Leone,2013,,2.794639,-1.017199,3.12773073712044,-0.720584511756897,0.16624950246922424,1
SL,Sierra Leone,2014,,4.296255,1.553828,3.19014735484618,-0.822831988334656,0.13186731968600143,1
SL,Sierra Leone,2015,,3.957631,2.205973,3.3473681726433,-0.928697109222412,0.12353501733456644,1
SL,Sierra Leone,2016,,2.730522,1.628886,3.51808121980782,-0.948930025100708,0.12559653141578142,1
SL,Sierra Leone,2017,,4.344736,4.842414,3.32767662198056,-0.949866354465485,0.13848940669656506,1
SL,Sierra Leone,2018,,4.798911,3.720186,3.64060322537035,-0.918371915817261,0.1415359591412302,1
SL,Sierra Leone,2019,,6.342023,5.109506,3.85810874816928,-0.916900396347046,0.1434631609600022,1
SL,Sierra Leone,2020,,,,3.61687324452326,-0.904623210430145,0.2042676158928453,1
SL,Sierra Leone,2021,,,,4.22235063891334,-0.980271220207214,0.21163321022594128,1
SL,Sierra Leone,2022,,,,3.53621487354873,-1.05557787418365,0.20507939897613883,1
SL,Sierra Leone,2023,,,,3.23847326908286,-1.06417989730835,0.20735257899294457,1
SL,Sierra Leone,2024,,,,3.66465250158992,,0.05250173964343,1
SN,Senegal,2005,,14.75033,1.800972,15.6269414988724,-0.260493904352188,0.3916315212593857,0
SN,Senegal,2006,,14.96881,2.001703,15.7726987789924,-0.368648618459702,0.3742892150317752,0
SN,Senegal,2007,,14.2821,1.501816,16.1945509457157,-0.404348582029343,0.34914611010707347,0
SN,Senegal,2008,,15.3983,1.420456,18.8654140228838,-0.347913265228271,0.4246402894854436,0
SN,Senegal,2009,,18.36465,2.263152,19.4173530538773,-0.324280887842178,0.4967427424670922,0
SN,Senegal,2010,,17.7976,1.764501,21.3137479203656,-0.317569881677628,0.42596147754964453,0
SN,Senegal,2011,,16.5556,1.517823,23.8744426736655,-0.245334327220917,0.4108658547687651,0
SN,Senegal,2012,,15.82616,1.250704,24.4324813772449,-0.109142281115055,0.4554200457991375,0
SN,Senegal,2013,,16.22482,1.425478,26.3165131362675,-0.0732259452342987,0.49455286103634405,0
SN,Senegal,2014,,11.45501,-0.2226319,27.3169375684194,-0.262088179588318,0.36531406009917927,1
SN,Senegal,2015,,12.98558,0.5348372,27.3046862692017,-0.224439725279808,0.4004642811907991,1
SN,Senegal,2016,,13.84004,1.061689,27.7982798735302,-0.210808366537094,0.4167597129877933,1
SN,Senegal,2017,,14.24647,1.636857,29.664784802757,-0.195707216858864,0.423450984654889,1
SN,Senegal,2018,,14.17325,1.291633,29.5516165860052,-0.147642567753792,0.4363729219100874,1
SN,Senegal,2019,,15.72905,1.515327,29.516665832367,-0.175264254212379,0.44760980270030065,1
SN,Senegal,2020,,15.87033,0.9230239,29.306753974363,-0.294217169284821,0.4476244776390009,1
SN,Senegal,2021,,,,29.9015680025233,-0.322730869054794,0.44530035484719643,1
SN,Senegal,2022,,,,32.1820145714257,-0.296521306037903,0.46858331670775033,1
SN,Senegal,2023,,,,31.4479822503341,-0.345079481601715,0.4680255299504735,1
SN,Senegal,2024,,,,29.7220619976041,,0.4258330400205054,1
SO,"Somalia, Fed. Rep.",2005,,,,,-2.2069251537323,0.0,0
SO,"Somalia, Fed. Rep.",2006,,,,,-2.49331307411194,0.0,0
SO,"Somalia, Fed. Rep.",2007,,,,,-2.43264842033386,0.0,0
SO,"Somalia, Fed. Rep.",2008,,,,,-2.54772567749023,0.0,0
SO,"Somalia, Fed. Rep.",2009,,,,,-2.49045586585999,0.0,0
SO,"Somalia, Fed. Rep.",2010,,,,,-2.3012433052063,0.0,0
SO,"Somalia, Fed. Rep.",2011,,,,,-2.33204579353333,0.0,0
SO,"Somalia, Fed. Rep.",2012,,,,,-2.22469043731689,0.0,0
SO,"Somalia, Fed. Rep.",2013,,,,,-2.20779252052307,0.006286097193360629,0
SO,"Somalia, Fed. Rep.",2014,,,,,-2.0722336769104,0.004146986034461945,0
SO,"Somalia, Fed. Rep.",2015,,,,,-2.10189485549927,0.0,0
SO,"Somalia, Fed. Rep.",2016,,,,,-2.18458890914917,0.0,0
SO,"Somalia, Fed. Rep.",2017,,,,,-2.28410482406616,0.0,0
SO,"Somalia, Fed. Rep.",2018,,,,9.28461131060832e-05,-2.08894062042236,0.016138199342869225,0
SO,"Somalia, Fed. Rep.",2019,,,,8.8440442735334e-05,-2.14859175682068,0.006786079057759915,0
SO,"Somalia, Fed. Rep.",2020,,,,9.86800858613208e-05,-1.95361256599426,0.030612561098958477,0
SO,"Somalia, Fed. Rep.",2021,,,,0.000129397279741558,-1.83623266220093,0.0644810216885571,1
SO,"Somalia, Fed. Rep.",2022,,,,0.000143595342260747,-1.90015578269958,0.06636077191271073,1
SO,"Somalia, Fed. Rep.",2023,,,,0.000183684323898724,-1.87981820106506,0.0704856016246137,1
SO,"Somalia, Fed. Rep.",2024,,,,0.000187915416198167,,0.0,1
SS,South Sudan,2005,,,,,,,0
SS,South Sudan,2006,,,,,,,0
SS,South Sudan,2007,,,,,,,0
SS,South Sudan,2008,,,,,,,0
SS,South Sudan,2009,,3.51915,,,,0.0,0
SS,South Sudan,2010,,5.395299,4.653421,,,0.04073713553584959,0
SS,South Sudan,2011,,,,0.497601393833536,-1.72093844413757,0.09857855535959212,0
SS,South Sudan,2012,,3.672943,,1.12348529534462,-1.44988763332367,0.08182583521965299,0
SS,South Sudan,2013,,4.130285,2.061489,1.13382804534706,-1.51748442649841,0.0955058476274075,0
SS,South Sudan,2014,,,,1.81010943088354,-1.64380407333374,0.06732729873028162,1
SS,South Sudan,2015,,,,2.3046060068698,-1.67345762252808,0.06614572771818025,1
SS,South Sudan,2016,,,,4.42474874705564,-1.80466055870056,0.061677241798446865,1
SS,South Sudan,2017,,4.289039,,1.7050712207929,-1.93343234062195,0.03505806779175745,1
SS,South Sudan,2018,,6.846589,0.1884391,1.52680961002147,-2.03582668304443,0.05165780512262432,1
SS,South Sudan,2019,,8.104209,1.30891,1.70350480610621,-1.984623670578,0.055335011815020076,1
SS,South Sudan,2020,,,,1.92500455443695,-2.01043677330017,0.030929290865339396,1
SS,South Sudan,2021,,,,2.75015423943811,-2.00442314147949,0.054812786397494644,1
SS,South Sudan,2022,,,,3.15515125722489,-2.10399270057678,0.05473239614959427,1
SS,South Sudan,2023,,,,5.38644963534942,-2.11724495887756,0.06559225477005837,1
SS,South Sudan,2024,,,,,,,1
ST,Sao Tome and Principe,2005,,,,22.229377388692,-0.915095210075378,0.30747197616892075,0
ST,Sao Tome and Principe,2006,,,,26.1198803251184,-0.681605339050293,0.3684992702656972,0
ST,Sao Tome and Principe,2007,,,,30.7928682115687,-0.817054867744446,0.36625857167760556,1
ST,Sao Tome and Principe,2008,,,,27.6258018632268,-0.739144027233124,0.3770140286639878,1
ST,Sao Tome and Principe,2009,,,,32.6962257784768,-0.774942636489868,0.39101024751488433,1
ST,Sao Tome and Principe,2010,,,,39.1859416288132,-0.854655921459198,0.3818674737945157,1
ST,Sao Tome and Principe,2011,,,,39.7466623532111,-0.749479055404663,0.4209314768019262,1
ST,Sao Tome and Principe,2012,,,,41.003161299523,-0.7989581823349,0.3866020861399547,1
ST,Sao Tome and Principe,2013,,,,36.3258991131173,-0.80731475353241,0.3673246485008338,1
ST,Sao Tome and Principe,2014,,,,32.7441700381868,-0.833610534667969,0.3124878365918185,1
ST,Sao Tome and Principe,2015,,,,33.2568293234457,-0.837602376937866,0.3191014305491677,1
ST,Sao Tome and Principe,2016,,,,31.4994056021873,-0.870378136634827,0.31614730403420765,1
ST,Sao Tome and Principe,2017,,,,29.4387086522031,-0.891081988811493,0.31954540173306495,1
ST,Sao Tome and Principe,2018,,,,24.7710907623132,-0.909116744995117,0.30298133803782745,1
ST,Sao Tome and Principe,2019,,,,22.4900353352698,-0.967672407627106,0.28678000027309974,1
ST,Sao Tome and Principe,2020,,,,19.8916048546394,-0.974100470542908,0.26848165067836105,1
ST,Sao Tome and Principe,2021,,,,17.688068697072,-0.947238504886627,0.2888347462939967,1
ST,Sao Tome and Principe,2022,,,,12.8517556324548,-0.89024293422699,0.2792430678152634,1
ST,Sao Tome and Principe,2023,,,,7.94847811826082,-0.940236151218414,0.25144175153711,1
ST,Sao Tome and Principe,2024,,,,,,,1
SZ,Eswatini,2005,,25.09787,2.732707,17.1665588986857,-0.434344530105591,0.49737960552736454,0
SZ,Eswatini,2006,,20.64153,1.004456,19.0698443546304,-0.363591104745865,0.44407181547583274,0
SZ,Eswatini,2007,,22.0435,2.604941,21.2088794589037,-0.571789562702179,0.41873002709781915,0
SZ,Eswatini,2008,,27.85431,2.086397,20.308873614558,-0.436524838209152,0.5956001577139851,0
SZ,Eswatini,2009,5.86910175632252,24.63082,2.731,20.5991360069021,-0.36999648809433,0.5912625777288659,0
SZ,Eswatini,2010,7.8074135254831,24.94608,2.997042,19.1262239597827,-0.396744579076767,0.497534533444667,0
SZ,Eswatini,2011,3.5272700795754,27.0177,2.96478,22.3784840978544,-0.407737106084824,0.4961625831287664,1
SZ,Eswatini,2012,10.6707564994315,25.19922,3.46717,19.1881101723003,-0.303469598293304,0.5514249630342305,1
SZ,Eswatini,2013,6.79342240618839,22.00786,2.293458,21.4681614266206,-0.147563919425011,0.5589260253589806,1
SZ,Eswatini,2014,6.87068790595697,23.63356,2.806838,21.8397275900981,-0.220856681466103,0.5477020946898316,1
SZ,Eswatini,2015,6.63027167224262,24.72169,2.823929,21.2522699404942,-0.260019838809967,0.5633024944823848,1
SZ,Eswatini,2016,9.62105068496718,24.39738,2.90603,21.5693022237546,-0.263931721448898,0.5359272864384317,1
SZ,Eswatini,2017,7.91683451676682,24.12191,2.490761,20.6305005691972,-0.260979354381561,0.5320414575926501,1
SZ,Eswatini,2018,9.3155186631086,22.89897,2.278734,20.9847371694132,-0.506258010864258,0.5079851406732897,1
SZ,Eswatini,2019,9.44593710175681,24.41746,2.935047,20.2234785033049,-0.531037092208862,0.5268531181750088,1
SZ,Eswatini,2020,5.38253524565834,,,21.0358687286123,-0.492181956768036,0.3458890330428871,1
SZ,Eswatini,2021,9.55164658087609,,,20.9161921608205,-0.602753639221191,0.3562767279604847,1
SZ,Eswatini,2022,6.65323861949401,,,21.3676332551153,-0.718993604183197,0.34988398492246386,1
SZ,Eswatini,2023,6.86940333741661,,,21.3882965469007,-0.717471897602081,0.35815215461499833,1
SZ,Eswatini,2024,,,,21.4772836012599,,0.30770795009171475,1
TD,Chad,2005,,12.47522,2.561413,1.95252225003226,-1.20151317119598,0.2201681827661024,0
TD,Chad,2006,,12.54679,2.230061,1.69490431367969,-1.08030891418457,0.2407501873298563,0
TD,Chad,2007,,11.31018,1.101573,1.90885958094899,-1.117924451828,0.20861437488521797,0
TD,Chad,2008,,,,2.37779871540522,-1.15250277519226,0.2120396037968057,0
TD,Chad,2009,,,,2.96502979878641,-1.07416117191315,0.21941059281324388,0
TD,Chad,2010,9.91927521923457,,,3.21497699838003,-1.08066415786743,0.19666315543741117,0
TD,Chad,2011,7.6476971168983,12.38179,,3.53708298939375,-1.03720164299011,0.22581147344274444,0
TD,Chad,2012,7.37392810431258,11.72726,2.596688,4.02102215723731,-1.06983387470245,0.24199173766582371,0
TD,Chad,2013,9.77718144818641,11.0981,2.273581,4.41495267416436,-1.00592374801636,0.26143861766151627,1
TD,Chad,2014,11.7377638896695,,,5.99411802017464,-1.16216695308685,0.15715391258773945,1
TD,Chad,2015,18.7635385132862,8.117155,-0.3824883,6.28199600168377,-1.22344315052032,0.16576626400945396,1
TD,Chad,2016,22.893831824127,8.417172,0.639291,9.66896292279385,-1.18124747276306,0.19530211959133614,1
TD,Chad,2017,27.9113491340018,,,9.10617708639334,-1.22570562362671,0.18824591843819144,1
TD,Chad,2018,31.0692826779947,,,8.24873656929464,-1.12444484233856,0.19994001739195777,1
TD,Chad,2019,26.0285295860898,,,7.54147312123575,-1.12440085411072,0.1985737111469173,1
TD,Chad,2020,27.7172963248522,,,7.22915564060594,-1.12530958652496,0.18778447998191344,1
TD,Chad,2021,26.0716487994699,,,8.32290954891334,-1.17182517051697,0.20582925841262015,1
TD,Chad,2022,27.7035489488032,,,,-1.14935708045959,0.3450815976161247,1
TD,Chad,2023,31.5108722767164,,,,-1.15642070770264,0.35202984058412395,1
TD,Chad,2024,,,,,,,1
TG,Togo,2005,,13.71756,,10.1595456202612,-0.842335879802704,0.2982226730491928,0
TG,Togo,2006,,13.50718,1.773069,11.2450790183166,-0.919539630413055,0.29084335622261603,0
TG,Togo,2007,,11.95165,2.05067,16.1657256646119,-0.975777387619019,0.26416245612252637,0
TG,Togo,2008,,13.51075,2.424245,13.6233080907658,-0.973068416118622,0.3204844169309533,0
TG,Togo,2009,,11.0217,0.9772238,14.1762290064629,-0.87742692232132,0.3128338416456475,0
TG,Togo,2010,,11.42257,1.380739,15.714508170574,-0.887266576290131,0.2725340398200686,0
TG,Togo,2011,,11.58256,2.390105,20.0860923892725,-1.01898193359375,0.26616098191961474,0
TG,Togo,2012,,9.926262,1.853201,21.876778457412,-0.855400681495667,0.2875217344586392,0
TG,Togo,2013,,10.73865,0.8950345,27.2475423058411,-0.9409259557724,0.3235433510703241,0
TG,Togo,2014,,,0.1598741,25.4754081794423,-0.845188200473785,0.2821136456148371,0
TG,Togo,2015,,5.290282,-3.184616,29.1751104092393,-0.863928973674774,0.21987170403082557,0
TG,Togo,2016,,10.8687,3.011269,30.4170887194541,-0.834297657012939,0.32071488995998554,1
TG,Togo,2017,,8.087381,0.7236385,29.6398848822813,-0.832186579704285,0.2729719591889899,1
TG,Togo,2018,,8.886737,0.1755049,27.8058964976693,-0.70613569021225,0.2935807219066663,1
TG,Togo,2019,,9.571691,1.738894,27.5931294840497,-0.744945108890533,0.2818648031892097,1
TG,Togo,2020,,,,27.2051293652776,-0.664301931858063,0.3484014767500576,1
TG,Togo,2021,,,,26.8421760454212,-0.646790862083435,0.38173520809423933,1
TG,Togo,2022,,,,28.1263423031561,-0.562867999076843,0.40880725953087604,1
TG,Togo,2023,,,,27.8760455711926,-0.493230193853378,0.4266893569746361,1
TG,Togo,2024,,,,27.1993161837133,,0.3896890029332908,1
TZ,Tanzania,2005,,14.07889,2.943122,7.82538446283459,-0.492080003023148,0.33591383833009764,0
TZ,Tanzania,2006,,15.31999,2.957509,9.79002002817653,-0.407301127910614,0.3595820058855415,0
TZ,Tanzania,2007,,17.86872,3.655181,11.4689486745392,-0.457430690526962,0.3672355824249303,0
TZ,Tanzania,2008,,16.26044,2.760329,11.9110255361168,-0.543911099433899,0.3982088274426295,0
TZ,Tanzania,2009,,16.35318,2.085772,11.2673883570686,-0.470705568790436,0.42799059102705544,0
TZ,Tanzania,2010,7.84376122521316,15.84764,1.314414,11.7182622747407,-0.46234917640686,0.36046062789553307,0
TZ,Tanzania,2011,5.39637230168725,14.57891,1.613087,12.3549632083654,-0.449195504188538,0.33632063418554276,0
TZ,Tanzania,2012,6.4018854955144,15.53863,1.762365,12.8184488909643,-0.410142123699188,0.38841557182273045,1
TZ,Tanzania,2013,5.11514486567446,18.02408,1.632805,12.5373332966711,-0.353273868560791,0.4546458092741661,1
TZ,Tanzania,2014,6.58398471153915,18.89168,2.08947,13.3037348078978,-0.363270282745361,0.43586101442052644,1
TZ,Tanzania,2015,8.58250269886561,19.10769,1.660787,14.6135380844234,-0.427903473377228,0.44093267230684846,1
TZ,Tanzania,2016,9.60809945919417,20.63968,1.51567,13.670306797678,-0.483072638511658,0.4414111917805961,1
TZ,Tanzania,2017,12.4845780313065,19.81609,0.92956,13.0765127755534,-0.610115170478821,0.4163763451705702,1
TZ,Tanzania,2018,9.93009079379241,19.07788,0.7223436,12.7000393990914,-0.640993356704712,0.4126915645468294,1
TZ,Tanzania,2019,9.61371669561269,19.88124,1.22955,12.6383081530206,-0.668204069137573,0.4165538465818854,1
TZ,Tanzania,2020,8.69677193421736,20.59105,1.371921,12.4351808144123,-0.68933516740799,0.4359482746926093,1
TZ,Tanzania,2021,7.63089352247963,22.17841,2.373109,12.9776126678887,-0.640137732028961,0.4570314792548556,1
TZ,Tanzania,2022,6.4329580835226,,,15.1576772705188,-0.563533365726471,0.33801744331935274,1
TZ,Tanzania,2023,,,,16.386679568119,-0.588394701480865,0.3493634522334236,1
TZ,Tanzania,2024,,,,16.7547897044924,,0.24004754863190367,1
UG,Uganda,2005,1.50718421954579,9.959654,3.41583,,-0.268432378768921,0.4422788144605021,0
UG,Uganda,2006,1.96057557646525,10.55228,3.436316,,-0.252237617969513,0.4565954463244701,0
UG,Uganda,2007,2.8478253682243,11.02806,3.641559,,-0.250690668821335,0.45021590600533073,0
UG,Uganda,2008,1.67879906162916,12.84626,3.337678,,-0.255989253520966,0.5301183004963503,0
UG,Uganda,2009,3.34137304710696,14.14878,3.546608,,-0.192969292402267,0.5978221944370783,0
UG,Uganda,2010,1.86158193519678,12.08893,2.685218,,-0.201333165168762,0.4796582568120527,0
UG,Uganda,2011,2.03895126306271,14.04612,3.979796,11.6564025152961,-0.176683008670807,0.35821386027466157,0
UG,Uganda,2012,4.05584907416988,15.23922,3.930185,12.1676494161806,-0.262373745441437,0.3980998540927477,0
UG,Uganda,2013,5.97464019247974,14.00582,2.634081,12.2262302358289,-0.27647203207016,0.40286040096677533,0
UG,Uganda,2014,4.05305145439071,14.16196,2.780126,12.9035596137236,-0.256649404764175,0.37084815733583004,0
UG,Uganda,2015,5.12695553089331,13.19216,1.323128,13.7686115419746,-0.319013208150864,0.3578198340723933,0
UG,Uganda,2016,10.4013107515953,15.14695,2.420877,13.6400887820262,-0.272560328245163,0.3889762651110547,0
UG,Uganda,2017,5.44570853608703,16.19445,2.993158,13.4819167027352,-0.263932079076767,0.4010349786433213,0
UG,Uganda,2018,3.3233677426445,15.02385,2.390624,13.6392294214659,-0.286415815353394,0.3902104814195693,0
UG,Uganda,2019,4.68605952307705,16.70738,3.009342,13.8050637116228,-0.414516240358353,0.394123014050265,0
UG,Uganda,2020,5.34238339567189,15.13282,2.315224,14.2204016385665,-0.482214450836182,0.3703507003789946,0
UG,Uganda,2021,5.3504135440521,16.67534,2.213241,14.7869665338728,-0.490780681371689,0.3863999609275554,0
UG,Uganda,2022,5.10344355617922,,,15.0891724993299,-0.490339338779449,0.34799530671350953,0
UG,Uganda,2023,4.49675369389608,,,14.8125509462498,-0.517365336418152,0.35103302175654877,0
UG,Uganda,2024,,,,14.3694843740808,,0.20587265718940834,0
ZA,South Africa,2005,,13.23965,1.497904,122.283168033262,0.715097188949585,0.7786248499585029,0
ZA,South Africa,2006,,13.35563,1.628746,139.007367744321,0.746972680091858,0.7707933428336484,1
ZA,South Africa,2007,,13.31298,1.50532,142.422045511185,0.595666348934174,0.7478383444750815,1
ZA,South Africa,2008,3.92151508288564,12.21906,1.15748,125.955880255506,0.656967222690582,0.7703791140825298,1
ZA,South Africa,2009,5.93611112398252,13.17148,0.916492,121.094546324717,0.449182033538818,0.7828578591229816,1
ZA,South Africa,2010,5.79213600421705,14.02741,0.9609907,124.093899905646,0.445573270320892,0.7459438395661571,1
ZA,South Africa,2011,4.68085453063316,14.67227,1.096983,118.970675992703,0.446406275033951,0.7335607381739068,1
ZA,South Africa,2012,4.04289177410579,15.86341,1.175578,125.167785450237,0.398661673069,0.7802647321876656,1
ZA,South Africa,2013,3.64128702921644,14.81967,0.856337,127.029272479725,0.380482465028763,0.788988675089597,1
ZA,South Africa,2014,3.24484679094119,14.72688,0.9029108,128.838374779653,0.230833724141121,0.7335029392681626,1
ZA,South Africa,2015,3.12168564309893,14.85629,1.087388,127.203244242731,0.208593904972076,0.7407613840924991,1
ZA,South Africa,2016,2.85780789685004,16.06648,1.19345,124.360496111764,0.119783155620098,0.7466142030818318,1
ZA,South Africa,2017,2.84200004498428,17.25503,1.304945,127.030283858454,0.13887757062912,0.7582588697800761,1
ZA,South Africa,2018,3.72802083553832,15.94073,1.125149,118.380857963487,-0.0407781675457954,0.7243704427058564,1
ZA,South Africa,2019,3.89239038176021,15.87728,1.151563,117.185556861489,0.00850539095699787,0.718509464779926,1
ZA,South Africa,2020,5.18028329482246,13.42673,0.3926716,109.054691372725,0.0204948224127293,0.6817292324574676,1
ZA,South Africa,2021,4.45425562129511,15.46206,0.9608228,92.9969726414732,-0.0907086357474327,0.6853166724222309,1
ZA,South Africa,2022,,,,91.721858565369,-0.185125753283501,0.8089050572270542,1
ZA,South Africa,2023,,,,90.5484925643132,-0.223697945475578,0.8120806359001327,1
ZA,South Africa,2024,,,,,,,1
ZM,Zambia,2005,,9.613562,2.383813,,-0.742618680000305,0.35520467005088496,0
ZM,Zambia,2006,,8.829235,1.704666,,-0.65560656785965,0.3664425227847668,0
ZM,Zambia,2007,8.29268685998542,8.934963,1.967503,,-0.567137718200684,0.3679079148050081,0
ZM,Zambia,2008,6.16079889871223,8.747104,1.962164,,-0.508774042129517,0.40479947810240224,0
ZM,Zambia,2009,27.1980586657819,8.51375,0.5547402,,-0.542492091655731,0.4146482429874095,0
ZM,Zambia,2010,14.8235944117762,7.509999,1.494075,,-0.524832308292389,0.3447991250517193,0
ZM,Zambia,2011,10.3765643433033,8.927444,1.902795,13.6929591153622,-0.467423737049103,0.28034099618299363,0
ZM,Zambia,2012,8.10539058575299,10.19427,2.194857,15.8590190469567,-0.444079786539078,0.3185246437404991,1
ZM,Zambia,2013,6.95836224281356,11.85641,2.463848,15.8169736426664,-0.494722932577133,0.3574037282881483,1
ZM,Zambia,2014,6.10431821561778,12.87714,2.537738,17.0881246939801,-0.533904850482941,0.3333601413705923,1
ZM,Zambia,2015,7.27920989434564,10.26718,1.623544,19.7648340604039,-0.495386928319931,0.3101468808685906,1
ZM,Zambia,2016,9.66494478806436,10.32383,1.688851,15.4421205069544,-0.539625227451324,0.30204347779582036,1
ZM,Zambia,2017,11.9837030549506,11.92899,3.10849,14.9060105438137,-0.516228199005127,0.3194993966339236,1
ZM,Zambia,2018,10.9511985266963,8.958558,1.35368,14.973719234617,-0.527298510074615,0.2769539093622398,1
ZM,Zambia,2019,8.90727795611646,9.179658,1.580368,15.6261899079478,-0.613412022590637,0.25505425353115646,1
ZM,Zambia,2020,11.6305661246947,6.457372,0.7906144,15.1635545633961,-0.687793910503387,0.2069136198548077,1
ZM,Zambia,2021,5.82203274352002,8.85603,2.652592,11.3595044648168,-0.570348262786865,0.236256563826706,1
ZM,Zambia,2022,4.98070477108037,,,12.9750888260207,-0.529057919979095,0.33099517323130884,1
ZM,Zambia,2023,,,,,-0.49810004234314,0.5441016459678452,1
ZM,Zambia,2024,,,,,,,1
ZW,Zimbabwe,2005,,,,14.9487988145452,-2.20154404640198,0.057689354827018306,0
ZW,Zimbabwe,2006,,,,,-1.93442177772522,0.1724821015126953,0
ZW,Zimbabwe,2007,,,,,-2.07525968551636,0.11656907518895217,0
ZW,Zimbabwe,2008,,,,,-2.06489610671997,0.14675646553520122,0
ZW,Zimbabwe,2009,,4.992606,,7.15909146090231,-2.08098173141479,0.07725227161306829,0
ZW,Zimbabwe,2010,,4.590675,2.412336,13.5436890225327,-2.00182390213013,0.06453107439631174,0
ZW,Zimbabwe,2011,,5.008511,2.74597,18.9833979710852,-1.8921492099762,0.10194032001576181,0
ZW,Zimbabwe,2012,,5.439702,2.880699,20.1407242084605,-1.87189054489136,0.1129831028933685,0
ZW,Zimbabwe,2013,,5.302338,1.198572,18.7319297666254,-1.85489869117737,0.12331289227167037,1
ZW,Zimbabwe,2014,,5.057956,0.6650299,19.2103454143462,-1.892657995224,0.0773205511578044,1
ZW,Zimbabwe,2015,,5.497109,1.781484,18.3157437835024,-1.65623307228088,0.11256045197545023,1
ZW,Zimbabwe,2016,,5.268896,1.898616,17.0984957033978,-1.69492197036743,0.12131355629195556,1
ZW,Zimbabwe,2017,,5.127896,2.499703,5.81005418078355,-1.57755374908447,0.09337431515827582,1
ZW,Zimbabwe,2018,,5.264899,3.168209,5.83026742967083,-1.52565240859985,0.09225811127294992,1
ZW,Zimbabwe,2019,,7.479496,3.97991,5.23770572165637,-1.48651528358459,0.10688225112959643,1
ZW,Zimbabwe,2020,,7.084079,1.895382,5.41507442686455,-1.43441534042358,0.11311770201239169,1
ZW,Zimbabwe,2021,,8.08499,3.481666,6.92636471166204,-1.38610911369324,0.1284623997295036,1
ZW,Zimbabwe,2022,,,,8.6514510784519,-1.42596733570099,0.18058244092913733,1
ZW,Zimbabwe,2023,,,,8.17858580022807,-1.33835864067078,0.19463422685415235,1
ZW,Zimbabwe,2024,,,,,,,1
