temperature,time,initial_mass,remaining_mass,mass_loss_percent,mass_loss_rate
25,0.0,2.3,2.3,0.0,-0.002597473415666407
26,0.2,2.3,2.2994805053168665,0.022586725353620316,-0.010209242133115026
27,0.4,2.3,2.2959163031467535,0.1775520370976567,-0.0058872822519919765
28,0.6,2.3,2.29712559241607,0.12497424277955756,-0.03334105649262842
29,0.8,2.3,2.282579880549702,0.7573964978390262,-0.04031537181611977
30,1.0,2.3,2.280999443689622,0.8261111439294653,0.04248558215547593
31,1.2,2.3,2.2995741134118926,0.0185168081785865,0.04750139077594451
32,1.4,2.3,2.3,0.0,-0.011714437549405154
33,1.6,2.3,2.29488833839213,0.22224615686389682,-0.008089610434339534
34,1.8,2.3,2.296764155826264,0.14068887711895595,0.012779154019674444
35,2.0,2.3,2.3,0.0,0.008089610434339534
36,2.2,2.3,2.3,0.0,8.881784197001252e-16
37,2.4,2.3,2.3,0.0,-8.881784197001252e-16
38,2.6,2.3,2.3,0.0,8.881784197001252e-16
39,2.8,2.3,2.3,0.0,-0.06734465524817157
40,3.0,2.3,2.2730621379007316,1.171211395620348,-0.013622958894158543
41,3.2,2.3,2.2945508164423365,0.23692102424624192,0.042003685136775104
42,3.4,2.3,2.2898636119554414,0.44071252367645514,-0.005877185551221409
43,3.6,2.3,2.292199942221848,0.33913294687616385,0.025340970111397354
44,3.8,2.3,2.3,0.0,-0.021079966922154192
45,4.0,2.3,2.283767955452987,0.7057410672614184,0.0
46,4.2,2.3,2.3,0.0,0.032057047283908346
47,4.4,2.3,2.29659077436655,0.14822720145433785,-0.02716795934995364
48,4.6,2.3,2.2891328162600186,0.4724862495644089,0.00852306408362491
49,4.8,2.3,2.3,0.0,0.027167959349952753
50,5.0,2.3,2.3,0.0,-0.003451604855584378
51,5.2,2.3,2.298619358057766,0.06002791053190525,0.0
52,5.4,2.3,2.3,0.0,-0.008172535173283535
53,5.6,2.3,2.2953503439884533,0.20215895702376782,-0.001991965149692021
54,5.8,2.3,2.299203213940123,0.03464287216856606,-0.02281162981768503
55,6.0,2.3,2.2862256920613793,0.5988829538530669,0.001991965149692909
56,6.2,2.3,2.3,0.0,0.03443576984655117
57,6.4,2.3,2.3,0.0,-1.7763568394002505e-15
58,6.6,2.3,2.3,0.0,1.7763568394002505e-15
59,6.8,2.3,2.3,0.0,0.0
60,7.0,2.3,2.3,0.0,-0.024781733312766896
61,7.2,2.3,2.2900873066748932,0.4309866663089893,0.0
62,7.4,2.3,2.3,0.0,-0.011500835296260448
63,7.6,2.3,2.2854869725563898,0.6310011932004363,8.881784197001252e-16
64,7.8,2.3,2.3,0.0,0.03628256860902557
65,8.0,2.3,2.3,0.0,-1.7763568394002505e-15
66,8.2,2.3,2.3,0.0,-0.0038427425766425216
67,8.4,2.3,2.2984629029693426,0.06683030568074878,-0.01839897670864321
68,8.6,2.3,2.2926404093165424,0.319982203628582,0.0038427425766425216
69,8.8,2.3,2.3,0.0,0.01839897670864321
70,9.0,2.3,2.3,0.0,0.0
71,9.2,2.3,2.3,0.0,0.0
72,9.4,2.3,2.3,0.0,0.0
73,9.6,2.3,2.3,0.0,-0.017432742923025657
74,9.8,2.3,2.2930269028307895,0.30317813779174785,-0.017036640840085937
75,10.0,2.3,2.2931853436639655,0.2962894059145368,-0.015283899119845401
76,10.2,2.3,2.286913343182851,0.568985079006457,0.01703664084008505
77,10.4,2.3,2.3,0.0,0.03271664204287106
78,10.6,2.3,2.3,0.0,0.0
79,10.8,2.3,2.3,0.0,-0.02409633581980053
80,11.0,2.3,2.2903614656720794,0.41906670990957867,0.0
81,11.2,2.3,2.3,0.0,0.01934225177996929
82,11.4,2.3,2.298098366384067,0.08267972243185297,-0.023229111857005158
83,11.6,2.3,2.290708355257198,0.40398455403487893,0.004754084039832129
84,11.8,2.3,2.3,0.0,0.02322911185700427
85,12.0,2.3,2.3,0.0,-0.01475374934002005
86,12.2,2.3,2.2940985002639915,0.25658694504383217,0.0
87,12.4,2.3,2.3,0.0,-0.010417856646959045
88,12.6,2.3,2.2899313576052083,0.43776706064309795,-8.881784197001252e-16
89,12.8,2.3,2.3,0.0,0.007709343970648597
90,13.0,2.3,2.293015095193468,0.3036915133274732,-0.048384128085325884
91,13.2,2.3,2.2806463487658695,0.8414630971361012,-0.0122746211547895
92,13.4,2.3,2.2881052467315524,0.5171631855846689,0.03413188786610366
93,13.6,2.3,2.294299103912311,0.24786504729082384,-0.009366451645096419
94,13.8,2.3,2.2843586660735133,0.6800579968037603,0.001537352929545932
95,14.0,2.3,2.2949140450841288,0.22112847460309293,0.03910333481621553
96,14.2,2.3,2.3,0.0,-0.006107144642638396
97,14.4,2.3,2.2924711872270733,0.32733968577940864,-0.06459952566176952
98,14.6,2.3,2.274160189735292,1.123470011509027,0.018822031932315575
99,14.8,2.3,2.3,0.0,0.04049278010460888
100,15.0,2.3,2.290357301777136,0.4192477488201581,0.0
101,15.2,2.3,2.3,0.0,0.024106745557159748
102,15.4,2.3,2.3,0.0,-0.029629126230304337
103,15.6,2.3,2.2881483495078783,0.5152891518313767,-0.020966499711254194
104,15.8,2.3,2.2916134001154984,0.3646347775870162,0.0010534405049984485
105,16.0,2.3,2.288569725709878,0.49696844739661417,0.020966499711253306
106,16.2,2.3,2.3,0.0,0.028575685725305
107,16.4,2.3,2.3,0.0,-0.020195083065456032
108,16.6,2.3,2.2919219667738173,0.35121883592097297,-0.011858673900763783
109,16.8,2.3,2.295256530439694,0.20623780696982671,0.0037237781820307347
110,17.0,2.3,2.2934114780466297,0.2864574762334891,0.011858673900763783
111,17.2,2.3,2.3,0.0,0.016471304883425297
112,17.4,2.3,2.3,0.0,0.0
113,17.6,2.3,2.3,0.0,0.0
114,17.8,2.3,2.3,0.0,0.0
115,18.0,2.3,2.3,0.0,0.0
116,18.2,2.3,2.3,0.0,0.0
117,18.4,2.3,2.3,0.0,-0.009530342965401672
118,18.6,2.3,2.2961878628138392,0.1657450950504637,-0.0037783892007725584
119,18.8,2.3,2.298488644319691,0.06571111653517384,0.009530342965400784
120,19.0,2.3,2.3,0.0,0.0037783892007725584
121,19.2,2.3,2.3,0.0,0.0
122,19.4,2.3,2.3,0.0,-0.018833078164531614
123,19.6,2.3,2.292466768734187,0.32753179416578165,8.881784197001252e-16
124,19.8,2.3,2.3,0.0,0.018833078164531614
125,20.0,2.3,2.3,0.0,-0.007785449554349455
126,20.2,2.3,2.29688582017826,0.13539912268433146,0.0
127,20.4,2.3,2.3,0.0,-0.015042142758522559
128,20.6,2.3,2.2908689630748507,0.3970016054412606,8.881784197001252e-16
129,20.8,2.3,2.3,0.0,-0.04098454458968526
130,21.0,2.3,2.2744751452389766,1.1097762939575297,0.0
131,21.2,2.3,2.3,0.0,0.019042019718373382
132,21.4,2.3,2.2820919531263257,0.7786107336380034,-1.7763568394002505e-15
133,21.6,2.3,2.3,0.0,0.04477011718418389
134,21.8,2.3,2.3,0.0,0.0
135,22.0,2.3,2.3,0.0,-0.024278557026186753
136,22.2,2.3,2.290288577189525,0.4222357743684761,0.0
137,22.4,2.3,2.3,0.0,-0.0004457347136730405
138,22.6,2.3,2.290110283304055,0.4299876824323785,8.881784197001252e-16
139,22.8,2.3,2.3,0.0,0.02472429173986157
140,23.0,2.3,2.3,0.0,-0.03863559791303661
141,23.2,2.3,2.284545760834785,0.6719234419658607,0.0
142,23.4,2.3,2.3,0.0,0.027091917645771346
143,23.6,2.3,2.2953825278930933,0.20075965682202368,0.0
144,23.8,2.3,2.3,0.0,-0.007905576105996737
145,24.0,2.3,2.2922202974506947,0.3382479369263098,-0.02756246465391854
146,24.2,2.3,2.2889750141384324,0.47934721137250474,0.0031758738278657717
147,24.4,2.3,2.293490646981841,0.2830153486156035,-0.02703687039670566
148,24.6,2.3,2.27816026597975,0.9495536530543316,-0.03468503084394836
149,24.8,2.3,2.279616634644261,0.8862332763364624,0.0545993350506242
150,25.0,2.3,2.3,0.0,0.050236759299476574
151,25.2,2.3,2.2997113383640517,0.01255050591079353,-0.038117958815291786
152,25.4,2.3,2.284752816473883,0.6629210228746564,-0.018303894007809518
153,25.6,2.3,2.2923897807609284,0.33087909735093035,-0.006625328043544876
154,25.8,2.3,2.282102685256465,0.77814411928413,-0.016539235261841867
155,26.0,2.3,2.2857740866561915,0.6185179714699212,0.04474328685883666
156,26.2,2.3,2.3,0.0,0.028160696676478025
157,26.4,2.3,2.2970383653267827,0.12876672492249022,-0.043315055124887536
158,26.6,2.3,2.2826739779500445,0.7533053065197909,0.007404086683044042
159,26.8,2.3,2.3,0.0,0.006202539376111815
160,27.0,2.3,2.285154993700489,0.6454350565004641,-0.02532288810100969
161,27.2,2.3,2.2898708447595957,0.44039805393062187,0.03711251574877661
162,27.4,2.3,2.3,0.0,0.025322888101010577
163,27.6,2.3,2.3,0.0,0.0
164,27.8,2.3,2.3,0.0,-0.03715071433954975
165,28.0,2.3,2.28513971426418,0.6460993798182697,0.0
166,28.2,2.3,2.3,0.0,0.03715071433954975
167,28.4,2.3,2.3,0.0,-0.013883268794933734
168,28.6,2.3,2.294446692482026,0.2414481529553862,-0.014302343638012971
169,28.8,2.3,2.294279062544794,0.24873641109590597,0.013883268794933734
170,29.0,2.3,2.3,0.0,-0.025347193106424193
171,29.2,2.3,2.2841401853022245,0.6895571607728522,0.0
172,29.4,2.3,2.3,0.0,0.03964953674443894
173,29.6,2.3,2.3,0.0,0.0
174,29.8,2.3,2.3,0.0,-0.011763059046346669
175,30.0,2.3,2.295294776381461,0.20457493993646533,0.0
176,30.2,2.3,2.3,0.0,0.011334641750873509
177,30.4,2.3,2.2998286330818103,0.007450735573450606,-0.024974474891522824
178,30.6,2.3,2.2900102100433903,0.43433869376562595,0.00042841729547493657
179,30.8,2.3,2.3,0.0,0.024974474891523712
180,31.0,2.3,2.3,0.0,0.0
181,31.2,2.3,2.3,0.0,0.0
182,31.4,2.3,2.3,0.0,-0.029217169115837827
183,31.6,2.3,2.2883131323536645,0.50812468027546,-0.019196966568510554
184,31.8,2.3,2.2923212133725954,0.33386028814801183,0.02167656435555454
185,32.0,2.3,2.2969837580958865,0.13114095235276285,0.019196966568511442
186,32.2,2.3,2.3,0.0,0.004707909824285039
187,32.4,2.3,2.2988669220256006,0.04926425975648552,8.881784197001252e-16
188,32.6,2.3,2.3,0.0,0.0028326949359973597
189,32.8,2.3,2.3,0.0,-0.017369100934748083
190,33.0,2.3,2.2930523596261003,0.30207132060433123,-0.013218201027823007
191,33.2,2.3,2.294712719588871,0.22988175700559638,0.01736910093474897
192,33.4,2.3,2.3,0.0,0.004903410775832562
193,33.6,2.3,2.2966740838992035,0.14460504786071204,0.0
194,33.8,2.3,2.3,0.0,0.008314790251991333
195,34.0,2.3,2.3,0.0,-0.002237287338036076
196,34.2,2.3,2.2991050850647854,0.03890934500932534,-8.881784197001252e-16
197,34.4,2.3,2.3,0.0,-0.025006721311666702
198,34.6,2.3,2.2891023965401183,0.47380884608179974,-0.045637472123211786
199,34.8,2.3,2.2817450111507154,0.793695167360202,0.02724400864970189
200,35.0,2.3,2.3,0.0,0.027330246224024357
201,35.2,2.3,2.292677109640325,0.3183865373771685,0.0
202,35.4,2.3,2.3,0.0,0.018307225899188317
203,35.6,2.3,2.3,0.0,-0.014332969954861774
204,35.8,2.3,2.2942668120180554,0.24926904269324182,0.0
205,36.0,2.3,2.3,0.0,-0.0011367590367425962
206,36.2,2.3,2.2938121084033583,0.2690387650713751,0.0
207,36.4,2.3,2.3,0.0,0.0006541103855486341
208,36.6,2.3,2.294073752557577,0.25766293227925063,0.0
209,36.8,2.3,2.3,0.0,-0.011503607048972242
210,37.0,2.3,2.2894723097379877,0.4577256635657416,0.0
211,37.2,2.3,2.3,0.0,0.026319225655028866
212,37.4,2.3,2.3,0.0,8.881784197001252e-16
213,37.6,2.3,2.3,0.0,-8.881784197001252e-16
214,37.8,2.3,2.3,0.0,8.881784197001252e-16
215,38.0,2.3,2.3,0.0,-0.004779478396480741
216,38.2,2.3,2.2980882086414076,0.08312136341706072,-8.881784197001252e-16
217,38.4,2.3,2.3,0.0,0.0019896255670248664
218,38.6,2.3,2.2988840588682176,0.04851917964271724,-0.09672431732009024
219,38.8,2.3,2.2613102730719654,1.6821620403493165,-0.015319646951240884
220,39.0,2.3,2.292756200087724,0.31494782227286094,0.05509954551466567
221,39.2,2.3,2.283350091277832,0.7239090748768623,-0.0029136105944393975
222,39.4,2.3,2.2915907558499478,0.3656193108718195,0.041624771805420124
223,39.6,2.3,2.3,0.0,0.02102311037512905
224,39.8,2.3,2.3,0.0,-0.013834425392320604
225,40.0,2.3,2.294466229843071,0.24059870247516327,0.0
226,40.2,2.3,2.3,0.0,-0.002892642467484663
227,40.4,2.3,2.2933091728560777,0.2909055279966185,-0.0075279236192571375
228,40.6,2.3,2.296988830552297,0.13092041076969027,0.016727067859805267
229,40.8,2.3,2.3,0.0,0.007527923619258026
230,41.0,2.3,2.3,0.0,-0.01792623998560039
231,41.2,2.3,2.2928295040057596,0.31176069540175344,-0.013342179487464634
232,41.4,2.3,2.294663128205014,0.2320379041298079,0.017926239985601278
233,41.6,2.3,2.3,0.0,0.013342179487463746
234,41.8,2.3,2.3,0.0,-0.007555995751813427
235,42.0,2.3,2.296977601699274,0.1314086217706918,0.0
236,42.2,2.3,2.3,0.0,-0.018303376648745484
237,42.4,2.3,2.2896562510397764,0.449728215661898,-0.05175637223302676
238,42.6,2.3,2.279297451106789,0.9001108214439493,-0.045017539401651874
239,42.8,2.3,2.2716492352791158,1.2326419443862753,0.029005498756359493
240,43.0,2.3,2.290899650609334,0.3956673648115595,0.06171970816421357
241,43.2,2.3,2.2963371185448014,0.15925571544341602,0.0227508734766646
242,43.4,2.3,2.3,0.0,0.009157203637997213
243,43.6,2.3,2.3,0.0,-8.881784197001252e-16
244,43.8,2.3,2.3,0.0,-0.009034708313427231
245,44.0,2.3,2.2963861166746287,0.15712536197265875,0.0
246,44.2,2.3,2.3,0.0,0.002606416590765548
247,44.4,2.3,2.297428683310935,0.11179637778543658,-0.019930485648761653
248,44.6,2.3,2.2920278057404952,0.3466171417175879,-0.002720827285360272
249,44.8,2.3,2.2963403523967902,0.15911511318302293,0.019930485648761653
250,45.0,2.3,2.3,0.0,-0.014714779349513485
251,45.2,2.3,2.2904544406569847,0.41502431926151995,8.881784197001252e-16
252,45.4,2.3,2.3,0.0,0.015216888750040347
253,45.6,2.3,2.2965411961570004,0.15038277578258052,0.0
254,45.8,2.3,2.3,0.0,-0.005815254256340552
255,46.0,2.3,2.2942150944544637,0.2515176324146269,-0.025560721510998086
256,46.2,2.3,2.2897757113956008,0.4445342871477941,0.014462263863840974
257,46.4,2.3,2.3,0.0,-0.0039758458362051385
258,46.6,2.3,2.288185373061118,0.5136794321252934,8.881784197001252e-16
259,46.8,2.3,2.3,0.0,0.029536567347206777
260,47.0,2.3,2.3,0.0,-0.011034933020568793
261,47.2,2.3,2.2955860267917725,0.19191187861859188,0.0
262,47.4,2.3,2.3,0.0,0.00533083286357261
263,47.6,2.3,2.2977183599372015,0.09920174186079628,-8.881784197001252e-16
264,47.8,2.3,2.3,0.0,-0.01668735059107629
265,48.0,2.3,2.2910434197007707,0.3894165347490945,0.0
266,48.2,2.3,2.3,0.0,-0.02005528906104992
267,48.4,2.3,2.283021304076352,0.7382041705933938,-0.03038969791360291
268,48.6,2.3,2.287844120834559,0.5285164854539598,0.04244673980911973
269,48.8,2.3,2.3,0.0,0.030242815498153774
270,49.0,2.3,2.29994124703382,0.0025544767904298726,0.0
271,49.2,2.3,2.3,0.0,0.00014688241544913438
272,49.4,2.3,2.3,0.0,8.881784197001252e-16
273,49.6,2.3,2.3,0.0,-0.027799820568666256
274,49.8,2.3,2.288880071772534,0.4834751403245927,-8.881784197001252e-16
275,50.0,2.3,2.3,0.0,0.016082970495529203
276,50.2,2.3,2.295313259970746,0.20377130561973245,-0.0028497547634485088
277,50.4,2.3,2.2988600980946203,0.049560952407811464,0.011716850073135276
278,50.6,2.3,2.3,0.0,-0.013767037923279268
279,50.8,2.3,2.2933532829253087,0.28898769889961573,0.0
280,51.0,2.3,2.3,0.0,0.016616792686727777
281,51.2,2.3,2.3,0.0,-8.881784197001252e-16
282,51.4,2.3,2.3,0.0,8.881784197001252e-16
283,51.6,2.3,2.3,0.0,-8.881784197001252e-16
284,51.8,2.3,2.3,0.0,-0.0065454015881156735
285,52.0,2.3,2.2973818393647534,0.11383307109768104,-0.010242851957331212
286,52.2,2.3,2.2959028592170676,0.1781365557796659,0.006545401588116562
287,52.4,2.3,2.3,0.0,0.010242851957331212
288,52.6,2.3,2.3,0.0,-0.03185411452617348
289,52.8,2.3,2.287258354189531,0.5539846004551601,-0.04099759855384377
290,53.0,2.3,2.283600960578463,0.7130017139798659,-0.008547019404297806
291,53.2,2.3,2.283839546427812,0.7026284161820823,0.04099759855384377
292,53.4,2.3,2.3,0.0,0.04040113393047218
293,53.6,2.3,2.3,0.0,-8.881784197001252e-16
294,53.8,2.3,2.3,0.0,8.881784197001252e-16
295,54.0,2.3,2.3,0.0,-0.00029444124183175546
296,54.2,2.3,2.299882223503267,0.005120717249235969,-0.037264766604228505
297,54.4,2.3,2.285094093358309,0.6480828974648126,-0.09774218898452425
298,54.6,2.3,2.2607853479094575,1.704984873501832,0.03726476660423206
299,54.8,2.3,2.3,0.0,0.09165412908250303
300,55.0,2.3,2.297446999542457,0.11100001989316574,-0.046470627268208275
301,55.2,2.3,2.2814117490927166,0.808184822055795,-0.04834133924007755
302,55.4,2.3,2.2781104638464256,0.9517189631988844,0.0464706272682065
303,55.6,2.3,2.3,0.0,0.05472384038393319
304,55.8,2.3,2.3,0.0,8.881784197001252e-16
305,56.0,2.3,2.3,0.0,-0.004942147618525183
306,56.2,2.3,2.2980231409525897,0.08595039336566085,-0.006083542976670131
307,56.4,2.3,2.297566582809332,0.10580074742034155,-0.01176547209711476
308,56.6,2.3,2.2933169521137433,0.29056729940246717,-0.011756010006076067
309,56.8,2.3,2.292864178806902,0.31025309535208817,0.01670761971564172
310,57.0,2.3,2.3,0.0,0.017839552982744422
311,57.2,2.3,2.3,0.0,-0.005034320511067669
312,57.4,2.3,2.297986271795573,0.0875534001924624,-0.05962165242072626
313,57.6,2.3,2.2761513390317085,1.0368983029691796,-0.016381025466715826
314,57.8,2.3,2.291433861608885,0.37244079961367466,0.05962165242072892
315,58.0,2.3,2.3,0.0,-0.03107872068233508
316,58.2,2.3,2.279002373335951,0.9129402897412671,-0.06432377464349148
317,58.4,2.3,2.274270490142603,1.1186743416259424,0.05249406666012035
318,58.6,2.3,2.3,0.0,0.0629678557270319
319,58.8,2.3,2.2994576324334166,0.023581198547090843,-0.009994749595702679
320,59.0,2.3,2.2960021001617186,0.17382173209918678,-0.029142922124466786
321,59.2,2.3,2.2878004635836295,0.5304146267987017,-0.00029096373841497325
322,59.4,2.3,2.295885714666352,0.17888197102815373,0.0021608908452286357
323,59.6,2.3,2.2886648199217206,0.4928339164469377,0.010285713334120317
324,59.8,2.3,2.3,0.0,0.02680509871505876
325,60.0,2.3,2.299386859407744,0.026658286619817874,0.0
326,60.2,2.3,2.3,0.0,-0.049769173574277126
327,60.4,2.3,2.2794791899780336,0.89220913138984,-0.04353452749582587
328,60.6,2.3,2.28258618900167,0.7571222173186847,0.0513020250549161
329,60.8,2.3,2.3,0.0,0.042031222201806884
330,61.0,2.3,2.299398677882392,0.02614443989598939,-0.0033667249301156943
331,61.2,2.3,2.298653310027954,0.058551737915047634,0.0015033052940189862
332,61.4,2.3,2.3,0.0,0.0033667249301156943
333,61.6,2.3,2.3,0.0,-8.881784197001252e-16
334,61.8,2.3,2.3,0.0,-0.020475371121818853
335,62.0,2.3,2.291809851551272,0.3560934108142567,-0.03073312818887164
336,62.2,2.3,2.2877067487244513,0.5344891858934101,-0.0066351097813566184
337,62.4,2.3,2.2891558076387293,0.47148662440306965,0.03073312818887075
338,62.6,2.3,2.3,0.0,0.02711048090317547
339,62.8,2.3,2.3,0.0,8.881784197001252e-16
340,63.0,2.3,2.3,0.0,0.0
341,63.2,2.3,2.3,0.0,-8.881784197001252e-16
342,63.4,2.3,2.3,0.0,8.881784197001252e-16
343,63.6,2.3,2.3,0.0,-0.020646515695086798
344,63.8,2.3,2.2917413937219657,0.3590698381753925,-8.881784197001252e-16
345,64.0,2.3,2.3,0.0,0.02064651569508502
346,64.2,2.3,2.3,0.0,0.0
347,64.4,2.3,2.3,0.0,-0.04182010958240312
348,64.6,2.3,2.2832719561670403,0.7273062536069406,-5.329070518200751e-15
349,64.8,2.3,2.3,0.0,0.03798417119366437
350,65.0,2.3,2.298465624644506,0.06671197197798703,-0.04551528942745442
351,65.2,2.3,2.281793884229018,0.7915702509122527,-0.022294116059589975
352,65.4,2.3,2.28954797822067,0.4544357295360805,0.036353439833511025
353,65.6,2.3,2.2963352601624223,0.15933651467729104,0.026130054448326057
354,65.8,2.3,2.3,0.0,-0.014170089107634176
355,66.0,2.3,2.2906672245193684,0.40577284698398053,0.0
356,66.2,2.3,2.3,0.0,0.02333193870157846
357,66.4,2.3,2.3,0.0,-0.01645581174291344
358,66.6,2.3,2.2934176753028352,0.2861880303114948,-1.7763568394002505e-15
359,66.8,2.3,2.3,0.0,0.016455811742911663
360,67.0,2.3,2.3,0.0,0.0
361,67.2,2.3,2.3,0.0,0.0
362,67.4,2.3,2.3,0.0,-0.021609390642320925
363,67.6,2.3,2.2913562437430723,0.3758154894316277,-1.7763568394002505e-15
364,67.8,2.3,2.3,0.0,0.011681012270833513
365,68.0,2.3,2.2960286486514057,0.1726674499388796,0.0
366,68.2,2.3,2.3,0.0,-0.018343355713467346
367,68.4,2.3,2.288691306366019,0.4916823319122107,-0.02588303361001998
368,68.6,2.3,2.2896467865559913,0.45013971495689753,0.02745383857675865
369,68.8,2.3,2.2996728417967227,0.01422426970769583,0.00810544601359453
370,69.0,2.3,2.292888964961429,0.3091754364595928,-0.019844141691304884
371,69.2,2.3,2.2917351851202006,0.35933977738257566,0.017777587596427225
372,69.4,2.3,2.3,0.0,0.020662037199496552
373,69.6,2.3,2.3,0.0,-0.009383336679188226
374,69.8,2.3,2.296246665328324,0.16318846398589373,-0.021794766595633064
375,70.0,2.3,2.2912820933617466,0.37903941905448413,0.009383336679190002
376,70.2,2.3,2.3,0.0,0.0031326565610578783
377,70.4,2.3,2.2925351559861697,0.3245584353839107,1.7763568394002505e-15
378,70.6,2.3,2.3,0.0,-0.0351746369731476
379,70.8,2.3,2.278465301196909,0.9362912523082918,-0.03469019520537486
380,71.0,2.3,2.28612392191785,0.6033077427021591,0.053836747007727226
381,71.2,2.3,2.3,0.0,0.0069526599288121105
382,71.4,2.3,2.2889049858893746,0.48239191785327173,-0.048332635266181256
383,71.6,2.3,2.280666945893528,0.8405675698465928,0.0277375352765592
384,71.8,2.3,2.3,0.0,0.04495082391308536
385,72.0,2.3,2.2986472754587624,0.05881411048857929,-0.003753135178063083
386,72.2,2.3,2.2984987459287747,0.06527191614022809,-0.025511671362510313
387,72.4,2.3,2.2884426069137582,0.5024953515757226,-0.004742316581687334
388,72.6,2.3,2.2966018192960984,0.1477469871261504,0.02889348271560621
389,72.8,2.3,2.3,0.0,-0.01732810206030777
390,73.0,2.3,2.2896705784719753,0.44910528382714626,-0.03064061535727891
391,73.2,2.3,2.287743753857088,0.5328802670831104,0.02582355382006174
392,73.4,2.3,2.3,0.0,0.030640615357277134
393,73.6,2.3,2.3,0.0,8.881784197001252e-16
394,73.8,2.3,2.3,0.0,-0.06091241157104754
395,74.0,2.3,2.2756350353715806,1.0593462881921307,0.0
396,74.2,2.3,2.3,0.0,0.057533938373765636
397,74.4,2.3,2.298648610721087,0.05875605560489901,-0.00925599276704947
398,74.6,2.3,2.2962976028931803,0.16097378725301142,0.003378473197281906
399,74.8,2.3,2.3,0.0,-0.04083635808236874
400,75.0,2.3,2.2799630596602323,0.8711713191203272,-0.026542350227162004
401,75.2,2.3,2.289383059909135,0.46160609090717336,0.04068105752025453
402,75.4,2.3,2.2962354826683344,0.16367466659414553,0.020542259593638867
403,75.6,2.3,2.2975999637465905,0.10434940232214164,0.009411293329163684
404,75.8,2.3,2.3,0.0,-0.054730543197205606
405,76.0,2.3,2.275707746467708,1.056184936186613,-0.00019354149866490644
406,76.2,2.3,2.299922583400534,0.0033659391072192674,0.06073063383072963
407,76.4,2.3,2.3,0.0,-0.020224687481405823
408,76.6,2.3,2.2918327084079726,0.35509963443596726,-1.7763568394002505e-15
409,76.8,2.3,2.3,0.0,-0.012398788647774772
410,77.0,2.3,2.2868731929488626,0.5707307413537842,-0.03810979609541487
411,77.2,2.3,2.284756081561834,0.6627790625289521,0.03281701762784284
412,77.4,2.3,2.3,0.0,0.03810979609541221
413,77.6,2.3,2.3,0.0,8.881784197001252e-16
414,77.8,2.3,2.3,0.0,0.0
415,78.0,2.3,2.3,0.0,-0.005971937649555059
416,78.2,2.3,2.297611224940178,0.10385978520965843,0.0
417,78.4,2.3,2.3,0.0,0.005971937649554171
418,78.6,2.3,2.3,0.0,-0.037207145943759734
419,78.8,2.3,2.285117141622495,0.6470807990219498,-0.030918109420645656
420,79.0,2.3,2.2876327562317416,0.5377062507938292,-0.017371994807415803
421,79.2,2.3,2.278168343699529,0.9492024478465622,-0.034515462873433655
422,79.4,2.3,2.2738265710823677,1.1379751703318266,0.041291723366508215
423,79.6,2.3,2.29468503304613,0.23108551973346123,0.06543357229408464
424,79.8,2.3,2.3,0.0,0.013287417384674427
425,80.0,2.3,2.3,0.0,-0.04148910967183461
426,80.2,2.3,2.283404356131266,0.7215497334232076,-0.01507181138946656
427,80.4,2.3,2.293971275444213,0.2621184589472373,0.04148910967183461
428,80.6,2.3,2.3,0.0,0.015071811389468337
429,80.8,2.3,2.3,0.0,-0.025377428585500184
430,81.0,2.3,2.2898490285657997,0.44134658409564764,0.0
431,81.2,2.3,2.3,0.0,0.02497553824985399
432,81.4,2.3,2.2998392438657413,0.006989397141680096,-0.02324730891746185
433,81.6,2.3,2.2907010764330162,0.4043010246514509,0.00040189033564352883
434,81.8,2.3,2.3,0.0,0.023247308917459186
435,82.0,2.3,2.3,0.0,0.0
436,82.2,2.3,2.3,0.0,0.0
437,82.4,2.3,2.3,0.0,-0.03055363131955513
438,82.6,2.3,2.287778547472179,0.5313675012095999,-3.552713678800501e-15
439,82.8,2.3,2.3,0.0,-0.003724930776926705
440,83.0,2.3,2.286288575161408,0.5961489060257162,0.0
441,83.2,2.3,2.3,0.0,0.03427856209647917
442,83.4,2.3,2.3,0.0,-0.04236238310325291
443,83.6,2.3,2.2830550467587005,0.7367370974478051,-0.02079714099923269
444,83.8,2.3,2.2916811436003086,0.3616894086822215,0.03395175428430619
445,84.0,2.3,2.296635748472423,0.14627180554682376,0.015985068436467742
446,84.2,2.3,2.298075170974896,0.08368821848277529,0.008410628818942278
447,84.4,2.3,2.3,0.0,-0.004159535856760321
448,84.6,2.3,2.296411356632192,0.1560279725133855,0.0
449,84.8,2.3,2.3,0.0,0.00897160841951905
450,85.0,2.3,2.3,0.0,0.0
451,85.2,2.3,2.3,0.0,0.0
452,85.4,2.3,2.3,0.0,-0.03101460633386033
453,85.6,2.3,2.287594157466457,0.5393844579801143,-0.012326034880183911
454,85.8,2.3,2.2950695860479278,0.21436582400314272,0.031014606333856776
455,86.0,2.3,2.3,0.0,0.012326034880180359
456,86.2,2.3,2.3,0.0,0.0
457,86.4,2.3,2.3,0.0,-0.020644675638239463
458,86.6,2.3,2.291742129744705,0.3590378371867379,-1.7763568394002505e-15
459,86.8,2.3,2.3,0.0,0.010507355026613041
460,87.0,2.3,2.2959450717553502,0.17630122802824777,-0.0036264423145286884
461,87.2,2.3,2.2985494230741885,0.06306856199180039,0.010137320611624645
462,87.4,2.3,2.3,0.0,0.0036264423145278
463,87.6,2.3,2.3,0.0,8.881784197001252e-16
464,87.8,2.3,2.3,0.0,-0.028616353799394645
465,88.0,2.3,2.288553458480242,0.49767571825032914,-0.0013201446897310731
466,88.2,2.3,2.2994719421241077,0.022959038082256345,0.015070456366600204
467,88.4,2.3,2.2945816410268822,0.23558082491815407,-0.02290657377091687
468,88.6,2.3,2.290309312615741,0.4213342340982077,0.013545897432791776
469,88.8,2.3,2.3,0.0,-0.012948747971353924
470,89.0,2.3,2.2851298134271993,0.6465298509913237,-0.04319267354654599
471,89.2,2.3,2.2827229305813814,0.7511769312442765,0.03717546643200098
472,89.4,2.3,2.3,0.0,0.043192673546543325
473,89.6,2.3,2.3,0.0,8.881784197001252e-16
474,89.8,2.3,2.3,0.0,-0.015909239396791897
475,90.0,2.3,2.293636304241283,0.2766824242920388,0.0
476,90.2,2.3,2.3,0.0,-0.003988464040491024
477,90.4,2.3,2.2920409186250867,0.3460470163005657,-0.0038837654461660875
478,90.6,2.3,2.2984464938215328,0.06754374688987079,0.013765032389049914
479,90.8,2.3,2.2975469315807064,0.10665514866492715,0.003883765446167864
480,91.0,2.3,2.3,0.0,0.006132671048233895
481,91.2,2.3,2.3,0.0,-0.010398339701779946
482,91.4,2.3,2.295840664119288,0.180840690465722,8.881784197001252e-16
483,91.6,2.3,2.3,0.0,0.010398339701780834
484,91.8,2.3,2.3,0.0,-0.004606004878513481
485,92.0,2.3,2.2981575980485944,0.08010443266978672,-0.029738744270578543
486,92.2,2.3,2.2881045022917683,0.5171955525318113,0.004606004878513481
487,92.4,2.3,2.3,0.0,0.029738744270576767
488,92.6,2.3,2.3,0.0,8.881784197001252e-16
489,92.8,2.3,2.3,0.0,0.0
490,93.0,2.3,2.3,0.0,0.0
491,93.2,2.3,2.3,0.0,-0.013128045308810066
492,93.4,2.3,2.294748781876476,0.22831383145757436,-0.023777223761736188
493,93.6,2.3,2.290489110495306,0.4135169349866915,0.01312804530880829
494,93.8,2.3,2.3,0.0,0.014180143360990272
495,94.0,2.3,2.296161167839702,0.16690574609992173,-0.06068638206986776
496,94.2,2.3,2.2757254471720527,1.0554153403455342,0.009597080400745028
497,94.4,2.3,2.3,0.0,0.042526682637875624
498,94.6,2.3,2.2927361202272047,0.31582085968674534,-1.7763568394002505e-15
499,94.8,2.3,2.3,0.0,-0.017721808783787374
500,95.0,2.3,2.28564739671369,0.624026229839561,-0.012107596981156377
501,95.2,2.3,2.2951569612075375,0.21056690402009018,-0.006968997659911658
502,95.4,2.3,2.282859797649725,0.7452261891423745,-0.031784423954763774
503,95.6,2.3,2.2824431916256316,0.7633394945377536,0.04285050587568495
504,95.8,2.3,2.3,0.0,0.04389202093592015
505,96.0,2.3,2.3,0.0,-0.03508508089387519
506,96.2,2.3,2.2859659676424497,0.6101753198934764,-0.010686586413187094
507,96.4,2.3,2.295725365434725,0.1858536767510765,0.017010938542838083
508,96.6,2.3,2.2927703430595856,0.3143329104527853,0.010686586413185317
509,96.8,2.3,2.3,0.0,0.008592224874790055
510,97.0,2.3,2.296207233009502,0.16490291263035,-0.020475159261600595
511,97.2,2.3,2.2918099362953597,0.3560897262886956,0.008758432611242206
512,97.4,2.3,2.2997106060539987,0.012582345478301445,0.01327989580919553
513,97.6,2.3,2.2971218946190386,0.12513501656352885,0.0007234848650021775
514,97.8,2.3,2.3,0.0,0.007195263452403289
515,98.0,2.3,2.3,0.0,-0.016872002672270625
516,98.2,2.3,2.2932511989310917,0.29342613343078494,-0.007162340593675154
517,98.4,2.3,2.29713506376253,0.12456244510738669,0.016872002672269737
518,98.6,2.3,2.3,0.0,0.007162340593676042
519,98.8,2.3,2.3,0.0,0.0
520,99.0,2.3,2.3,0.0,-0.018961960682149837
521,99.2,2.3,2.29241521572714,0.3297732292547968,0.0
522,99.4,2.3,2.3,0.0,-0.012323844115460503
523,99.6,2.3,2.287485678080957,0.5441009530018697,-0.0004145802803181553
524,99.8,2.3,2.299834167887874,0.0072100918315605245,-0.007993519200269361
525,100.0,2.3,2.2842882704008494,0.6831186782239257,-0.007002646375990018
526,100.2,2.3,2.297033109337478,0.1289952461966055,0.03927932399787615
527,100.4,2.3,2.3,0.0,-0.00871125973762954
528,100.6,2.3,2.293548605442427,0.2804954155466582,-1.7763568394002505e-15
529,100.8,2.3,2.3,0.0,-0.0022633106646230416
530,101.0,2.3,2.2926432811765776,0.3198573401487956,-0.028841193850135838
531,101.2,2.3,2.2884635224599457,0.5015859800023523,-0.0067949561558871
532,101.4,2.3,2.289925298714223,0.4380304906859612,0.028841193850136726
533,101.6,2.3,2.3,0.0,0.02518675321444519
534,101.8,2.3,2.3,0.0,0.0
535,102.0,2.3,2.3,0.0,-0.012432234361273053
536,102.2,2.3,2.295027106255491,0.21621277150040288,-0.025341974180536297
537,102.4,2.3,2.2898632103277854,0.4407299857484508,0.01243223436127483
538,102.6,2.3,2.3,0.0,0.025341974180538962
539,102.8,2.3,2.3,0.0,-0.008817034007305047
540,103.0,2.3,2.296473186397078,0.15333972186617367,0.0
541,103.2,2.3,2.3,0.0,-0.0004943797883978363
542,103.4,2.3,2.2962754344817187,0.16193763122962102,-0.033026324114437955
543,103.6,2.3,2.2867894703542255,0.5743708541641012,0.00931141379569933
544,103.8,2.3,2.3,0.0,0.03302632411443529
545,104.0,2.3,2.3,0.0,0.0
546,104.2,2.3,2.3,0.0,-0.02264862382920274
547,104.4,2.3,2.290940550468319,0.39388911007307537,-0.041625513054277974
548,104.6,2.3,2.283349794778289,0.7239219661613533,0.0226486238291983
549,104.8,2.3,2.3,0.0,0.005039520164081601
550,105.0,2.3,2.2853656028439215,0.6362781372207996,-0.009131516713567045
551,105.2,2.3,2.2963473933145733,0.1588089863228958,0.036332357588006126
552,105.4,2.3,2.2998985458791243,0.004411048733712853,0.009131516713565269
553,105.6,2.3,2.3,0.0,-0.015096664468692289
554,105.8,2.3,2.293859880091647,0.26696173514577326,-0.03571561380003896
555,106.0,2.3,2.285713754479984,0.6211411095658941,-0.03744135431330786
556,106.2,2.3,2.2788833383663234,0.9181157232033231,-0.014354290651384716
557,106.4,2.3,2.27997203821943,0.8707809469812884,0.05279165408419484
558,106.6,2.3,2.3,0.0,0.050069904451429004
559,106.8,2.3,2.3,0.0,-0.02812874777421559
560,107.0,2.3,2.2887485008903137,0.48919561346461904,0.0
561,107.2,2.3,2.3,0.0,0.005283476590442149
562,107.4,2.3,2.2908618915264904,0.3973090640656254,-0.025745326391584555
563,107.6,2.3,2.2897018694433657,0.447744806810174,0.019093390111982522
564,107.8,2.3,2.298499247571284,0.06525010559633765,0.025745326391585444
565,108.0,2.3,2.3,0.0,0.0021651270826597013
566,108.2,2.3,2.299365298404348,0.027595721550085262,0.0
567,108.4,2.3,2.3,0.0,0.0015867539891294413
568,108.6,2.3,2.3,0.0,8.881784197001252e-16
569,108.8,2.3,2.3,0.0,-0.005153688536967849
570,109.0,2.3,2.297938524585213,0.08962936586030222,-0.041617140364457406
571,109.2,2.3,2.283353143854217,0.7237763541644768,0.0026154584950042192
572,109.4,2.3,2.2989847079832146,0.044143131164567265,0.04161714036445474
573,109.6,2.3,2.3,0.0,-0.006042355410429856
574,109.8,2.3,2.2965677658190424,0.14922757308511167,-0.03847237853901753
575,110.0,2.3,2.284611048584393,0.6690848441568339,-0.015356116320925928
576,110.2,2.3,2.290425319290672,0.4162904656229527,0.03847237853901753
577,110.4,2.3,2.3,0.0,0.023936701773317637
578,110.6,2.3,2.3,0.0,-0.03638936490619393
579,110.8,2.3,2.2854442540375213,0.6328585201077628,0.0
580,111.0,2.3,2.3,0.0,0.03208749549768708
581,111.2,2.3,2.298279252236596,0.0748151201480019,0.0
582,111.4,2.3,2.3,0.0,-0.007057434191286127
583,111.6,2.3,2.2954562785600823,0.19755310608337567,-8.881784197001252e-16
584,111.8,2.3,2.3,0.0,0.011359303599793869
585,112.0,2.3,2.3,0.0,0.0
586,112.2,2.3,2.3,0.0,0.0
587,112.4,2.3,2.3,0.0,-8.881784197001252e-16
588,112.6,2.3,2.3,0.0,-0.044214901004005824
589,112.8,2.3,2.2823140395983965,0.7689548000697074,-0.01313492480429268
590,113.0,2.3,2.294746030078283,0.22843347485725812,0.04421490100400849
591,113.2,2.3,2.3,0.0,0.01313492480429268
592,113.4,2.3,2.3,0.0,-8.881784197001252e-16
593,113.6,2.3,2.3,0.0,-0.017389220689315366
594,113.8,2.3,2.293044311724273,0.3024212293794126,0.0
595,114.0,2.3,2.3,0.0,-0.043805659751699366
596,114.2,2.3,2.275522047823593,1.0642587902785587,-0.028098365893782784
597,114.4,2.3,2.2887606536424867,0.48866723293534864,0.04890238440156658
598,114.6,2.3,2.2950830015842203,0.21378253981650425,0.028098365893783672
599,114.8,2.3,2.3,0.0,-0.0005770752901428366
600,115.0,2.3,2.2948521714681633,0.22381863181898232,-0.015672722368312186
601,115.2,2.3,2.293730911052675,0.27256908466628743,0.007013192280114211
602,115.4,2.3,2.297657448380209,0.10185007042567522,0.015672722368311298
603,115.6,2.3,2.3,0.0,-0.008815418879373205
604,115.8,2.3,2.2941312808284593,0.255161703110457,-0.055980914221906986
605,116.0,2.3,2.277607634311237,0.973581116902726,0.01467179792885176
606,116.2,2.3,2.3,0.0,0.055980914221906986
607,116.4,2.3,2.3,0.0,-8.881784197001252e-16
608,116.6,2.3,2.3,0.0,-0.017227409271960425
609,116.8,2.3,2.293109036291215,0.29960711777323407,0.0
610,117.0,2.3,2.3,0.0,-0.005546978841408645
611,117.2,2.3,2.2908902447546518,0.39607631501512586,0.0
612,117.4,2.3,2.3,0.0,0.022774388113368182
613,117.6,2.3,2.3,0.0,8.881784197001252e-16
614,117.8,2.3,2.3,0.0,0.0
615,118.0,2.3,2.3,0.0,0.0
616,118.2,2.3,2.3,0.0,0.0
617,118.4,2.3,2.3,0.0,-8.881784197001252e-16
618,118.6,2.3,2.3,0.0,8.881784197001252e-16
619,118.8,2.3,2.3,0.0,0.0
620,119.0,2.3,2.3,0.0,-0.06073724407118952
621,119.2,2.3,2.275705102371524,1.0562998968902413,0.0
622,119.4,2.3,2.3,0.0,0.03220739118538507
623,119.6,2.3,2.28858805884568,0.4961713545356439,-0.005406653309909082
624,119.8,2.3,2.297837338676038,0.09402875321573301,0.0007909072435330344
625,120.0,2.3,2.2889044217430934,0.482416445952454,0.005406653309905529
626,120.2,2.3,2.3,0.0,0.02131170526313042
627,120.4,2.3,2.2974291038483456,0.11177809355016918,-0.02588053965187953
628,120.6,2.3,2.2896477841392486,0.4500963417717934,-0.023813359913757992
629,120.8,2.3,2.287903759882843,0.5259234833546438,0.018845291133710695
630,121.0,2.3,2.297185900592733,0.12235214814202743,0.030240600292892772
631,121.2,2.3,2.3,0.0,0.007035248518167059
632,121.4,2.3,2.3,0.0,-0.043858356101718954
633,121.6,2.3,2.282456657559314,0.7627540191602528,-5.329070518200751e-15
634,121.8,2.3,2.3,0.0,0.014359724164330956
635,122.0,2.3,2.2882005472250464,0.5130196858675456,0.0
636,122.2,2.3,2.3,0.0,0.01829907742744208
637,122.4,2.3,2.2955201781960235,0.19477486104244762,-0.031164570496016175
638,122.6,2.3,2.287534171801594,0.54199253036548,-0.009042917016658159
639,122.8,2.3,2.291903011389361,0.35204298307125315,0.031164570496015287
640,123.0,2.3,2.3,0.0,-0.010820052315481554
641,123.2,2.3,2.2875749904631686,0.5402178059491817,-0.04455873519538667
642,123.4,2.3,2.282176505921845,0.7749345251371771,0.00824012594358603
643,123.6,2.3,2.290871040840602,0.39691126779990044,0.044558735195387555
644,123.8,2.3,2.3,0.0,0.015704063580874283
645,124.0,2.3,2.297152666272952,0.12379711856729902,-0.002060310751492267
646,124.2,2.3,2.299175875699403,0.035831491330284744,0.00711833431761999
647,124.4,2.3,2.3,0.0,-0.002143128059270971
648,124.6,2.3,2.298318624475695,0.07310328366543108,0.0
649,124.8,2.3,2.3,0.0,-0.0033296383320662315
650,125.0,2.3,2.296986769142868,0.13101003726659724,-0.00989397056829322
651,125.2,2.3,2.2960424117726825,0.17206905336162642,0.00753307714282947
652,125.4,2.3,2.3,0.0,0.0015409297284962875
653,125.6,2.3,2.2966587836640815,0.14527027547470497,-0.05194613536986381
654,125.8,2.3,2.2792215458520535,0.9034110499107134,0.008353040839796044
655,126.0,2.3,2.3,0.0,0.05194613536986559
656,126.2,2.3,2.3,0.0,0.0
657,126.4,2.3,2.3,0.0,-8.881784197001252e-16
658,126.6,2.3,2.3,0.0,-0.005968071395988872
659,126.8,2.3,2.297612771441604,0.1037925460172234,0.0
660,127.0,2.3,2.3,0.0,0.00596807139598976
661,127.2,2.3,2.3,0.0,0.0
662,127.4,2.3,2.3,0.0,-0.05084251438506371
663,127.6,2.3,2.2796629942459763,0.8842176414792828,-6.217248937900877e-15
664,127.8,2.3,2.3,0.0,0.05084251438505838
665,128.0,2.3,2.3,0.0,-0.04229678998442932
666,128.2,2.3,2.28308128400623,0.7355963475552157,-0.018430773158692126
667,128.4,2.3,2.2926276907365266,0.32053518536841064,0.040831440748945624
668,128.6,2.3,2.2994138603058087,0.025484334530042344,0.01843077315868591
669,128.8,2.3,2.3,0.0,0.0014653492354765874
670,129.0,2.3,2.3,0.0,-0.014940734891654373
671,129.2,2.3,2.294023706043338,0.2598388676809479,-3.552713678800501e-15
672,129.4,2.3,2.3,0.0,0.014940734891651708
673,129.6,2.3,2.3,0.0,-0.035936189076876346
674,129.8,2.3,2.2856255243692467,0.6249772013370946,-0.008009043867255095
675,130.0,2.3,2.2967963824530946,0.13928771943067417,0.020908695888704365
676,130.2,2.3,2.293989002724728,0.2613477076205336,0.008009043867260424
677,130.4,2.3,2.3,0.0,-0.002122212809548607
678,130.6,2.3,2.29314011760091,0.2982557564821625,-3.552713678800501e-15
679,130.8,2.3,2.3,0.0,-0.032133145463374646
680,131.0,2.3,2.280286859415564,0.8570930688885201,-0.02240568672550669
681,131.2,2.3,2.2910377253097973,0.38966411696532405,0.04928285146109079
682,131.4,2.3,2.3,0.0,-0.014205423533241834
683,131.6,2.3,2.285355555896504,0.6367149610215604,-0.02802582438460366
684,131.8,2.3,2.2887896702461608,0.4874056414712703,0.03661111025874142
685,132.0,2.3,2.3,0.0,0.02802582438459922
686,132.2,2.3,2.3,0.0,8.881784197001252e-16
687,132.4,2.3,2.3,0.0,-8.881784197001252e-16
688,132.6,2.3,2.3,0.0,-0.001997404254199253
689,132.8,2.3,2.2992010382983197,0.0347374652904379,-0.011134370171220986
690,133.0,2.3,2.295546251931512,0.19364122036903292,-0.009293677231154263
691,133.2,2.3,2.2954835674058582,0.19636663452788405,-0.04039707768504108
692,133.4,2.3,2.279387420857493,0.8961990931524632,0.01129108148536595
693,133.6,2.3,2.3,0.0,0.050458271698587964
694,133.8,2.3,2.2995707295369257,0.01866393317713697,-0.0312795300841362
695,134.0,2.3,2.287488187966347,0.5439918275501133,0.0010731761576847632
696,134.2,2.3,2.3,0.0,-0.004591274558307212
697,134.4,2.3,2.2856516781430205,0.6238400807382322,8.881784197001252e-15
698,134.6,2.3,2.3,0.0,0.03587080464245318
699,134.8,2.3,2.3,0.0,-0.027222019359113503
700,135.0,2.3,2.289111192256356,0.4734264236366993,0.0
701,135.2,2.3,2.3,0.0,0.027222019359113503
702,135.4,2.3,2.3,0.0,-8.881784197001252e-16
703,135.6,2.3,2.3,0.0,-0.062086662777078416
704,135.8,2.3,2.2751653348891643,1.079768048297208,1.687538997430238e-14
705,136.0,2.3,2.3,0.0,0.06208666277709174
706,136.2,2.3,2.3,0.0,8.881784197001252e-16
707,136.4,2.3,2.3,0.0,-8.881784197001252e-16
708,136.6,2.3,2.3,0.0,-0.03921220882118526
709,136.8,2.3,2.284315116471523,0.6819514577598524,1.0658141036401503e-14
710,137.0,2.3,2.3,0.0,0.03921220882119414
711,137.2,2.3,2.3,0.0,8.881784197001252e-16
712,137.4,2.3,2.3,0.0,-8.881784197001252e-16
713,137.6,2.3,2.3,0.0,-0.021186019294697545
714,137.8,2.3,2.2915255922821194,0.36845250947305863,-0.046210136292316406
715,138.0,2.3,2.2815159454830733,0.8036545442141944,0.021186019294701985
716,138.2,2.3,2.3,0.0,0.025531120485306147
717,138.4,2.3,2.291728393677192,0.35963505751337244,-0.0002950585196321853
718,138.6,2.3,2.2998819765921446,0.0051314525154472915,0.020679015807021806
719,138.8,2.3,2.3,0.0,0.0002950585196375144
720,139.0,2.3,2.3,0.0,0.0
721,139.2,2.3,2.3,0.0,8.881784197001252e-16
722,139.4,2.3,2.3,0.0,-8.881784197001252e-16
723,139.6,2.3,2.3,0.0,8.881784197001252e-16
724,139.8,2.3,2.3,0.0,-8.881784197001252e-16
725,140.0,2.3,2.3,0.0,0.0
726,140.2,2.3,2.3,0.0,8.881784197001252e-16
727,140.4,2.3,2.3,0.0,-8.881784197001252e-16
728,140.6,2.3,2.3,0.0,8.881784197001252e-16
729,140.8,2.3,2.3,0.0,-8.881784197001252e-16
730,141.0,2.3,2.3,0.0,0.0
731,141.2,2.3,2.3,0.0,8.881784197001252e-16
732,141.4,2.3,2.3,0.0,-0.011657772571616043
733,141.6,2.3,2.2953368909713543,0.2027438708106833,-0.005653820450113756
734,141.8,2.3,2.2977384718199554,0.09832731217583336,0.011657772571613378
735,142.0,2.3,2.3,0.0,0.005653820450111091
736,142.2,2.3,2.3,0.0,8.881784197001252e-16
737,142.4,2.3,2.3,0.0,-0.0016723689373279171
738,142.6,2.3,2.2993310524250687,0.02908467717092428,0.0
739,142.8,2.3,2.3,0.0,-0.0025887768231775965
740,143.0,2.3,2.298295541695798,0.07410688279139635,0.0
741,143.2,2.3,2.3,0.0,0.004261145760505514
742,143.4,2.3,2.3,0.0,-8.881784197001252e-16
743,143.6,2.3,2.3,0.0,-0.03307479087444776
744,143.8,2.3,2.2867700836502185,0.5752137543383093,-0.03423636732431046
745,144.0,2.3,2.2863054530702738,0.5954150839011402,0.0008998073016490693
746,144.2,2.3,2.287130006570878,0.559564931700946,0.034236367324311345
747,144.4,2.3,2.3,0.0,0.016390403396674635
748,144.6,2.3,2.2936861679295504,0.274514437845621,-0.03592047041667179
749,144.8,2.3,2.2856318118333303,0.6247038333334458,0.011619496106649585
750,145.0,2.3,2.2983339663722075,0.0724362446866216,0.018215095518736568
751,145.2,2.3,2.2929178500408245,0.30791956344240956,0.004165084069476244
752,145.4,2.3,2.3,0.0,0.017705374897935222
753,145.6,2.3,2.3,0.0,8.881784197001252e-16
754,145.8,2.3,2.3,0.0,-8.881784197001252e-16
755,146.0,2.3,2.3,0.0,0.0
756,146.2,2.3,2.3,0.0,8.881784197001252e-16
757,146.4,2.3,2.3,0.0,-0.001873051040603535
758,146.6,2.3,2.2992507795837587,0.03257480070612869,0.0
759,146.8,2.3,2.3,0.0,0.0018730510406017586
760,147.0,2.3,2.3,0.0,-0.03630244862509269
761,147.2,2.3,2.2854790205499635,0.631346932610274,-0.04537070676092103
762,147.4,2.3,2.2818517172956327,0.7890557697550873,0.036302448625098016
763,147.6,2.3,2.3,0.0,0.045370706760923696
764,147.8,2.3,2.3,0.0,-8.881784197001252e-16
765,148.0,2.3,2.3,0.0,-0.02615110786127417
766,148.2,2.3,2.2895395568554906,0.4548018758482312,-6.217248937900877e-15
767,148.4,2.3,2.3,0.0,0.02615110786126884
768,148.6,2.3,2.3,0.0,-0.06685512055276988
769,148.8,2.3,2.2732579517788873,1.1626977487440127,-0.02110320470249949
770,149.0,2.3,2.291558718118994,0.36701225569592005,0.05084684174439147
771,149.2,2.3,2.2935966884766428,0.27840484884160793,0.00650804265553262
772,149.4,2.3,2.2941619351812066,0.25382890516492507,0.016008278808394394
773,149.6,2.3,2.3,0.0,0.014595162046985521
774,149.8,2.3,2.3,0.0,-0.04843454916724532
775,150.0,2.3,2.2806261803331043,0.8423399855171968,-0.017098611199174663
776,150.2,2.3,2.29316055552033,0.2973671512899866,0.037894970570870434
777,150.4,2.3,2.2957841685614513,0.1832970190673321,-0.0031184845675049644
778,150.6,2.3,2.291913161693329,0.35160166550741434,0.010539578596367782
779,150.8,2.3,2.3,0.0,0.02021709576667341
780,151.0,2.3,2.3,0.0,0.0
781,151.2,2.3,2.3,0.0,8.881784197001252e-16
782,151.4,2.3,2.3,0.0,-0.00729548107074951
783,151.6,2.3,2.2970818075717006,0.12687793166518502,-8.881784197001252e-16
784,151.8,2.3,2.3,0.0,0.007295481070746845
785,152.0,2.3,2.3,0.0,0.0
786,152.2,2.3,2.3,0.0,-0.01096284666950531
787,152.4,2.3,2.2956148613321967,0.1906582029479651,-0.02453981222197754
788,152.6,2.3,2.290184075111209,0.4267793429909149,0.010962846669502646
789,152.8,2.3,2.3,0.0,0.0245398122219731
790,153.0,2.3,2.3,0.0,-0.03146311151393011
791,153.2,2.3,2.2874147553944284,0.5471845480683174,-7.993605777301127e-15
792,153.4,2.3,2.3,0.0,0.031463111513923
793,153.6,2.3,2.3,0.0,8.881784197001252e-16
794,153.8,2.3,2.3,0.0,-0.02143217413928067
795,154.0,2.3,2.291427130344289,0.3727334632917869,-0.0185085583561575
796,154.2,2.3,2.292596576657537,0.3218879714114295,-0.01204597806975638
797,154.4,2.3,2.286608739116385,0.5822287340702,0.013895697672899665
798,154.6,2.3,2.298154855726694,0.08022366405676286,0.026378579702379668
799,154.8,2.3,2.2971601709973353,0.1234708262028008,0.004612860683264941
800,155.0,2.3,2.3,0.0,0.014199145013323563
