building_id,assessment_date,energy_rating,primary_energy_kwh_m2_yr,co2_emissions_kg_m2_yr,renewable_energy_pct,assessor_id,certificate_number,valid_until,recommendations
BLD_00001,2024-01-15,E,317.2,63.3,26.67557627993966,ASR_2689,EPC2024645865,2034-01-15,New boiler; Cavity wall insulation; Loft insulation
BLD_00001,2022-01-15,E,262.1,59.8,8.299486160041942,ASR_6228,EPC2022910326,2032-01-15,Double glazing; New boiler; Cavity wall insulation
BLD_00001,2020-01-15,F,347.9,88.2,0.4577015247117078,ASR_9422,EPC2020207348,2030-01-15,Full insulation upgrade; Window replacement; Heating system upgrade
BLD_00002,2024-01-15,E,234.3,58.0,24.213111174222067,ASR_9570,EPC2024580636,2034-01-15,Loft insulation; New boiler; Cavity wall insulation
BLD_00002,2022-01-15,E,233.7,58.5,19.61494580337323,ASR_8720,EPC2022748410,2032-01-15,Cavity wall insulation; Double glazing; New boiler
BLD_00002,2020-01-15,E,247.2,56.2,9.220120047198058,ASR_2594,EPC2020578344,2030-01-15,Loft insulation; New boiler; Cavity wall insulation
BLD_00003,2024-01-15,A,46.4,1.6,29.104504899344217,ASR_9948,EPC2024632056,2034-01-15,Smart building controls; Install solar panels
BLD_00003,2022-01-15,A,44.8,9.7,22.624849672769702,ASR_3409,EPC2022938416,2032-01-15,Smart building controls; Install solar panels
BLD_00003,2020-01-15,A,36.6,9.0,4.182698803694919,ASR_2914,EPC2020423047,2030-01-15,Install solar panels; Smart building controls
BLD_00004,2024-01-15,E,316.0,62.6,21.181776113244347,ASR_9052,EPC2024551601,2034-01-15,Loft insulation; Double glazing; New boiler
BLD_00004,2022-01-15,E,306.4,69.2,14.716611354070587,ASR_9837,EPC2022700005,2032-01-15,Double glazing; Loft insulation; Cavity wall insulation
BLD_00004,2020-01-15,E,269.1,67.4,29.126122752829872,ASR_6779,EPC2020903702,2030-01-15,New boiler; Loft insulation; Cavity wall insulation
BLD_00005,2024-01-15,F,450.0,107.2,23.911003895660883,ASR_3118,EPC2024321634,2034-01-15,Full insulation upgrade; Window replacement; Heating system upgrade
BLD_00005,2022-01-15,F,419.3,96.4,18.068745817554948,ASR_2516,EPC2022518233,2032-01-15,Window replacement; Full insulation upgrade; Heating system upgrade
BLD_00005,2020-01-15,G,481.2,186.7,4.888220516257635,ASR_7592,EPC2020398776,2030-01-15,Insulation throughout; Complete thermal envelope retrofit; Full HVAC replacement
BLD_00006,2024-01-15,B,82.0,16.6,12.288849812873107,ASR_4814,EPC2024514603,2034-01-15,Install solar panels; Upgrade to heat pump; Smart thermostats
BLD_00006,2022-01-15,B,75.8,18.7,21.216258784712274,ASR_6060,EPC2022688297,2032-01-15,Smart thermostats; Upgrade to heat pump; Install solar panels
BLD_00006,2020-01-15,B,88.2,15.4,22.72845492948764,ASR_9548,EPC2020298595,2030-01-15,Install solar panels; Upgrade to heat pump; Smart thermostats
BLD_00007,2024-01-15,A,48.2,6.2,12.560858650941935,ASR_3658,EPC2024209940,2034-01-15,Smart building controls; Install solar panels
BLD_00007,2022-01-15,A,11.0,0.0,6.690752661202972,ASR_4772,EPC2022589199,2032-01-15,Install solar panels; Smart building controls
BLD_00007,2020-01-15,B,79.4,19.5,9.945453287796223,ASR_7158,EPC2020315289,2030-01-15,Install solar panels; Upgrade to heat pump; Smart thermostats
BLD_00008,2024-01-15,B,71.3,14.4,1.4326806746053256,ASR_9566,EPC2024772149,2034-01-15,Smart thermostats; Upgrade to heat pump; Install solar panels
BLD_00008,2022-01-15,B,67.8,16.0,1.4599408445677964,ASR_7183,EPC2022904377,2032-01-15,Upgrade to heat pump; Smart thermostats; Install solar panels
BLD_00008,2020-01-15,B,58.0,10.2,0.8383250957631971,ASR_1238,EPC2020453492,2030-01-15,Upgrade to heat pump; Smart thermostats; Install solar panels
BLD_00009,2024-01-15,B,67.1,19.3,27.925335126248427,ASR_2645,EPC2024869946,2034-01-15,Install solar panels; Smart thermostats; Upgrade to heat pump
BLD_00009,2022-01-15,B,84.8,18.8,23.545858306468112,ASR_9267,EPC2022133287,2032-01-15,Upgrade to heat pump; Install solar panels; Smart thermostats
BLD_00009,2020-01-15,C,139.9,34.9,29.61658825161735,ASR_8648,EPC2020276216,2030-01-15,Upgrade windows; Improve insulation; LED lighting
BLD_00010,2024-01-15,D,161.4,46.4,8.021097120537895,ASR_7064,EPC2024841870,2034-01-15,Double glazing; Efficient boiler; LED lighting
BLD_00010,2022-01-15,D,164.6,54.7,23.95406696245055,ASR_9228,EPC2022400752,2032-01-15,Efficient boiler; Double glazing; Wall insulation
BLD_00010,2020-01-15,E,293.6,57.2,9.169845075871374,ASR_6123,EPC2020986304,2030-01-15,Cavity wall insulation; New boiler; Double glazing
BLD_00011,2024-01-15,C,144.4,32.0,23.665683791528366,ASR_3435,EPC2024915565,2034-01-15,LED lighting; Improve insulation; Upgrade windows
BLD_00011,2022-01-15,C,113.4,30.8,23.56638282008601,ASR_8838,EPC2022954222,2032-01-15,Improve insulation; LED lighting; Upgrade windows
BLD_00011,2020-01-15,D,161.6,41.5,3.8260724056971798,ASR_7308,EPC2020469737,2030-01-15,Efficient boiler; Double glazing; LED lighting
BLD_00012,2024-01-15,D,229.1,53.9,25.718012033190696,ASR_8361,EPC2024769952,2034-01-15,Wall insulation; LED lighting; Efficient boiler
BLD_00012,2022-01-15,D,183.6,45.9,4.983030840965366,ASR_7185,EPC2022326636,2032-01-15,Efficient boiler; Wall insulation; LED lighting
BLD_00012,2020-01-15,D,179.6,42.3,9.058334133771414,ASR_6029,EPC2020626474,2030-01-15,Wall insulation; Efficient boiler; Double glazing
BLD_00013,2024-01-15,E,242.0,63.0,4.440044481985602,ASR_7771,EPC2024767841,2034-01-15,Double glazing; New boiler; Cavity wall insulation
BLD_00013,2022-01-15,E,287.8,71.5,29.290483582140862,ASR_6274,EPC2022910175,2032-01-15,Double glazing; Cavity wall insulation; New boiler
BLD_00013,2020-01-15,F,421.9,101.3,10.590290924574857,ASR_4971,EPC2020791515,2030-01-15,Heating system upgrade; Full insulation upgrade; Window replacement
BLD_00014,2024-01-15,E,304.2,65.9,15.855883466155575,ASR_4150,EPC2024190196,2034-01-15,Cavity wall insulation; New boiler; Double glazing
BLD_00014,2022-01-15,E,233.3,58.5,0.15708856870852328,ASR_7685,EPC2022695900,2032-01-15,Cavity wall insulation; Loft insulation; Double glazing
BLD_00014,2020-01-15,F,352.8,86.2,24.82727217832197,ASR_9205,EPC2020469209,2030-01-15,Window replacement; Full insulation upgrade; Heating system upgrade
BLD_00015,2024-01-15,D,211.4,42.2,13.674635212454879,ASR_2890,EPC2024826739,2034-01-15,Double glazing; LED lighting; Efficient boiler
BLD_00015,2022-01-15,D,156.4,46.2,2.2933130520512557,ASR_6935,EPC2022785066,2032-01-15,LED lighting; Efficient boiler; Wall insulation
BLD_00015,2020-01-15,E,308.6,60.7,24.834633132841567,ASR_3052,EPC2020663731,2030-01-15,Loft insulation; Double glazing; Cavity wall insulation
BLD_00016,2024-01-15,E,311.0,79.4,2.861671051580924,ASR_3773,EPC2024317770,2034-01-15,Double glazing; New boiler; Cavity wall insulation
BLD_00016,2022-01-15,E,244.1,70.4,14.205439729259682,ASR_4808,EPC2022161795,2032-01-15,Double glazing; Loft insulation; New boiler
BLD_00016,2020-01-15,F,418.9,105.0,1.0952912989503838,ASR_7660,EPC2020105842,2030-01-15,Window replacement; Full insulation upgrade; Heating system upgrade
BLD_00017,2024-01-15,C,133.4,29.0,14.476727771436236,ASR_7572,EPC2024414754,2034-01-15,Improve insulation; LED lighting; Upgrade windows
BLD_00017,2022-01-15,C,115.6,24.0,17.324639797378357,ASR_1467,EPC2022271993,2032-01-15,LED lighting; Improve insulation; Upgrade windows
BLD_00017,2020-01-15,C,147.1,28.5,4.186476125543747,ASR_6458,EPC2020926874,2030-01-15,Improve insulation; LED lighting; Upgrade windows
BLD_00018,2024-01-15,E,290.3,79.7,23.90260670562339,ASR_8559,EPC2024624513,2034-01-15,Cavity wall insulation; New boiler; Loft insulation
BLD_00018,2022-01-15,E,254.5,73.1,2.0952681467421295,ASR_1529,EPC2022815153,2032-01-15,Double glazing; New boiler; Loft insulation
BLD_00018,2020-01-15,F,338.4,92.5,7.800877440726094,ASR_9803,EPC2020226858,2030-01-15,Heating system upgrade; Full insulation upgrade; Window replacement
BLD_00019,2024-01-15,E,263.4,56.7,2.266577161544591,ASR_2509,EPC2024685410,2034-01-15,Cavity wall insulation; New boiler; Double glazing
BLD_00019,2022-01-15,E,287.4,66.7,19.505219979498474,ASR_4127,EPC2022888432,2032-01-15,Cavity wall insulation; New boiler; Loft insulation
BLD_00019,2020-01-15,F,385.9,106.7,29.83049036687685,ASR_3493,EPC2020782039,2030-01-15,Window replacement; Full insulation upgrade; Heating system upgrade
BLD_00020,2024-01-15,D,211.7,47.0,6.9654352203953485,ASR_8180,EPC2024413337,2034-01-15,Wall insulation; Efficient boiler; Double glazing
BLD_00020,2022-01-15,D,155.6,54.6,27.315184932948682,ASR_6593,EPC2022385320,2032-01-15,Wall insulation; Double glazing; Efficient boiler
BLD_00020,2020-01-15,D,200.2,43.5,5.053680287951748,ASR_8983,EPC2020895302,2030-01-15,Efficient boiler; Wall insulation; LED lighting
BLD_00021,2024-01-15,B,85.1,17.4,8.17844809797482,ASR_1167,EPC2024536089,2034-01-15,Install solar panels; Smart thermostats; Upgrade to heat pump
BLD_00021,2022-01-15,B,82.7,14.9,18.00388880307146,ASR_7479,EPC2022143829,2032-01-15,Smart thermostats; Install solar panels; Upgrade to heat pump
BLD_00021,2020-01-15,B,52.8,11.1,4.767715015012875,ASR_9004,EPC2020169730,2030-01-15,Upgrade to heat pump; Install solar panels; Smart thermostats
BLD_00022,2024-01-15,D,200.5,41.6,19.948142120055717,ASR_2998,EPC2024158894,2034-01-15,Double glazing; Wall insulation; Efficient boiler
BLD_00022,2022-01-15,D,157.3,54.0,0.1152340545436803,ASR_4818,EPC2022320430,2032-01-15,Wall insulation; Efficient boiler; LED lighting
BLD_00022,2020-01-15,E,262.0,68.2,14.28132328783369,ASR_4232,EPC2020842640,2030-01-15,Double glazing; New boiler; Cavity wall insulation
BLD_00023,2024-01-15,D,164.8,35.8,24.139074483527903,ASR_4368,EPC2024309864,2034-01-15,Efficient boiler; LED lighting; Wall insulation
BLD_00023,2022-01-15,D,178.9,36.1,18.783529005157213,ASR_5134,EPC2022327337,2032-01-15,Wall insulation; Double glazing; LED lighting
BLD_00023,2020-01-15,D,216.4,52.2,6.190580986349144,ASR_7366,EPC2020854942,2030-01-15,Efficient boiler; Double glazing; LED lighting
BLD_00024,2024-01-15,F,400.3,80.3,26.411539348541588,ASR_3245,EPC2024435050,2034-01-15,Full insulation upgrade; Window replacement; Heating system upgrade
BLD_00024,2022-01-15,F,409.7,94.3,6.423674694980757,ASR_3824,EPC2022506698,2032-01-15,Heating system upgrade; Full insulation upgrade; Window replacement
BLD_00024,2020-01-15,F,432.9,84.4,22.815540671645255,ASR_8826,EPC2020638322,2030-01-15,Full insulation upgrade; Heating system upgrade; Window replacement
BLD_00025,2024-01-15,B,71.0,19.6,28.29856027357045,ASR_6798,EPC2024924584,2034-01-15,Smart thermostats; Install solar panels; Upgrade to heat pump
BLD_00025,2022-01-15,B,56.7,18.6,3.787195266374659,ASR_1596,EPC2022316943,2032-01-15,Upgrade to heat pump; Install solar panels; Smart thermostats
BLD_00025,2020-01-15,B,74.2,14.1,11.278326652836343,ASR_7121,EPC2020125035,2030-01-15,Install solar panels; Smart thermostats; Upgrade to heat pump
BLD_00026,2024-01-15,B,88.0,18.0,13.648575014801885,ASR_9964,EPC2024404289,2034-01-15,Smart thermostats; Install solar panels; Upgrade to heat pump
BLD_00026,2022-01-15,B,63.3,14.1,18.811281986181232,ASR_2028,EPC2022597567,2032-01-15,Install solar panels; Smart thermostats; Upgrade to heat pump
BLD_00026,2020-01-15,C,140.1,23.3,7.941015131834707,ASR_1634,EPC2020956410,2030-01-15,Improve insulation; Upgrade windows; LED lighting
BLD_00027,2024-01-15,C,103.8,28.6,0.002787357666874657,ASR_6717,EPC2024474236,2034-01-15,Upgrade windows; Improve insulation; LED lighting
BLD_00027,2022-01-15,C,148.8,28.6,20.018957840336398,ASR_4154,EPC2022280426,2032-01-15,Improve insulation; LED lighting; Upgrade windows
BLD_00027,2020-01-15,C,101.8,23.1,3.978845021501174,ASR_8550,EPC2020164251,2030-01-15,LED lighting; Upgrade windows; Improve insulation
BLD_00028,2024-01-15,F,445.3,105.8,23.36740036738287,ASR_9592,EPC2024108789,2034-01-15,Full insulation upgrade; Heating system upgrade; Window replacement
BLD_00028,2022-01-15,F,449.7,80.9,3.2023736837331507,ASR_7799,EPC2022217455,2032-01-15,Heating system upgrade; Full insulation upgrade; Window replacement
BLD_00028,2020-01-15,F,412.6,90.0,19.105003037193104,ASR_9148,EPC2020376705,2030-01-15,Heating system upgrade; Window replacement; Full insulation upgrade
BLD_00029,2024-01-15,E,301.5,59.3,10.342233609218756,ASR_7575,EPC2024213994,2034-01-15,Double glazing; New boiler; Cavity wall insulation
BLD_00029,2022-01-15,E,231.1,76.2,26.973418125727306,ASR_3691,EPC2022810968,2032-01-15,Cavity wall insulation; Double glazing; New boiler
BLD_00029,2020-01-15,E,268.0,60.5,12.656986766600529,ASR_9409,EPC2020802160,2030-01-15,New boiler; Cavity wall insulation; Loft insulation
BLD_00030,2024-01-15,F,337.2,102.0,3.94903192470181,ASR_8831,EPC2024107053,2034-01-15,Window replacement; Heating system upgrade; Full insulation upgrade
BLD_00030,2022-01-15,F,431.4,95.8,25.693601839315725,ASR_6706,EPC2022521730,2032-01-15,Full insulation upgrade; Heating system upgrade; Window replacement
BLD_00030,2020-01-15,G,595.6,196.0,25.921032601503775,ASR_9297,EPC2020535696,2030-01-15,Full HVAC replacement; Insulation throughout; Complete thermal envelope retrofit
BLD_00031,2024-01-15,C,149.9,25.6,12.755103225299413,ASR_3825,EPC2024358051,2034-01-15,Upgrade windows; LED lighting; Improve insulation
BLD_00031,2022-01-15,C,140.2,23.8,13.025546149030035,ASR_2811,EPC2022146266,2032-01-15,LED lighting; Improve insulation; Upgrade windows
BLD_00031,2020-01-15,C,92.3,20.4,27.34403656497964,ASR_7759,EPC2020680746,2030-01-15,Improve insulation; LED lighting; Upgrade windows
BLD_00032,2024-01-15,E,270.8,55.0,5.5974110173462215,ASR_5073,EPC2024145918,2034-01-15,New boiler; Loft insulation; Cavity wall insulation
BLD_00032,2022-01-15,E,263.2,75.8,0.6579261817059867,ASR_3712,EPC2022477818,2032-01-15,New boiler; Loft insulation; Double glazing
BLD_00032,2020-01-15,E,256.2,70.4,12.867531698469147,ASR_1517,EPC2020302635,2030-01-15,New boiler; Loft insulation; Cavity wall insulation
BLD_00033,2024-01-15,C,142.4,31.0,24.117153574995452,ASR_7972,EPC2024714807,2034-01-15,LED lighting; Improve insulation; Upgrade windows
BLD_00033,2022-01-15,C,149.6,24.7,17.363255181106382,ASR_3176,EPC2022978193,2032-01-15,Upgrade windows; Improve insulation; LED lighting
BLD_00033,2020-01-15,D,204.5,40.1,6.976535849965181,ASR_2467,EPC2020864306,2030-01-15,LED lighting; Efficient boiler; Double glazing
BLD_00034,2024-01-15,A,43.6,0.6,4.737260310336557,ASR_7843,EPC2024896442,2034-01-15,Install solar panels; Smart building controls
BLD_00034,2022-01-15,A,5.5,2.1,21.584227665625825,ASR_3999,EPC2022463881,2032-01-15,Smart building controls; Install solar panels
BLD_00034,2020-01-15,B,51.3,12.8,28.675849251766547,ASR_9066,EPC2020204745,2030-01-15,Install solar panels; Upgrade to heat pump; Smart thermostats
BLD_00035,2024-01-15,E,271.8,79.2,11.797686843686826,ASR_1664,EPC2024501777,2034-01-15,Loft insulation; New boiler; Double glazing
BLD_00035,2022-01-15,E,238.4,67.8,11.811491704445508,ASR_6925,EPC2022163380,2032-01-15,New boiler; Double glazing; Loft insulation
BLD_00035,2020-01-15,F,366.1,81.1,28.95936960685667,ASR_7414,EPC2020305884,2030-01-15,Heating system upgrade; Window replacement; Full insulation upgrade
BLD_00036,2024-01-15,C,148.2,23.3,20.725550200597556,ASR_3502,EPC2024248514,2034-01-15,Improve insulation; LED lighting; Upgrade windows
BLD_00036,2022-01-15,C,105.2,22.3,16.806392891047043,ASR_3527,EPC2022852201,2032-01-15,LED lighting; Improve insulation; Upgrade windows
BLD_00036,2020-01-15,D,182.4,42.5,24.631586571431423,ASR_6530,EPC2020321316,2030-01-15,Efficient boiler; LED lighting; Wall insulation
BLD_00037,2024-01-15,C,105.9,23.1,3.233442981254285,ASR_5935,EPC2024343259,2034-01-15,LED lighting; Upgrade windows; Improve insulation
BLD_00037,2022-01-15,C,136.9,28.1,0.8406121356791696,ASR_6141,EPC2022845281,2032-01-15,LED lighting; Improve insulation; Upgrade windows
BLD_00037,2020-01-15,D,210.3,54.2,4.58971915083847,ASR_2469,EPC2020778044,2030-01-15,LED lighting; Double glazing; Efficient boiler
BLD_00038,2024-01-15,E,296.4,74.8,6.033752538279203,ASR_4696,EPC2024851720,2034-01-15,Loft insulation; Cavity wall insulation; New boiler
BLD_00038,2022-01-15,E,319.8,66.5,18.00259882099693,ASR_2037,EPC2022654020,2032-01-15,Double glazing; Loft insulation; Cavity wall insulation
BLD_00038,2020-01-15,F,444.3,94.5,11.569282359251062,ASR_1711,EPC2020543014,2030-01-15,Heating system upgrade; Window replacement; Full insulation upgrade
BLD_00039,2024-01-15,A,22.6,0.8,0.4316612913229134,ASR_6376,EPC2024887074,2034-01-15,Smart building controls; Install solar panels
BLD_00039,2022-01-15,A,40.5,7.9,23.84415103330422,ASR_4376,EPC2022546120,2032-01-15,Smart building controls; Install solar panels
BLD_00039,2020-01-15,B,89.3,11.0,5.4667563124268,ASR_4565,EPC2020769196,2030-01-15,Upgrade to heat pump; Smart thermostats; Install solar panels
BLD_00040,2024-01-15,F,338.4,90.8,12.278104787715415,ASR_9908,EPC2024711731,2034-01-15,Full insulation upgrade; Heating system upgrade; Window replacement
BLD_00040,2022-01-15,F,387.1,89.4,1.7979748016103403,ASR_9108,EPC2022355218,2032-01-15,Full insulation upgrade; Window replacement; Heating system upgrade
BLD_00040,2020-01-15,F,425.8,86.5,13.84437384221149,ASR_4104,EPC2020889195,2030-01-15,Full insulation upgrade; Window replacement; Heating system upgrade
BLD_00041,2024-01-15,D,172.1,40.7,24.55080987988593,ASR_3027,EPC2024205985,2034-01-15,LED lighting; Wall insulation; Efficient boiler
BLD_00041,2022-01-15,D,187.1,35.1,20.06070310526367,ASR_4825,EPC2022421622,2032-01-15,Double glazing; LED lighting; Efficient boiler
BLD_00041,2020-01-15,D,207.9,45.6,8.316823300723689,ASR_7877,EPC2020662917,2030-01-15,Wall insulation; Double glazing; Efficient boiler
BLD_00042,2024-01-15,A,10.8,10.0,12.001863402988961,ASR_4178,EPC2024567296,2034-01-15,Install solar panels; Smart building controls
BLD_00042,2022-01-15,A,47.1,2.9,5.948535250577011,ASR_4026,EPC2022533343,2032-01-15,Smart building controls; Install solar panels
BLD_00042,2020-01-15,B,86.7,13.8,6.716302749397948,ASR_2853,EPC2020947605,2030-01-15,Install solar panels; Upgrade to heat pump; Smart thermostats
BLD_00043,2024-01-15,E,253.2,56.9,22.119715011177554,ASR_2382,EPC2024702848,2034-01-15,Loft insulation; Cavity wall insulation; Double glazing
BLD_00043,2022-01-15,E,283.9,59.4,4.809663064303686,ASR_8596,EPC2022198195,2032-01-15,Cavity wall insulation; New boiler; Double glazing
BLD_00043,2020-01-15,F,432.3,100.8,12.596160687153908,ASR_1348,EPC2020654567,2030-01-15,Full insulation upgrade; Window replacement; Heating system upgrade
BLD_00044,2024-01-15,F,417.0,83.3,14.144279323964849,ASR_1091,EPC2024505132,2034-01-15,Heating system upgrade; Window replacement; Full insulation upgrade
BLD_00044,2022-01-15,F,411.3,90.3,19.355995176964385,ASR_1848,EPC2022207957,2032-01-15,Window replacement; Heating system upgrade; Full insulation upgrade
BLD_00044,2020-01-15,F,369.4,86.0,13.463049033592046,ASR_1759,EPC2020219996,2030-01-15,Window replacement; Full insulation upgrade; Heating system upgrade
BLD_00045,2024-01-15,F,365.3,109.9,8.251850198200788,ASR_8349,EPC2024400533,2034-01-15,Heating system upgrade; Full insulation upgrade; Window replacement
BLD_00045,2022-01-15,F,381.8,93.3,28.76306992796326,ASR_7815,EPC2022234921,2032-01-15,Full insulation upgrade; Window replacement; Heating system upgrade
BLD_00045,2020-01-15,F,413.0,94.1,9.640582965958787,ASR_2168,EPC2020924629,2030-01-15,Window replacement; Full insulation upgrade; Heating system upgrade
BLD_00046,2024-01-15,F,386.1,86.6,28.177003355793406,ASR_7785,EPC2024861241,2034-01-15,Heating system upgrade; Full insulation upgrade; Window replacement
BLD_00046,2022-01-15,F,441.4,101.9,0.8483145219489385,ASR_8257,EPC2022103616,2032-01-15,Full insulation upgrade; Window replacement; Heating system upgrade
BLD_00046,2020-01-15,F,375.4,81.0,18.430880229143487,ASR_3776,EPC2020754211,2030-01-15,Heating system upgrade; Window replacement; Full insulation upgrade
BLD_00047,2024-01-15,C,104.7,31.5,5.0494580651240115,ASR_8034,EPC2024132640,2034-01-15,LED lighting; Upgrade windows; Improve insulation
BLD_00047,2022-01-15,C,99.9,26.3,14.416966727197664,ASR_9459,EPC2022319977,2032-01-15,Improve insulation; Upgrade windows; LED lighting
BLD_00047,2020-01-15,C,113.0,22.7,17.710664618083037,ASR_2416,EPC2020489577,2030-01-15,Improve insulation; LED lighting; Upgrade windows
BLD_00048,2024-01-15,B,54.9,17.5,29.69843039262769,ASR_7780,EPC2024556662,2034-01-15,Upgrade to heat pump; Smart thermostats; Install solar panels
BLD_00048,2022-01-15,B,79.9,19.2,8.336545267826931,ASR_1525,EPC2022240957,2032-01-15,Upgrade to heat pump; Smart thermostats; Install solar panels
BLD_00048,2020-01-15,C,126.8,28.2,2.171115852812907,ASR_4420,EPC2020860425,2030-01-15,Upgrade windows; LED lighting; Improve insulation
BLD_00049,2024-01-15,E,316.0,71.8,15.002791974686625,ASR_2663,EPC2024512773,2034-01-15,Loft insulation; New boiler; Double glazing
BLD_00049,2022-01-15,E,232.9,55.6,24.192091720153222,ASR_8765,EPC2022237152,2032-01-15,Double glazing; Cavity wall insulation; Loft insulation
BLD_00049,2020-01-15,E,307.5,74.3,28.28954549776438,ASR_5487,EPC2020662357,2030-01-15,Double glazing; Loft insulation; Cavity wall insulation
BLD_00050,2024-01-15,B,55.8,17.7,15.918378217231187,ASR_3150,EPC2024965748,2034-01-15,Upgrade to heat pump; Install solar panels; Smart thermostats
BLD_00050,2022-01-15,B,75.6,19.4,10.781526257806087,ASR_9017,EPC2022683558,2032-01-15,Upgrade to heat pump; Install solar panels; Smart thermostats
BLD_00050,2020-01-15,B,55.1,15.4,25.54461927848784,ASR_1388,EPC2020414679,2030-01-15,Upgrade to heat pump; Install solar panels; Smart thermostats
BLD_00051,2024-01-15,C,129.0,27.9,2.808217024640353,ASR_8418,EPC2024682484,2034-01-15,LED lighting; Improve insulation; Upgrade windows
BLD_00051,2022-01-15,C,116.7,31.0,4.681800237316379,ASR_1919,EPC2022694947,2032-01-15,LED lighting; Upgrade windows; Improve insulation
BLD_00051,2020-01-15,C,133.1,25.9,12.006031296984244,ASR_8295,EPC2020112321,2030-01-15,Upgrade windows; Improve insulation; LED lighting
BLD_00052,2024-01-15,E,315.4,60.5,8.670671472162027,ASR_9198,EPC2024848400,2034-01-15,Loft insulation; Double glazing; New boiler
BLD_00052,2022-01-15,E,290.0,57.7,17.113650754746715,ASR_8733,EPC2022697829,2032-01-15,Cavity wall insulation; Loft insulation; New boiler
BLD_00052,2020-01-15,E,327.0,72.8,27.723815160952718,ASR_7346,EPC2020994502,2030-01-15,New boiler; Double glazing; Cavity wall insulation
BLD_00053,2024-01-15,F,419.0,86.9,28.193360997772754,ASR_6786,EPC2024786727,2034-01-15,Heating system upgrade; Window replacement; Full insulation upgrade
BLD_00053,2022-01-15,F,429.9,86.5,29.35912200621598,ASR_5910,EPC2022642727,2032-01-15,Window replacement; Full insulation upgrade; Heating system upgrade
BLD_00053,2020-01-15,F,433.3,104.3,14.18286801090507,ASR_9593,EPC2020593878,2030-01-15,Full insulation upgrade; Window replacement; Heating system upgrade
BLD_00054,2024-01-15,E,260.2,74.7,26.572390656455585,ASR_3882,EPC2024618247,2034-01-15,Double glazing; Cavity wall insulation; New boiler
BLD_00054,2022-01-15,E,259.7,72.0,2.1485513014054303,ASR_8488,EPC2022536308,2032-01-15,Cavity wall insulation; New boiler; Loft insulation
BLD_00054,2020-01-15,E,292.6,57.6,5.567064798367378,ASR_9378,EPC2020337779,2030-01-15,Cavity wall insulation; New boiler; Loft insulation
BLD_00055,2024-01-15,B,52.8,16.4,9.549181621521157,ASR_6235,EPC2024746450,2034-01-15,Install solar panels; Upgrade to heat pump; Smart thermostats
BLD_00055,2022-01-15,B,75.4,11.7,14.408547069631005,ASR_7252,EPC2022553805,2032-01-15,Smart thermostats; Install solar panels; Upgrade to heat pump
BLD_00055,2020-01-15,B,72.8,12.3,16.11778387063519,ASR_2528,EPC2020696305,2030-01-15,Install solar panels; Upgrade to heat pump; Smart thermostats
BLD_00056,2024-01-15,C,97.8,26.2,29.515599988078698,ASR_1220,EPC2024138607,2034-01-15,Upgrade windows; LED lighting; Improve insulation
BLD_00056,2022-01-15,C,94.2,31.0,24.44798252902886,ASR_6925,EPC2022964521,2032-01-15,Upgrade windows; Improve insulation; LED lighting
BLD_00056,2020-01-15,D,216.7,54.9,2.6029091807347315,ASR_2667,EPC2020816017,2030-01-15,Efficient boiler; LED lighting; Wall insulation
BLD_00057,2024-01-15,C,105.6,20.5,27.01740154376524,ASR_6394,EPC2024757462,2034-01-15,Upgrade windows; LED lighting; Improve insulation
BLD_00057,2022-01-15,C,120.9,27.4,15.25977349134074,ASR_9363,EPC2022564306,2032-01-15,LED lighting; Upgrade windows; Improve insulation
BLD_00057,2020-01-15,D,205.8,53.2,18.40027271735079,ASR_4893,EPC2020177666,2030-01-15,Double glazing; LED lighting; Wall insulation
BLD_00058,2024-01-15,E,266.0,66.6,3.7496810393279825,ASR_1834,EPC2024796244,2034-01-15,Cavity wall insulation; Double glazing; New boiler
BLD_00058,2022-01-15,E,294.3,66.6,25.764247528176647,ASR_5714,EPC2022744414,2032-01-15,New boiler; Cavity wall insulation; Double glazing
BLD_00058,2020-01-15,F,413.3,94.5,5.188463409035863,ASR_6984,EPC2020591046,2030-01-15,Heating system upgrade; Window replacement; Full insulation upgrade
BLD_00059,2024-01-15,B,66.1,14.6,20.016934820022403,ASR_1993,EPC2024109846,2034-01-15,Install solar panels; Smart thermostats; Upgrade to heat pump
BLD_00059,2022-01-15,B,63.0,19.5,25.283747773112264,ASR_8455,EPC2022809175,2032-01-15,Smart thermostats; Upgrade to heat pump; Install solar panels
BLD_00059,2020-01-15,C,135.6,20.7,6.773948410983475,ASR_5328,EPC2020708325,2030-01-15,Upgrade windows; LED lighting; Improve insulation
BLD_00060,2024-01-15,D,225.0,53.2,27.434567732225492,ASR_3046,EPC2024181081,2034-01-15,LED lighting; Wall insulation; Double glazing
BLD_00060,2022-01-15,D,172.6,38.3,0.5819179648245298,ASR_8645,EPC2022450483,2032-01-15,LED lighting; Double glazing; Wall insulation
BLD_00060,2020-01-15,E,321.5,62.5,24.321080550792217,ASR_4903,EPC2020711135,2030-01-15,Double glazing; Cavity wall insulation; Loft insulation
BLD_00061,2024-01-15,E,277.7,74.9,0.5528557323679784,ASR_4277,EPC2024204251,2034-01-15,Double glazing; Loft insulation; New boiler
BLD_00061,2022-01-15,E,289.2,59.0,12.470502579450125,ASR_7081,EPC2022396926,2032-01-15,Double glazing; New boiler; Cavity wall insulation
BLD_00061,2020-01-15,E,315.2,58.6,19.94359062408887,ASR_3269,EPC2020493162,2030-01-15,New boiler; Loft insulation; Double glazing
BLD_00062,2024-01-15,F,445.0,104.6,20.016670250308053,ASR_1907,EPC2024187203,2034-01-15,Window replacement; Heating system upgrade; Full insulation upgrade
BLD_00062,2022-01-15,F,338.4,97.6,5.77579369288268,ASR_5225,EPC2022926048,2032-01-15,Window replacement; Full insulation upgrade; Heating system upgrade
BLD_00062,2020-01-15,F,432.6,80.0,20.177578420907317,ASR_9388,EPC2020246728,2030-01-15,Heating system upgrade; Full insulation upgrade; Window replacement
BLD_00063,2024-01-15,F,369.6,84.9,9.94249873738241,ASR_3618,EPC2024832043,2034-01-15,Full insulation upgrade; Heating system upgrade; Window replacement
BLD_00063,2022-01-15,F,368.9,105.1,5.793196182870734,ASR_8471,EPC2022779395,2032-01-15,Window replacement; Heating system upgrade; Full insulation upgrade
BLD_00063,2020-01-15,G,772.4,176.6,28.63940962391421,ASR_6014,EPC2020621083,2030-01-15,Full HVAC replacement; Complete thermal envelope retrofit; Insulation throughout
BLD_00064,2024-01-15,F,414.7,92.9,14.99167185241409,ASR_8983,EPC2024905474,2034-01-15,Heating system upgrade; Window replacement; Full insulation upgrade
BLD_00064,2022-01-15,F,407.5,94.6,25.73477111447542,ASR_4140,EPC2022704565,2032-01-15,Heating system upgrade; Full insulation upgrade; Window replacement
BLD_00064,2020-01-15,G,462.4,156.8,20.828427614680734,ASR_5000,EPC2020519752,2030-01-15,Insulation throughout; Full HVAC replacement; Complete thermal envelope retrofit
BLD_00065,2024-01-15,D,197.3,36.9,3.4967999362638205,ASR_1929,EPC2024835192,2034-01-15,Efficient boiler; LED lighting; Wall insulation
BLD_00065,2022-01-15,D,182.8,43.5,15.350357877393378,ASR_6267,EPC2022725427,2032-01-15,Double glazing; Wall insulation; Efficient boiler
BLD_00065,2020-01-15,D,178.6,46.5,3.533533550816795,ASR_4434,EPC2020154856,2030-01-15,LED lighting; Efficient boiler; Wall insulation
BLD_00066,2024-01-15,C,140.9,34.5,4.891044188310981,ASR_9918,EPC2024731544,2034-01-15,Upgrade windows; LED lighting; Improve insulation
BLD_00066,2022-01-15,C,91.7,29.9,12.697218483202377,ASR_3648,EPC2022350768,2032-01-15,LED lighting; Upgrade windows; Improve insulation
BLD_00066,2020-01-15,D,226.7,43.4,0.9532124895281413,ASR_7759,EPC2020125196,2030-01-15,Efficient boiler; Wall insulation; LED lighting
BLD_00067,2024-01-15,F,364.8,104.0,8.180734060380608,ASR_6157,EPC2024394450,2034-01-15,Window replacement; Heating system upgrade; Full insulation upgrade
BLD_00067,2022-01-15,F,333.4,86.9,0.20835865688923483,ASR_2412,EPC2022197219,2032-01-15,Heating system upgrade; Window replacement; Full insulation upgrade
BLD_00067,2020-01-15,F,389.6,84.5,6.616394736321441,ASR_9563,EPC2020494691,2030-01-15,Heating system upgrade; Window replacement; Full insulation upgrade
BLD_00068,2024-01-15,E,276.1,74.4,7.737312639257197,ASR_1642,EPC2024868019,2034-01-15,Double glazing; Cavity wall insulation; Loft insulation
BLD_00068,2022-01-15,E,273.3,63.6,19.41888350587015,ASR_5452,EPC2022587571,2032-01-15,Double glazing; New boiler; Loft insulation
BLD_00068,2020-01-15,F,344.7,90.3,16.739399850392118,ASR_8900,EPC2020896976,2030-01-15,Heating system upgrade; Full insulation upgrade; Window replacement
BLD_00069,2024-01-15,F,367.2,98.7,11.452824270836986,ASR_1011,EPC2024414210,2034-01-15,Heating system upgrade; Full insulation upgrade; Window replacement
BLD_00069,2022-01-15,F,378.3,93.2,13.786675802688137,ASR_3007,EPC2022788991,2032-01-15,Heating system upgrade; Full insulation upgrade; Window replacement
BLD_00069,2020-01-15,F,352.4,83.5,10.140876407387792,ASR_4895,EPC2020862340,2030-01-15,Heating system upgrade; Window replacement; Full insulation upgrade
BLD_00070,2024-01-15,F,422.1,85.7,3.5708106715311505,ASR_5459,EPC2024489511,2034-01-15,Window replacement; Full insulation upgrade; Heating system upgrade
BLD_00070,2022-01-15,F,364.6,84.5,4.482690347777762,ASR_3024,EPC2022106950,2032-01-15,Heating system upgrade; Full insulation upgrade; Window replacement
BLD_00070,2020-01-15,G,770.7,190.0,6.7866237593153445,ASR_2785,EPC2020931342,2030-01-15,Full HVAC replacement; Complete thermal envelope retrofit; Insulation throughout
BLD_00071,2024-01-15,E,311.4,68.9,28.797993186352954,ASR_9919,EPC2024938281,2034-01-15,New boiler; Cavity wall insulation; Loft insulation
BLD_00071,2022-01-15,E,315.5,59.8,18.234168426751815,ASR_1212,EPC2022812587,2032-01-15,Double glazing; Loft insulation; Cavity wall insulation
BLD_00071,2020-01-15,F,433.9,81.0,2.2498762790853255,ASR_4669,EPC2020739410,2030-01-15,Full insulation upgrade; Window replacement; Heating system upgrade
BLD_00072,2024-01-15,D,167.0,53.6,9.856897442028108,ASR_5665,EPC2024823622,2034-01-15,Wall insulation; Double glazing; Efficient boiler
BLD_00072,2022-01-15,D,188.3,45.3,18.430173622792417,ASR_4098,EPC2022223400,2032-01-15,LED lighting; Efficient boiler; Wall insulation
BLD_00072,2020-01-15,E,310.4,61.4,22.180714074125095,ASR_2355,EPC2020548814,2030-01-15,Double glazing; New boiler; Loft insulation
BLD_00073,2024-01-15,F,397.3,93.4,5.086791502752223,ASR_2028,EPC2024686780,2034-01-15,Heating system upgrade; Full insulation upgrade; Window replacement
BLD_00073,2022-01-15,F,444.3,93.5,2.9801905347460256,ASR_7753,EPC2022910470,2032-01-15,Window replacement; Heating system upgrade; Full insulation upgrade
BLD_00073,2020-01-15,F,419.7,88.2,25.299706042792966,ASR_3213,EPC2020875053,2030-01-15,Full insulation upgrade; Heating system upgrade; Window replacement
BLD_00074,2024-01-15,E,236.5,72.8,16.331191846227103,ASR_1537,EPC2024916901,2034-01-15,New boiler; Cavity wall insulation; Double glazing
BLD_00074,2022-01-15,E,249.0,64.8,10.95074185507111,ASR_5060,EPC2022335164,2032-01-15,Double glazing; Cavity wall insulation; New boiler
BLD_00074,2020-01-15,E,261.6,72.7,11.049135111250576,ASR_5958,EPC2020302907,2030-01-15,Double glazing; New boiler; Cavity wall insulation
BLD_00075,2024-01-15,B,60.8,11.9,20.223341479240098,ASR_8122,EPC2024511110,2034-01-15,Install solar panels; Upgrade to heat pump; Smart thermostats
BLD_00075,2022-01-15,B,89.2,16.0,27.63069862142288,ASR_6386,EPC2022552035,2032-01-15,Smart thermostats; Install solar panels; Upgrade to heat pump
BLD_00075,2020-01-15,C,128.8,21.5,11.196309937617286,ASR_8756,EPC2020675462,2030-01-15,Improve insulation; LED lighting; Upgrade windows
BLD_00076,2024-01-15,C,138.0,20.6,15.20036603731323,ASR_4683,EPC2024140721,2034-01-15,Upgrade windows; LED lighting; Improve insulation
BLD_00076,2022-01-15,C,109.1,31.1,12.29667639644281,ASR_9352,EPC2022947760,2032-01-15,Improve insulation; Upgrade windows; LED lighting
BLD_00076,2020-01-15,D,159.1,46.1,20.567729479958356,ASR_9169,EPC2020706851,2030-01-15,LED lighting; Double glazing; Wall insulation
BLD_00077,2024-01-15,D,177.1,42.1,23.7942476450602,ASR_9616,EPC2024853052,2034-01-15,Double glazing; LED lighting; Efficient boiler
BLD_00077,2022-01-15,D,188.5,40.5,6.188340699289032,ASR_4443,EPC2022433809,2032-01-15,Efficient boiler; Wall insulation; LED lighting
BLD_00077,2020-01-15,E,249.4,74.7,21.463547149404715,ASR_9520,EPC2020326438,2030-01-15,Double glazing; New boiler; Cavity wall insulation
BLD_00078,2024-01-15,B,68.7,16.8,19.360643221330612,ASR_8074,EPC2024923260,2034-01-15,Smart thermostats; Install solar panels; Upgrade to heat pump
BLD_00078,2022-01-15,B,65.2,14.8,9.158698040593915,ASR_8074,EPC2022311989,2032-01-15,Smart thermostats; Upgrade to heat pump; Install solar panels
BLD_00078,2020-01-15,B,82.0,10.9,7.415151235970043,ASR_4178,EPC2020193283,2030-01-15,Smart thermostats; Upgrade to heat pump; Install solar panels
BLD_00079,2024-01-15,B,76.3,17.5,12.086233077475574,ASR_1393,EPC2024152740,2034-01-15,Install solar panels; Upgrade to heat pump; Smart thermostats
BLD_00079,2022-01-15,B,66.0,19.8,11.318573938511209,ASR_6056,EPC2022821245,2032-01-15,Smart thermostats; Upgrade to heat pump; Install solar panels
BLD_00079,2020-01-15,B,77.2,15.7,9.278902980021,ASR_9487,EPC2020528316,2030-01-15,Smart thermostats; Upgrade to heat pump; Install solar panels
BLD_00080,2024-01-15,E,325.1,75.0,21.570456792872132,ASR_8551,EPC2024151405,2034-01-15,Double glazing; Loft insulation; New boiler
BLD_00080,2022-01-15,E,286.7,77.8,16.684519664691155,ASR_4198,EPC2022761394,2032-01-15,Cavity wall insulation; Double glazing; Loft insulation
BLD_00080,2020-01-15,E,274.8,71.5,0.7571952733186416,ASR_5878,EPC2020669402,2030-01-15,Cavity wall insulation; Double glazing; New boiler
BLD_00081,2024-01-15,F,376.8,93.0,14.071393157217567,ASR_2633,EPC2024142321,2034-01-15,Window replacement; Full insulation upgrade; Heating system upgrade
BLD_00081,2022-01-15,F,368.0,103.2,24.519237767228944,ASR_4766,EPC2022697479,2032-01-15,Full insulation upgrade; Heating system upgrade; Window replacement
BLD_00081,2020-01-15,G,709.7,188.7,15.922169690332858,ASR_7714,EPC2020749039,2030-01-15,Insulation throughout; Full HVAC replacement; Complete thermal envelope retrofit
BLD_00082,2024-01-15,A,6.4,5.0,0.8357660600458994,ASR_6072,EPC2024798384,2034-01-15,Install solar panels; Smart building controls
BLD_00082,2022-01-15,A,45.0,0.3,19.057371876080413,ASR_4953,EPC2022382957,2032-01-15,Smart building controls; Install solar panels
BLD_00082,2020-01-15,A,5.3,1.0,19.90867859827117,ASR_1206,EPC2020882790,2030-01-15,Smart building controls; Install solar panels
BLD_00083,2024-01-15,B,53.5,16.4,0.9207286868397235,ASR_7272,EPC2024211228,2034-01-15,Smart thermostats; Install solar panels; Upgrade to heat pump
BLD_00083,2022-01-15,B,51.4,15.3,16.04723990893099,ASR_8181,EPC2022242409,2032-01-15,Upgrade to heat pump; Smart thermostats; Install solar panels
BLD_00083,2020-01-15,B,87.1,17.1,16.517417268414462,ASR_9996,EPC2020205065,2030-01-15,Upgrade to heat pump; Smart thermostats; Install solar panels
BLD_00084,2024-01-15,E,276.4,64.4,19.95277662396462,ASR_7384,EPC2024910442,2034-01-15,Loft insulation; New boiler; Double glazing
BLD_00084,2022-01-15,E,325.9,61.3,12.538999406249609,ASR_3946,EPC2022326072,2032-01-15,Double glazing; Cavity wall insulation; New boiler
BLD_00084,2020-01-15,F,408.2,88.4,16.80799143554816,ASR_8272,EPC2020888633,2030-01-15,Heating system upgrade; Full insulation upgrade; Window replacement
BLD_00085,2024-01-15,F,338.6,83.7,28.18965738671073,ASR_1161,EPC2024130998,2034-01-15,Full insulation upgrade; Window replacement; Heating system upgrade
BLD_00085,2022-01-15,F,393.3,106.7,20.634175898963456,ASR_9682,EPC2022515370,2032-01-15,Window replacement; Heating system upgrade; Full insulation upgrade
BLD_00085,2020-01-15,G,552.8,135.0,11.350817398323409,ASR_7177,EPC2020105150,2030-01-15,Full HVAC replacement; Complete thermal envelope retrofit; Insulation throughout
BLD_00086,2024-01-15,F,377.6,109.5,6.964036876236004,ASR_2093,EPC2024434042,2034-01-15,Heating system upgrade; Window replacement; Full insulation upgrade
BLD_00086,2022-01-15,F,436.3,83.8,12.556251225064457,ASR_5632,EPC2022502600,2032-01-15,Window replacement; Full insulation upgrade; Heating system upgrade
BLD_00086,2020-01-15,F,382.3,80.6,20.81114103824959,ASR_2761,EPC2020435830,2030-01-15,Heating system upgrade; Window replacement; Full insulation upgrade
BLD_00087,2024-01-15,B,77.5,11.4,12.429542438433877,ASR_4865,EPC2024186934,2034-01-15,Upgrade to heat pump; Install solar panels; Smart thermostats
BLD_00087,2022-01-15,B,86.2,11.2,6.175809639622708,ASR_6642,EPC2022455692,2032-01-15,Smart thermostats; Install solar panels; Upgrade to heat pump
BLD_00087,2020-01-15,B,86.2,17.8,24.657074924602863,ASR_3198,EPC2020638886,2030-01-15,Upgrade to heat pump; Smart thermostats; Install solar panels
BLD_00088,2024-01-15,F,417.1,102.5,28.954057605478585,ASR_2179,EPC2024292323,2034-01-15,Heating system upgrade; Window replacement; Full insulation upgrade
BLD_00088,2022-01-15,F,403.1,99.2,18.224821285443653,ASR_7633,EPC2022802733,2032-01-15,Full insulation upgrade; Heating system upgrade; Window replacement
BLD_00088,2020-01-15,F,433.3,107.5,10.012374086930475,ASR_5884,EPC2020368085,2030-01-15,Full insulation upgrade; Heating system upgrade; Window replacement
BLD_00089,2024-01-15,B,53.3,11.9,1.363256963062135,ASR_7806,EPC2024570217,2034-01-15,Upgrade to heat pump; Smart thermostats; Install solar panels
BLD_00089,2022-01-15,B,62.7,15.5,16.58371980113588,ASR_1460,EPC2022968162,2032-01-15,Upgrade to heat pump; Install solar panels; Smart thermostats
BLD_00089,2020-01-15,B,68.0,18.8,16.70237878804812,ASR_3549,EPC2020217062,2030-01-15,Install solar panels; Upgrade to heat pump; Smart thermostats
BLD_00090,2024-01-15,F,377.7,108.5,12.31193927962687,ASR_3860,EPC2024949073,2034-01-15,Full insulation upgrade; Window replacement; Heating system upgrade
BLD_00090,2022-01-15,F,347.4,107.7,10.106721618346594,ASR_3398,EPC2022546967,2032-01-15,Heating system upgrade; Full insulation upgrade; Window replacement
BLD_00090,2020-01-15,G,465.1,147.4,1.9517938927588208,ASR_9673,EPC2020403133,2030-01-15,Complete thermal envelope retrofit; Insulation throughout; Full HVAC replacement
BLD_00091,2024-01-15,F,339.0,92.6,8.404791848162263,ASR_5443,EPC2024899331,2034-01-15,Heating system upgrade; Full insulation upgrade; Window replacement
BLD_00091,2022-01-15,F,430.3,87.6,29.95697680257855,ASR_6195,EPC2022405808,2032-01-15,Heating system upgrade; Window replacement; Full insulation upgrade
BLD_00091,2020-01-15,F,363.0,102.6,4.375660596846679,ASR_4749,EPC2020983906,2030-01-15,Full insulation upgrade; Window replacement; Heating system upgrade
BLD_00092,2024-01-15,F,369.4,84.0,19.81710805130852,ASR_1394,EPC2024451575,2034-01-15,Heating system upgrade; Full insulation upgrade; Window replacement
BLD_00092,2022-01-15,F,404.9,83.6,0.7268600496154121,ASR_8377,EPC2022266625,2032-01-15,Heating system upgrade; Full insulation upgrade; Window replacement
BLD_00092,2020-01-15,G,642.1,169.5,18.160171737378988,ASR_4836,EPC2020429018,2030-01-15,Insulation throughout; Full HVAC replacement; Complete thermal envelope retrofit
BLD_00093,2024-01-15,E,301.7,69.5,8.181071171498836,ASR_3581,EPC2024871102,2034-01-15,Double glazing; Loft insulation; Cavity wall insulation
BLD_00093,2022-01-15,E,271.0,65.6,18.30382783866812,ASR_1509,EPC2022926235,2032-01-15,Loft insulation; Double glazing; New boiler
BLD_00093,2020-01-15,F,361.7,85.2,27.13405760458276,ASR_5677,EPC2020306093,2030-01-15,Heating system upgrade; Window replacement; Full insulation upgrade
BLD_00094,2024-01-15,B,55.2,10.9,21.783826982823452,ASR_3897,EPC2024680107,2034-01-15,Upgrade to heat pump; Install solar panels; Smart thermostats
BLD_00094,2022-01-15,B,58.2,19.5,17.756100251276177,ASR_3474,EPC2022216124,2032-01-15,Install solar panels; Upgrade to heat pump; Smart thermostats
BLD_00094,2020-01-15,B,79.8,16.2,16.042086084644783,ASR_4215,EPC2020543363,2030-01-15,Install solar panels; Smart thermostats; Upgrade to heat pump
BLD_00095,2024-01-15,D,154.6,46.1,15.77583096387267,ASR_3412,EPC2024311023,2034-01-15,Double glazing; Wall insulation; LED lighting
BLD_00095,2022-01-15,D,157.5,50.9,17.423670338542934,ASR_3780,EPC2022408915,2032-01-15,LED lighting; Double glazing; Wall insulation
BLD_00095,2020-01-15,E,266.2,68.1,27.665758743026903,ASR_3270,EPC2020209379,2030-01-15,Cavity wall insulation; New boiler; Loft insulation
BLD_00096,2024-01-15,F,418.7,81.8,21.709131465051904,ASR_6640,EPC2024438844,2034-01-15,Full insulation upgrade; Heating system upgrade; Window replacement
BLD_00096,2022-01-15,F,426.7,83.0,27.70894734742268,ASR_5485,EPC2022863923,2032-01-15,Full insulation upgrade; Heating system upgrade; Window replacement
BLD_00096,2020-01-15,F,402.4,94.9,21.147226157616984,ASR_5831,EPC2020774619,2030-01-15,Window replacement; Full insulation upgrade; Heating system upgrade
BLD_00097,2024-01-15,F,339.3,92.2,12.072712122246188,ASR_8522,EPC2024819634,2034-01-15,Window replacement; Full insulation upgrade; Heating system upgrade
BLD_00097,2022-01-15,F,336.6,88.1,8.163322805197376,ASR_1024,EPC2022906041,2032-01-15,Full insulation upgrade; Heating system upgrade; Window replacement
BLD_00097,2020-01-15,G,678.9,140.8,11.354703089830036,ASR_5982,EPC2020583852,2030-01-15,Full HVAC replacement; Insulation throughout; Complete thermal envelope retrofit
BLD_00098,2024-01-15,E,250.5,63.7,22.264932203863566,ASR_8085,EPC2024441726,2034-01-15,Double glazing; Cavity wall insulation; New boiler
BLD_00098,2022-01-15,E,249.7,60.6,0.5701511380782165,ASR_7886,EPC2022843920,2032-01-15,New boiler; Double glazing; Loft insulation
BLD_00098,2020-01-15,F,416.5,81.3,26.797587120120166,ASR_9495,EPC2020278982,2030-01-15,Heating system upgrade; Window replacement; Full insulation upgrade
BLD_00099,2024-01-15,F,373.6,82.2,21.876679200144803,ASR_6536,EPC2024205376,2034-01-15,Full insulation upgrade; Heating system upgrade; Window replacement
BLD_00099,2022-01-15,F,401.0,93.3,1.6533057834840115,ASR_3454,EPC2022407669,2032-01-15,Full insulation upgrade; Window replacement; Heating system upgrade
BLD_00099,2020-01-15,F,406.5,86.0,17.011894948430253,ASR_7874,EPC2020535026,2030-01-15,Window replacement; Full insulation upgrade; Heating system upgrade
BLD_00100,2024-01-15,B,51.7,16.8,19.041009086921715,ASR_2291,EPC2024698710,2034-01-15,Smart thermostats; Upgrade to heat pump; Install solar panels
BLD_00100,2022-01-15,B,66.2,13.2,24.17267336896958,ASR_2789,EPC2022378459,2032-01-15,Upgrade to heat pump; Smart thermostats; Install solar panels
BLD_00100,2020-01-15,B,50.8,14.5,15.550901066931482,ASR_4779,EPC2020257614,2030-01-15,Smart thermostats; Install solar panels; Upgrade to heat pump
