temperature_c,mass_fraction,dtg
25.00,1.001515,0.004339
25.44,0.999616,0.007330
25.88,0.995098,0.003522
26.31,0.996533,-0.005215
26.75,0.999664,0.002977
27.19,0.993926,-0.003447
27.63,1.002681,0.001891
28.06,0.992271,0.004718
28.50,0.998551,-0.011674
28.94,1.002490,-0.001041
29.38,0.999462,-0.000738
29.81,1.003137,0.001134
30.25,0.998469,0.010540
30.69,0.993910,-0.003144
31.13,1.001221,-0.000094
31.57,0.993992,0.009271
32.00,0.993104,-0.008736
32.44,1.001640,-0.008736
32.88,1.000753,0.005250
33.32,0.997044,0.007008
33.75,0.994618,-0.001709
34.19,0.998540,-0.010675
34.63,1.003963,0.003252
35.07,0.995693,0.009222
35.51,0.995890,-0.000117
35.94,0.995796,-0.004774
36.38,1.000069,-0.004421
36.82,0.999666,0.006014
37.26,0.994804,-0.001244
37.69,1.000754,-0.001588
38.13,0.996195,0.008497
38.57,0.993316,-0.011294
39.01,1.006082,-0.004522
39.44,0.997275,0.008488
39.88,0.998651,0.000223
40.32,0.997079,-0.001889
40.76,1.000305,-0.001084
41.20,0.998029,0.006147
41.63,0.994923,0.002868
42.07,0.995518,-0.000766
42.51,0.995594,-0.003364
42.95,0.998463,-0.003023
43.38,0.998240,0.007237
43.82,0.992127,0.005075
44.26,0.993797,-0.005060
44.70,0.996557,-0.002704
45.14,0.996164,-0.002066
45.57,0.998366,0.000372
46.01,0.995838,0.002475
46.45,0.996199,0.002541
46.89,0.993614,0.001361
47.32,0.995007,-0.002704
47.76,0.995981,-0.001194
48.20,0.996053,-0.001908
48.64,0.997651,-0.000666
49.07,0.996635,0.002883
49.51,0.995127,0.005081
49.95,0.992187,-0.000429
50.39,0.995503,-0.004040
50.83,0.995724,0.001655
51.26,0.994054,-0.004533
51.70,0.999693,-0.001371
52.14,0.995255,0.006715
52.58,0.993814,-0.002885
53.01,0.997780,-0.000826
53.45,0.994537,0.000056
53.89,0.997730,-0.005092
54.33,0.998995,0.003742
54.76,0.994455,0.010979
55.20,0.989383,0.002234
55.64,0.992499,-0.005968
56.08,0.994608,-0.004359
56.52,0.996315,0.002680
56.95,0.992262,0.002163
57.39,0.994422,0.002363
57.83,0.990193,-0.002499
58.27,0.996609,-0.008177
58.70,0.997351,0.003915
59.14,0.993182,0.001593
59.58,0.995957,-0.000557
60.02,0.993670,0.007060
60.46,0.989777,0.006520
60.89,0.987962,-0.000816
61.33,0.990491,-0.009357
61.77,0.996154,-0.002580
62.21,0.992750,0.001302
62.64,0.995014,0.002112
63.08,0.990901,0.002452
63.52,0.992867,0.002075
63.96,0.989084,-0.000559
64.39,0.993357,0.002304
64.83,0.987067,0.010165
65.27,0.984458,0.003606
65.71,0.983909,-0.003060
66.15,0.987137,-0.006926
66.58,0.989973,-0.001865
67.02,0.988770,-0.000024
67.46,0.989994,-0.004496
67.90,0.992707,0.003750
68.33,0.986711,0.003775
68.77,0.989402,-0.005002
69.21,0.991090,0.002067
69.65,0.987592,0.010490
70.09,0.981907,0.002175
70.52,0.985688,-0.000530
70.96,0.982371,-0.002252
71.40,0.987660,-0.002821
71.84,0.984841,0.001188
72.27,0.986620,-0.002678
72.71,0.987185,0.000720
73.15,0.985989,0.002193
73.59,0.985266,0.001537
74.02,0.984643,-0.003288
74.46,0.988144,-0.000145
74.90,0.984771,0.006478
75.34,0.982473,0.001773
75.78,0.983219,0.009182
76.21,0.974435,0.000660
76.65,0.982641,-0.002556
77.09,0.976672,0.000232
77.53,0.982438,0.003358
77.96,0.973732,0.003093
78.40,0.979730,-0.012660
78.84,0.984815,0.001944
79.28,0.978028,0.006654
79.71,0.978990,-0.002626
80.15,0.980327,0.000759
80.59,0.978325,0.006278
81.03,0.974832,0.002332
81.47,0.976284,-0.002398
81.90,0.976931,-0.000490
82.34,0.976713,0.006012
82.78,0.971668,0.001961
83.22,0.974995,0.003530
83.65,0.968578,0.002208
84.09,0.973062,-0.009130
84.53,0.976571,0.001329
84.97,0.971899,0.004606
85.41,0.972539,0.000008
85.84,0.971891,0.000174
86.28,0.972386,0.003665
86.72,0.968683,-0.002078
87.16,0.974206,-0.009015
87.59,0.976574,0.010149
88.03,0.965320,0.005570
88.47,0.971698,0.001698
88.91,0.963834,0.004296
89.34,0.967937,-0.001509
89.78,0.965155,0.006937
90.22,0.961864,-0.001512
90.66,0.966479,-0.006931
91.10,0.967931,0.000534
91.53,0.966011,0.002352
91.97,0.965873,0.000995
92.41,0.965140,0.002201
92.85,0.963946,0.003714
93.28,0.961889,0.009069
93.72,0.956007,0.002853
94.16,0.959391,-0.009131
94.60,0.964001,-0.006822
95.04,0.965363,0.003796
95.47,0.960678,0.001419
95.91,0.964120,-0.000424
96.35,0.961049,0.002576
96.79,0.961865,0.002226
97.22,0.959100,-0.000237
97.66,0.962073,-0.002503
98.10,0.961291,0.004525
98.54,0.958112,0.004434
98.97,0.957409,0.000202
99.41,0.957935,-0.006360
99.85,0.962978,0.006825
100.29,0.951960,0.010105
100.73,0.954131,-0.002823
101.16,0.954431,-0.002756
101.60,0.956544,-0.006646
102.04,0.960250,-0.003405
102.48,0.959524,0.006412
102.91,0.954637,0.003756
103.35,0.956236,0.004228
103.79,0.950935,0.003527
104.23,0.953148,-0.005950
104.66,0.956144,-0.004176
105.10,0.956804,-0.001411
105.54,0.957379,0.003433
105.98,0.953799,0.010522
106.42,0.948168,0.002606
106.85,0.951517,-0.007235
107.29,0.954502,-0.003221
107.73,0.954337,-0.002389
108.17,0.956594,0.005478
108.60,0.949541,0.006652
109.04,0.950770,0.003465
109.48,0.946508,0.001701
109.92,0.949281,-0.001729
110.36,0.948021,0.006371
110.79,0.943704,0.008236
111.23,0.940810,-0.001573
111.67,0.945081,-0.008045
112.11,0.947853,-0.006591
112.54,0.950851,0.000805
112.98,0.947148,-0.002454
113.42,0.953000,0.002247
113.86,0.945181,0.002200
114.29,0.951074,-0.003019
114.73,0.947824,0.008168
115.17,0.943924,-0.002452
115.61,0.949971,-0.001755
116.05,0.945460,0.010016
116.48,0.941203,0.001291
116.92,0.944330,-0.000539
117.36,0.941675,-0.001222
117.80,0.945399,-0.006714
118.23,0.947553,-0.002809
118.67,0.947858,0.002924
119.11,0.944994,0.003630
119.55,0.944681,0.004116
119.98,0.941390,-0.000021
120.42,0.944699,-0.005838
120.86,0.946501,0.002450
121.30,0.942554,-0.000715
121.74,0.947127,-0.001205
122.17,0.943609,0.003169
122.61,0.944353,0.000202
123.05,0.943432,-0.000487
123.49,0.944779,0.003172
123.92,0.940656,0.002905
124.36,0.942235,0.000426
124.80,0.940283,0.002536
125.24,0.940015,-0.000212
125.68,0.940469,-0.010208
126.11,0.948951,-0.004752
126.55,0.944629,0.009712
126.99,0.940448,0.008410
127.43,0.937266,-0.002552
127.86,0.942682,-0.007266
128.30,0.943627,0.005363
128.74,0.937987,0.006024
129.18,0.938354,-0.008371
129.61,0.945315,0.001947
130.05,0.936650,0.003407
130.49,0.942332,-0.001433
130.93,0.937904,0.002364
131.37,0.940263,0.004761
131.80,0.933736,0.000296
132.24,0.940004,-0.005472
132.68,0.938526,0.001291
133.12,0.938873,0.000979
133.55,0.937669,-0.004869
133.99,0.943136,0.003494
134.43,0.934610,0.002618
134.87,0.940844,-0.002518
135.31,0.936815,0.000053
135.74,0.940798,-0.001350
136.18,0.937997,0.000414
136.62,0.940435,-0.000654
137.06,0.938569,0.000756
137.49,0.939774,0.002492
137.93,0.936387,0.003063
138.37,0.937092,-0.008001
138.81,0.943392,-0.003425
139.24,0.940090,0.004851
139.68,0.939145,0.000407
140.12,0.939734,-0.005860
140.56,0.944275,0.000054
141.00,0.939687,0.006127
141.43,0.938911,0.005057
141.87,0.935260,-0.001179
142.31,0.939943,-0.003422
142.75,0.938255,0.004108
143.18,0.936347,0.008547
143.62,0.930773,-0.000900
144.06,0.937135,-0.004552
144.50,0.934759,0.005416
144.93,0.932394,0.006017
145.37,0.929491,-0.001559
145.81,0.933758,-0.008040
146.25,0.936530,-0.003355
146.69,0.936695,0.000021
147.12,0.936512,-0.002975
147.56,0.939300,0.001195
148.00,0.935465,0.002868
148.44,0.936789,-0.005482
148.87,0.940264,0.000533
149.31,0.936323,0.006943
149.75,0.934186,-0.002845
150.19,0.938814,0.004026
150.63,0.930662,-0.003675
151.06,0.942031,-0.005149
151.50,0.935169,0.008948
151.94,0.934197,0.001300
152.38,0.934031,0.001840
152.81,0.932587,-0.005275
153.25,0.938649,-0.009730
153.69,0.941105,0.003306
154.13,0.935755,0.006547
154.56,0.935374,-0.004191
155.00,0.939424,-0.002552
155.44,0.937608,0.003432
155.88,0.936419,0.010072
156.32,0.928790,0.003444
156.75,0.933404,-0.005559
157.19,0.933656,-0.000919
157.63,0.934209,-0.002180
158.07,0.935565,-0.000045
158.50,0.934248,0.000642
158.94,0.935003,-0.007510
159.38,0.940822,0.002514
159.82,0.932803,0.005269
160.26,0.936209,-0.002643
160.69,0.935116,0.002704
161.13,0.933842,-0.003575
161.57,0.938246,-0.002586
162.01,0.936106,0.004251
162.44,0.934524,0.000903
162.88,0.935316,0.001417
163.32,0.933284,0.007103
163.76,0.929098,0.000300
164.19,0.933021,-0.006935
164.63,0.935169,-0.005224
165.07,0.937594,-0.004657
165.51,0.939246,-0.001251
165.95,0.938689,0.007292
166.38,0.932862,0.006703
166.82,0.932821,-0.003271
167.26,0.935725,-0.004566
167.70,0.936818,0.001499
168.13,0.934413,0.003236
168.57,0.933985,0.002094
169.01,0.932580,-0.006627
169.45,0.939787,-0.004619
169.88,0.936623,0.007570
170.32,0.933159,0.005755
170.76,0.931585,0.004053
171.20,0.929611,-0.000736
171.64,0.932230,-0.012243
172.07,0.940329,0.002049
172.51,0.930436,0.008143
172.95,0.933201,-0.004337
173.39,0.934233,-0.003656
173.82,0.936401,-0.005132
174.26,0.938726,0.002970
174.70,0.933801,0.007234
175.14,0.932393,-0.005826
175.58,0.938901,-0.003058
176.01,0.935070,0.004490
176.45,0.934971,0.003486
176.89,0.932018,-0.001495
177.33,0.936279,0.000705
177.76,0.931401,0.002851
178.20,0.933784,0.003010
178.64,0.928766,0.005863
179.08,0.928651,-0.008856
179.51,0.936519,-0.008309
179.95,0.935925,0.004101
180.39,0.932929,0.001721
180.83,0.934418,-0.001679
181.27,0.934398,0.007053
181.70,0.928244,0.002822
182.14,0.931927,-0.004828
182.58,0.932471,-0.004891
183.02,0.936209,0.002140
183.45,0.930598,0.004736
183.89,0.932063,-0.004755
184.33,0.934760,-0.004604
184.77,0.936094,0.000379
185.21,0.934428,0.010072
185.64,0.927276,0.003688
186.08,0.931199,-0.007289
186.52,0.933657,-0.002849
186.96,0.933693,0.000442
187.39,0.933270,0.001072
187.83,0.932755,-0.001940
188.27,0.934969,-0.004909
188.71,0.937052,0.003243
189.14,0.932130,0.013187
189.58,0.925508,0.000447
190.02,0.931739,-0.008904
190.46,0.933304,0.000460
190.90,0.931336,0.001786
191.33,0.931740,0.000184
191.77,0.931175,-0.001882
192.21,0.933388,-0.003501
192.65,0.934240,0.002364
193.08,0.931318,0.002769
193.52,0.931816,-0.002035
193.96,0.933100,0.003519
194.40,0.928735,0.000747
194.83,0.932446,-0.001661
195.27,0.930189,-0.002381
195.71,0.934530,-0.006484
196.15,0.935866,-0.001791
196.59,0.936098,0.008489
197.02,0.928435,-0.000570
197.46,0.936598,-0.001368
197.90,0.929632,0.001813
198.34,0.935011,0.000865
198.77,0.928875,-0.001374
199.21,0.936213,-0.007260
199.65,0.935231,0.005302
200.09,0.931572,0.002413
200.53,0.933118,0.001212
200.96,0.930511,0.001890
201.40,0.931463,-0.003007
201.84,0.933143,0.000204
202.28,0.931285,-0.002479
202.71,0.935314,0.000815
203.15,0.930571,0.000721
203.59,0.934683,0.004034
204.03,0.927040,0.005022
204.46,0.930286,-0.000557
204.90,0.927527,0.004662
205.34,0.926205,0.000404
205.78,0.927174,-0.002483
206.22,0.928379,-0.005537
206.65,0.932021,0.001145
207.09,0.927377,0.006299
207.53,0.926506,0.000892
207.97,0.926596,0.002471
208.40,0.924343,0.003264
208.84,0.923739,-0.007331
209.28,0.930761,-0.006955
209.72,0.929827,-0.002871
210.16,0.933275,-0.002124
210.59,0.931687,0.007226
211.03,0.926948,0.005054
211.47,0.927262,-0.003636
211.91,0.930132,0.001034
212.34,0.926357,0.003925
212.78,0.926696,0.007342
213.22,0.919930,-0.004617
213.66,0.930738,-0.011780
214.09,0.930243,-0.000473
214.53,0.931152,0.004680
214.97,0.926145,0.003161
215.41,0.928386,0.004581
215.85,0.922135,0.004282
216.28,0.924637,-0.011308
216.72,0.932034,-0.003810
217.16,0.927973,0.013534
217.60,0.920186,0.003631
218.03,0.924794,-0.004881
218.47,0.924459,-0.006322
218.91,0.930329,-0.003637
219.35,0.927643,0.005441
219.78,0.925565,0.003830
220.22,0.924290,-0.000509
220.66,0.926011,0.000028
221.10,0.924266,-0.000732
221.54,0.926651,-0.001364
221.97,0.925460,0.000586
222.41,0.926139,-0.000759
222.85,0.926125,-0.001386
223.29,0.927352,-0.001635
223.72,0.927557,-0.001103
224.16,0.928318,0.005246
224.60,0.922964,0.000607
225.04,0.927786,-0.003389
225.48,0.925931,0.003958
225.91,0.924321,0.000450
226.35,0.925537,0.001686
226.79,0.922845,0.003289
227.23,0.922657,-0.000223
227.66,0.923040,-0.006755
228.10,0.928571,-0.002095
228.54,0.924874,0.003817
228.98,0.925230,0.000164
229.41,0.924730,0.006540
229.85,0.919504,-0.004256
230.29,0.928456,-0.007195
230.73,0.925803,0.004475
231.17,0.924539,0.001802
231.60,0.924225,-0.002484
232.04,0.926714,-0.005636
232.48,0.929159,0.006337
232.92,0.921166,0.007838
233.35,0.922297,-0.001982
233.79,0.922901,0.002848
234.23,0.919804,0.000739
234.67,0.922254,-0.003817
235.11,0.923146,0.000015
235.54,0.922241,-0.001372
235.98,0.924347,-0.000589
236.42,0.922756,0.005026
236.86,0.919947,-0.002700
237.29,0.925120,-0.005290
237.73,0.924578,0.007445
238.17,0.918602,0.003427
238.61,0.921578,0.000494
239.04,0.918169,0.003574
239.48,0.918449,-0.007226
239.92,0.924495,0.002173
240.36,0.916547,0.003850
240.80,0.921124,-0.003163
241.23,0.919316,0.000377
241.67,0.920794,-0.002809
242.11,0.921775,0.000830
242.55,0.920068,0.004827
242.98,0.917549,-0.005284
243.42,0.924694,-0.004704
243.86,0.921667,0.012124
244.30,0.914080,0.001664
244.73,0.920210,-0.004746
245.17,0.918235,0.002215
245.61,0.918271,-0.003719
246.05,0.921491,-0.000936
246.49,0.919091,0.003163
246.92,0.918722,-0.003493
247.36,0.922149,0.003741
247.80,0.915447,0.006983
248.24,0.916036,-0.000914
248.67,0.916247,0.002382
249.11,0.913950,0.001251
249.55,0.915151,-0.004075
249.99,0.917518,-0.002069
250.43,0.916963,0.001005
250.86,0.916638,0.001611
251.30,0.915552,0.004753
251.74,0.912477,0.001830
252.18,0.913950,-0.005831
252.61,0.917582,0.001023
253.05,0.913055,-0.000217
253.49,0.917772,-0.004111
253.93,0.916653,0.004078
254.36,0.914202,-0.000223
254.80,0.916849,-0.005061
255.24,0.918633,0.006230
255.68,0.911395,0.002769
256.12,0.916209,-0.000665
256.55,0.911978,0.004982
256.99,0.911847,-0.000242
257.43,0.912189,-0.005688
257.87,0.916827,0.001792
258.30,0.910620,0.001670
258.74,0.915365,-0.002537
259.18,0.912841,-0.000405
259.62,0.915720,-0.001655
260.06,0.914290,0.005620
260.49,0.910800,0.007384
260.93,0.907826,0.002137
261.37,0.908929,-0.002734
261.81,0.910219,-0.000241
262.24,0.909139,-0.000728
262.68,0.910857,-0.005548
263.12,0.913996,0.003201
263.56,0.908054,0.007783
263.99,0.907182,0.000481
264.43,0.907633,-0.003435
264.87,0.910189,-0.001479
265.31,0.908927,0.001377
265.75,0.908984,0.001108
266.18,0.907958,-0.001934
266.62,0.910677,0.003750
267.06,0.904675,-0.002747
267.50,0.913081,0.001423
267.93,0.903429,0.008386
268.37,0.905740,-0.004640
268.81,0.907491,0.000085
269.25,0.905666,0.002107
269.68,0.905647,0.003576
270.12,0.902536,0.001458
270.56,0.904370,-0.006499
271.00,0.908226,0.004002
271.44,0.900866,0.006546
271.87,0.902495,-0.006759
272.31,0.906783,-0.001573
272.75,0.903872,0.002238
273.19,0.904824,0.003714
273.62,0.900621,0.003024
274.06,0.902177,-0.002963
274.50,0.903215,-0.002594
274.94,0.904448,0.000771
275.38,0.902540,0.001768
275.81,0.902900,-0.004253
276.25,0.906264,0.005232
276.69,0.898320,-0.001892
277.13,0.907920,-0.002993
277.56,0.900940,0.006023
278.00,0.902648,0.004373
278.44,0.897112,0.001287
278.88,0.901521,-0.005303
279.31,0.901754,0.001554
279.75,0.900160,-0.001089
280.19,0.902707,0.002708
280.63,0.897790,0.001488
281.07,0.901405,-0.001608
281.50,0.899198,0.001861
281.94,0.899776,0.004818
282.38,0.894980,0.000808
282.82,0.899069,-0.001700
283.25,0.896468,-0.005366
283.69,0.903766,0.004036
284.13,0.892935,0.005901
284.57,0.898600,-0.000505
285.01,0.893377,0.006121
285.44,0.893242,0.003615
285.88,0.890213,0.000625
286.32,0.892694,-0.006870
286.76,0.896227,-0.001580
287.19,0.894078,0.001541
287.63,0.894877,0.001733
288.07,0.892561,0.004690
288.51,0.890772,-0.005066
288.94,0.896996,-0.009934
289.38,0.899469,0.003004
289.82,0.894366,0.007707
290.26,0.892722,0.008097
290.70,0.887278,0.006365
291.13,0.887149,-0.000405
291.57,0.887633,0.001904
292.01,0.885482,-0.006847
292.45,0.893627,-0.005774
292.88,0.890537,0.005511
293.32,0.888803,0.005119
293.76,0.886056,0.006099
294.20,0.883463,0.000916
294.63,0.885254,-0.002241
295.07,0.885425,0.002904
295.51,0.882712,0.000640
295.95,0.884864,-0.008269
296.39,0.889951,0.003347
296.82,0.881934,-0.001210
297.26,0.891010,-0.003812
297.70,0.885271,0.005036
298.14,0.886601,-0.005869
298.57,0.890409,0.000329
299.01,0.886313,0.011478
299.45,0.880360,0.000129
299.89,0.886200,-0.010769
300.33,0.889788,0.006217
300.76,0.880757,0.010655
301.20,0.880460,-0.003304
301.64,0.883650,-0.002155
302.08,0.882346,0.002121
302.51,0.881793,0.007102
302.95,0.876129,0.002053
303.39,0.879996,-0.005500
303.83,0.880944,-0.001366
304.26,0.881192,-0.008244
304.70,0.888161,0.001011
305.14,0.880307,0.015941
305.58,0.874205,0.002023
306.02,0.878536,-0.001565
306.45,0.875576,0.004220
306.89,0.874842,-0.004351
307.33,0.879384,-0.001013
307.77,0.875729,0.004748
308.20,0.875228,0.005579
308.64,0.870845,0.001307
309.08,0.874084,-0.006893
309.52,0.876880,-0.001598
309.95,0.875483,0.001324
310.39,0.875721,-0.002561
310.83,0.877725,0.006312
311.27,0.870195,0.001629
311.71,0.876299,0.000234
312.14,0.869990,0.004585
312.58,0.872285,0.003790
313.02,0.866672,-0.000494
313.46,0.872717,-0.005717
313.89,0.871677,0.009091
314.33,0.864758,0.001513
314.77,0.870352,-0.004692
315.21,0.868866,0.008683
315.65,0.862750,-0.002888
316.08,0.871394,0.001655
316.52,0.861301,0.002497
316.96,0.869208,-0.004517
317.40,0.865256,0.001519
317.83,0.867878,0.002202
318.27,0.863328,0.000030
318.71,0.867852,0.001011
319.15,0.862444,0.008410
319.58,0.860489,0.000044
320.02,0.862405,-0.001519
320.46,0.861819,-0.005660
320.90,0.867360,0.003045
321.34,0.859153,0.009999
321.77,0.858606,0.004655
322.21,0.855078,0.000194
322.65,0.858437,-0.002664
323.09,0.857411,0.003571
323.52,0.855311,-0.006527
323.96,0.863125,-0.003699
324.40,0.858549,0.013113
324.84,0.851645,0.000774
325.28,0.857871,-0.006588
325.71,0.857413,0.005886
326.15,0.852718,0.002009
326.59,0.855654,-0.000439
327.03,0.853102,-0.004530
327.46,0.859620,0.003188
327.90,0.850310,0.007567
328.34,0.852995,-0.004067
328.78,0.853871,-0.006952
329.21,0.859082,0.005947
329.65,0.848665,0.018763
330.09,0.842656,0.001668
330.53,0.847204,-0.008979
330.97,0.850517,-0.006416
331.40,0.852821,0.003221
331.84,0.847697,0.001396
332.28,0.851599,0.003424
332.72,0.844699,0.006476
333.15,0.845930,-0.000548
333.59,0.845180,-0.001000
334.03,0.846805,-0.000791
334.47,0.845872,0.010297
334.90,0.837791,-0.004330
335.34,0.849663,-0.003156
335.78,0.840554,0.003413
336.22,0.846675,-0.007372
336.66,0.847008,0.006302
337.09,0.841158,0.001092
337.53,0.846052,-0.000924
337.97,0.841967,0.000538
338.41,0.845582,0.009614
338.84,0.833550,0.003120
339.28,0.842850,-0.008597
339.72,0.841076,0.001988
340.16,0.841110,0.000623
340.60,0.840531,0.009872
341.03,0.832468,-0.000182
341.47,0.840691,-0.006533
341.91,0.838187,0.004260
342.35,0.836962,0.007392
342.78,0.831716,0.003702
343.22,0.833721,-0.006551
343.66,0.837450,0.001237
344.10,0.832638,-0.002155
344.53,0.839337,0.002461
344.97,0.830483,0.006483
345.41,0.833661,-0.004736
345.85,0.834629,-0.003614
346.29,0.836825,0.000280
346.72,0.834384,0.004568
347.16,0.832826,-0.001765
347.60,0.835929,0.005898
348.04,0.827664,0.006218
348.47,0.830486,-0.005353
348.91,0.832350,0.000718
349.35,0.829857,0.006813
349.79,0.826385,-0.000009
350.23,0.829865,0.004000
350.66,0.822883,-0.001362
351.10,0.831058,-0.012372
351.54,0.833714,0.005557
351.98,0.826193,0.014081
352.41,0.821388,0.006746
352.85,0.820287,-0.004779
353.29,0.825571,-0.001804
353.73,0.821866,0.001191
354.16,0.824528,0.002304
354.60,0.819849,0.002790
355.04,0.822086,-0.005830
355.48,0.824953,0.000336
355.92,0.821791,-0.001649
356.35,0.826397,0.003967
356.79,0.818318,0.003339
357.23,0.823474,-0.002827
357.67,0.820793,0.005766
358.10,0.818426,-0.001361
358.54,0.821985,0.003418
358.98,0.815433,0.002576
359.42,0.819730,0.000989
359.85,0.814568,0.005423
360.29,0.814983,0.000755
360.73,0.813907,-0.001683
361.17,0.816456,-0.002253
361.61,0.815879,-0.003924
362.04,0.819892,0.005104
362.48,0.811410,0.014407
362.92,0.807280,-0.003002
363.36,0.814038,-0.002892
363.79,0.809811,0.001789
364.23,0.812472,-0.001918
364.67,0.811491,-0.004503
365.11,0.816414,0.001203
365.55,0.810437,0.006702
365.98,0.810547,-0.011393
366.42,0.820411,-0.000978
366.86,0.811403,0.013199
367.30,0.808856,-0.000371
367.73,0.811728,-0.006717
368.17,0.814736,0.006591
368.61,0.805957,0.001420
369.05,0.813493,0.000413
369.48,0.805596,0.009091
369.92,0.805534,-0.002397
370.36,0.807695,0.001514
370.80,0.804209,-0.001885
371.24,0.809345,0.000080
371.67,0.804139,0.006289
372.11,0.803839,-0.003617
372.55,0.807305,0.005392
372.99,0.799119,0.002729
373.42,0.804916,-0.008010
373.86,0.806130,0.001391
374.30,0.803699,0.002868
374.74,0.803620,-0.001390
375.18,0.804915,-0.000254
375.61,0.803842,0.005783
376.05,0.799852,-0.003316
376.49,0.806745,0.002253
376.93,0.797881,0.010786
377.36,0.797302,-0.004075
377.80,0.801448,-0.005322
378.24,0.801961,0.004204
378.68,0.797768,0.005342
379.11,0.797285,-0.005737
379.55,0.802791,0.000604
379.99,0.796756,0.008354
380.43,0.795477,-0.004144
380.87,0.800384,0.005407
381.30,0.790743,0.010173
381.74,0.791478,-0.007655
382.18,0.797445,-0.005897
382.62,0.796641,-0.003182
383.05,0.800231,-0.000090
383.49,0.796719,0.009004
383.93,0.792348,0.004669
384.37,0.792632,-0.006563
384.80,0.798094,0.001393
385.24,0.791413,-0.002174
385.68,0.799998,0.005866
386.12,0.786278,0.010396
386.56,0.790897,-0.002448
386.99,0.788420,-0.003296
387.43,0.793783,-0.006779
387.87,0.794355,-0.009061
388.31,0.801715,0.007241
388.74,0.788016,0.013548
389.18,0.789855,0.000882
389.62,0.787244,-0.003078
390.06,0.792550,-0.009927
390.50,0.795934,0.003950
390.93,0.789091,0.010688
391.37,0.786578,0.005314
391.81,0.784439,-0.002384
392.25,0.788665,-0.004862
392.68,0.788695,-0.000150
393.12,0.788796,-0.004109
393.56,0.792292,-0.001469
394.00,0.790082,0.005050
394.43,0.787872,0.001055
394.87,0.789159,0.003742
395.31,0.784596,0.004067
395.75,0.785598,-0.008545
396.19,0.792077,0.000376
396.62,0.785269,0.006262
397.06,0.786594,-0.003301
397.50,0.788158,-0.004749
397.94,0.790752,0.003525
398.37,0.785072,0.005334
398.81,0.786082,0.000940
399.25,0.784249,0.002517
399.69,0.783879,-0.005381
400.13,0.788960,-0.006559
400.56,0.789621,0.010376
401.00,0.779877,0.005479
401.44,0.784824,-0.002221
401.88,0.781821,0.004159
402.31,0.781183,-0.006904
402.75,0.787865,0.000727
403.19,0.780546,-0.000642
403.63,0.788427,-0.004253
404.06,0.784270,0.007271
404.50,0.782062,0.001071
404.94,0.783332,0.004589
405.38,0.778044,-0.002093
405.82,0.785165,-0.011918
406.25,0.788478,-0.000468
406.69,0.785574,0.007834
407.13,0.781620,-0.001205
407.57,0.786628,-0.001991
408.00,0.783363,0.008668
408.44,0.779040,0.002630
408.88,0.781061,-0.000419
409.32,0.779407,-0.003896
409.75,0.784471,-0.001694
410.19,0.780890,0.011002
410.63,0.774840,-0.000809
411.07,0.781598,-0.006123
411.51,0.780201,0.002472
411.94,0.779434,0.004054
412.38,0.776652,-0.001178
412.82,0.780465,-0.003337
413.26,0.779573,-0.000148
413.69,0.780595,0.000242
414.13,0.779362,0.005787
414.57,0.775529,0.003707
415.01,0.776117,-0.004104
415.45,0.779122,-0.001959
415.88,0.777831,0.004869
416.32,0.774859,0.004006
416.76,0.774325,0.000445
417.20,0.774469,0.002053
417.63,0.772527,-0.004117
418.07,0.778073,-0.003439
418.51,0.775538,0.001946
418.95,0.776369,-0.000137
419.38,0.775658,-0.000538
419.82,0.776840,0.001137
420.26,0.774663,-0.002991
420.70,0.779459,0.004027
421.14,0.771137,0.010405
421.57,0.770350,0.003000
422.01,0.768511,-0.009280
422.45,0.778474,0.003244
422.89,0.765671,0.010127
423.32,0.769608,-0.008297
423.76,0.772934,-0.002569
424.20,0.771857,-0.001165
424.64,0.773954,-0.002061
425.08,0.773661,0.004877
425.51,0.769684,0.003097
425.95,0.770950,-0.001486
426.39,0.770985,0.001995
426.83,0.769203,0.001669
427.26,0.769524,-0.003303
427.70,0.772095,-0.002331
428.14,0.771565,0.005297
428.58,0.767457,0.005108
429.01,0.767093,-0.001980
429.45,0.769190,-0.002470
429.89,0.769255,-0.000881
430.33,0.769961,0.002507
430.77,0.767060,0.009832
431.20,0.761354,-0.005953
431.64,0.772272,-0.010015
432.08,0.770121,0.004119
432.52,0.768666,0.005842
432.95,0.765007,0.002384
433.39,0.766579,-0.005861
433.83,0.770138,0.000632
434.27,0.766026,0.000810
434.70,0.769430,0.000014
435.14,0.766013,-0.002749
435.58,0.771837,-0.001055
436.02,0.766936,0.006756
436.46,0.765922,0.001320
436.89,0.765781,0.005397
437.33,0.761197,0.008294
437.77,0.758520,-0.004317
438.21,0.764976,-0.008004
438.64,0.765527,0.000587
439.08,0.764462,-0.001129
439.52,0.766516,0.002478
439.96,0.762293,0.010743
440.40,0.757112,0.002354
440.83,0.760232,-0.004017
441.27,0.760628,-0.006530
441.71,0.765949,-0.004552
442.15,0.764613,0.009655
442.58,0.757496,0.006600
443.02,0.758835,-0.002905
443.46,0.760040,0.002673
443.90,0.756495,0.003389
444.33,0.757073,-0.002869
444.77,0.759007,0.002429
445.21,0.754947,-0.003155
445.65,0.761769,-0.003337
446.09,0.757868,0.003804
446.52,0.758439,0.002460
446.96,0.755715,-0.002485
447.40,0.760615,0.003099
447.84,0.753002,0.005260
448.27,0.756011,-0.000234
448.71,0.753206,0.006130
449.15,0.750644,-0.004066
449.59,0.756766,-0.005986
450.03,0.755884,0.005970
450.46,0.751540,0.005890
450.90,0.750727,0.004168
451.34,0.747891,-0.003088
451.78,0.753431,-0.003387
452.21,0.750856,0.000463
452.65,0.753026,-0.003022
453.09,0.753501,0.002633
453.53,0.750720,0.007967
453.96,0.746527,0.003622
454.40,0.747550,-0.003155
454.84,0.749289,-0.000871
455.28,0.748312,0.005358
455.72,0.744599,0.002398
456.15,0.746213,-0.000150
456.59,0.744730,-0.003860
457.03,0.749592,-0.004436
457.47,0.748614,0.002697
457.90,0.747231,0.012837
458.34,0.737376,0.001389
458.78,0.746015,-0.007048
459.22,0.743546,0.006485
459.65,0.740338,-0.000906
460.09,0.744339,0.006933
460.53,0.734269,0.003435
460.97,0.741332,-0.011530
461.41,0.744362,0.001798
461.84,0.739758,0.007216
462.28,0.738045,-0.008591
462.72,0.747279,-0.001765
463.16,0.739590,0.008068
463.59,0.740216,0.005484
464.03,0.734789,-0.002341
464.47,0.742265,-0.000548
464.91,0.735269,0.003631
465.35,0.739086,-0.003002
465.78,0.737898,0.006274
466.22,0.733594,0.004581
466.66,0.733887,-0.004615
467.10,0.737634,0.005018
467.53,0.729494,0.008230
467.97,0.730429,-0.000382
468.41,0.729829,0.001314
468.85,0.729279,-0.001622
469.28,0.731249,-0.000770
469.72,0.729952,0.002149
470.16,0.729368,0.000393
470.60,0.729608,0.000198
471.04,0.729194,0.002210
471.47,0.727674,0.004773
471.91,0.725016,0.000272
472.35,0.727436,0.000057
472.79,0.724966,0.002503
473.22,0.725244,-0.002613
473.66,0.727254,-0.002760
474.10,0.727661,0.010287
474.54,0.718248,-0.000148
474.97,0.727790,-0.005434
475.41,0.723005,0.006241
475.85,0.722327,0.004009
476.29,0.719495,0.004643
476.73,0.718262,-0.008540
477.16,0.726971,-0.000527
477.60,0.718723,0.012208
478.04,0.716284,0.001056
478.48,0.717799,-0.002514
478.91,0.718484,0.004705
479.35,0.713680,0.000586
479.79,0.717971,-0.002350
480.23,0.715737,0.007380
480.67,0.711510,0.001199
481.10,0.714688,-0.003499
481.54,0.714574,0.000418
481.98,0.714322,0.010214
482.42,0.705632,0.003874
482.85,0.710930,-0.005188
483.29,0.710174,0.002349
483.73,0.708874,-0.003926
484.17,0.713611,0.002523
484.60,0.706665,0.009796
485.04,0.705035,-0.001498
485.48,0.707976,0.001076
485.92,0.704093,0.002135
486.36,0.706107,-0.006706
486.79,0.709964,0.004454
487.23,0.702208,0.001071
487.67,0.709026,-0.004683
488.11,0.706308,0.006466
488.54,0.703366,0.000641
488.98,0.705747,0.006512
489.42,0.697665,0.006795
489.86,0.699798,-0.004426
490.30,0.701540,0.003594
490.73,0.696651,0.001160
491.17,0.700524,-0.001223
491.61,0.697722,0.001326
492.05,0.699364,0.005717
492.48,0.692717,-0.000667
492.92,0.699948,-0.003004
493.36,0.695347,0.004374
493.80,0.696118,0.002688
494.23,0.692993,0.006419
494.67,0.690499,-0.004720
495.11,0.697125,-0.002822
495.55,0.692970,0.007095
495.99,0.690914,0.006318
496.42,0.687439,-0.000703
496.86,0.691529,-0.004582
497.30,0.691450,0.000532
497.74,0.691064,0.003165
498.17,0.688679,-0.004432
498.61,0.694944,0.002627
499.05,0.686379,0.009374
499.49,0.686738,-0.006313
499.92,0.691906,-0.000935
500.36,0.687556,0.007382
500.80,0.685443,0.008469
501.24,0.680142,-0.004106
501.68,0.689038,-0.004852
502.11,0.684390,0.004405
502.55,0.685182,0.002728
502.99,0.682002,0.002389
503.43,0.683090,-0.001285
503.86,0.683127,-0.003155
504.30,0.685852,-0.003877
504.74,0.686520,0.005092
505.18,0.681395,0.010047
505.62,0.677725,-0.000279
506.05,0.681640,-0.007849
506.49,0.684596,0.006222
506.93,0.676192,0.005953
507.37,0.679385,-0.004332
507.80,0.679984,0.002023
508.24,0.677613,0.003340
508.68,0.677061,0.003146
509.12,0.674859,0.000835
509.55,0.676330,-0.003316
509.99,0.677762,-0.002362
510.43,0.678398,0.006993
510.87,0.671641,0.004333
511.31,0.674604,-0.005441
511.74,0.676404,-0.001768
512.18,0.676152,0.004132
512.62,0.672786,0.003581
513.06,0.673017,-0.001265
513.49,0.673894,-0.004703
513.93,0.677134,0.007208
514.37,0.667583,0.003389
514.81,0.674167,-0.010597
515.25,0.676860,0.002977
515.68,0.671561,0.001191
516.12,0.675817,-0.002695
516.56,0.673920,0.000715
517.00,0.675191,0.003816
517.43,0.670579,0.008162
517.87,0.668046,0.001092
518.31,0.669623,-0.003628
518.75,0.671222,0.003882
519.18,0.666224,0.003777
519.62,0.667915,0.000663
520.06,0.665644,-0.003376
520.50,0.670871,-0.007094
520.94,0.671855,0.003183
521.37,0.668084,0.004455
521.81,0.667955,0.000662
522.25,0.667504,0.003397
522.69,0.664981,-0.000429
523.12,0.667880,-0.000391
523.56,0.665323,-0.000895
524.00,0.668664,-0.004744
524.44,0.669476,0.002331
524.87,0.666623,0.001290
525.31,0.668347,0.009460
525.75,0.658341,0.000447
526.19,0.667956,-0.010614
526.63,0.667634,-0.001913
527.06,0.669630,0.003780
527.50,0.664325,0.004878
527.94,0.665360,0.000890
528.38,0.663546,-0.001180
528.81,0.666393,-0.010320
529.25,0.672581,-0.002837
529.69,0.668877,0.009101
530.13,0.664613,0.002698
530.57,0.666515,0.003676
531.00,0.661395,0.003506
531.44,0.663445,0.001200
531.88,0.660345,0.001340
532.32,0.662271,0.000482
532.75,0.659923,0.001005
533.19,0.661392,-0.000578
533.63,0.660429,-0.000153
534.07,0.661526,0.001575
534.50,0.659050,0.004243
534.94,0.657812,0.001408
535.38,0.657818,-0.007277
535.82,0.664182,-0.004968
536.26,0.662167,0.002007
536.69,0.662425,0.003391
537.13,0.659199,0.002479
537.57,0.660255,-0.003634
538.01,0.662380,-0.005043
538.44,0.664670,0.002421
538.88,0.660261,0.005607
539.32,0.659762,-0.000709
539.76,0.660882,-0.003028
540.20,0.662412,-0.001709
540.63,0.662379,-0.006502
541.07,0.668104,0.002463
541.51,0.660222,0.012796
541.95,0.656902,0.000527
542.38,0.659761,-0.002548
542.82,0.659133,0.001333
543.26,0.658594,-0.002545
543.70,0.661360,-0.002390
544.13,0.660686,0.005947
544.57,0.656154,-0.006655
545.01,0.666512,-0.005673
545.45,0.661121,0.006152
545.89,0.661126,-0.001483
546.32,0.662418,0.003499
546.76,0.658063,0.006418
547.20,0.656800,-0.001218
547.64,0.659129,-0.003853
548.07,0.660173,-0.004006
548.51,0.662637,-0.003202
548.95,0.662976,-0.000100
549.39,0.662724,0.005162
549.82,0.658457,0.005191
550.26,0.658180,-0.005298
550.70,0.663095,-0.001542
551.14,0.659530,0.009699
551.58,0.654604,0.001864
552.01,0.657899,0.001223
552.45,0.653534,-0.004776
552.89,0.662080,-0.004673
553.33,0.657624,0.001415
553.76,0.660841,-0.001299
554.20,0.658761,0.002141
554.64,0.658966,0.003900
555.08,0.655347,-0.003390
555.52,0.661934,0.000553
555.95,0.654863,0.003742
556.39,0.658658,-0.006136
556.83,0.660235,0.004591
557.27,0.654639,0.006426
557.70,0.654609,-0.006777
558.14,0.660571,-0.010537
558.58,0.663833,0.002565
559.02,0.658326,0.014524
559.45,0.651119,0.007312
559.89,0.651925,-0.008030
560.33,0.658149,-0.000871
560.77,0.652687,-0.001516
561.21,0.659476,-0.005405
561.64,0.657419,0.004143
562.08,0.655850,-0.002700
562.52,0.659783,-0.014179
562.96,0.668262,0.011788
563.39,0.649463,0.010848
563.83,0.658766,-0.008864
564.27,0.657223,0.001841
564.71,0.657154,0.007198
565.15,0.650921,-0.003797
565.58,0.660478,-0.009204
566.02,0.658978,0.002757
566.46,0.658064,0.002695
566.90,0.656619,0.000725
567.33,0.657430,-0.003259
567.77,0.659472,0.002747
568.21,0.655025,0.008857
568.65,0.651718,0.000359
569.08,0.654710,-0.003453
569.52,0.654741,-0.005547
569.96,0.659566,-0.001365
570.40,0.655936,0.008227
570.84,0.652364,0.003255
571.27,0.653086,-0.006315
571.71,0.657892,-0.006351
572.15,0.658646,0.006104
572.59,0.652549,0.005393
573.02,0.653925,-0.006487
573.46,0.658228,-0.001312
573.90,0.655074,0.002637
574.34,0.655919,-0.004496
574.77,0.659010,0.002250
575.21,0.653950,0.002340
575.65,0.656961,-0.001100
576.09,0.654913,0.003121
576.53,0.654229,0.001810
576.96,0.653329,-0.002449
577.40,0.656373,0.001111
577.84,0.652356,-0.002154
578.28,0.658259,-0.006840
578.71,0.658344,-0.001483
579.15,0.659557,-0.003285
579.59,0.661219,0.006139
580.03,0.654183,0.004847
580.47,0.656976,-0.003883
580.90,0.657582,0.007033
581.34,0.650820,0.004290
581.78,0.653827,-0.006608
582.22,0.656604,-0.003759
582.65,0.657118,-0.003909
583.09,0.660026,0.002881
583.53,0.654596,0.007988
583.97,0.653034,-0.002915
584.40,0.657147,0.000653
584.84,0.652462,0.001448
585.28,0.655880,-0.001336
585.72,0.653631,0.008696
586.16,0.648267,-0.004090
586.59,0.657212,-0.006815
587.03,0.654233,0.006026
587.47,0.651937,-0.001220
587.91,0.655300,-0.000510
588.34,0.652384,-0.000486
588.78,0.655726,-0.002684
589.22,0.654733,0.000316
589.66,0.655449,0.002559
590.10,0.652493,-0.007308
590.53,0.661847,-0.006966
590.97,0.658592,0.005735
591.41,0.656827,0.005702
591.85,0.653600,-0.002263
592.28,0.658808,-0.007866
592.72,0.660486,0.007075
593.16,0.652614,0.007028
593.60,0.654333,-0.002347
594.03,0.654669,-0.001509
594.47,0.655655,0.003176
594.91,0.651889,0.001830
595.35,0.654053,-0.004464
595.79,0.655797,0.002691
596.22,0.651697,-0.002207
596.66,0.657729,-0.006940
597.10,0.657772,0.002981
597.54,0.655120,0.006576
597.97,0.652016,0.005048
598.41,0.650700,-0.005166
598.85,0.656538,-0.003762
599.29,0.653993,0.001906
599.72,0.654869,-0.000883
600.16,0.654767,-0.001883
600.60,0.656518,-0.003204
601.04,0.657572,0.005819
601.48,0.651424,0.005345
601.91,0.652892,-0.008239
602.35,0.658637,-0.003476
602.79,0.655936,0.001523
603.23,0.657303,0.002974
603.66,0.653332,-0.003877
604.10,0.660697,-0.000447
604.54,0.653723,0.009229
604.98,0.652618,-0.000122
605.42,0.653830,-0.005804
605.85,0.657699,-0.002486
606.29,0.656006,0.000559
606.73,0.657210,-0.001127
607.17,0.656993,0.000933
607.60,0.656393,0.003365
608.04,0.654047,0.001120
608.48,0.655412,0.003631
608.92,0.650868,-0.001074
609.35,0.656352,-0.008743
609.79,0.658522,0.002586
610.23,0.654088,0.001167
610.67,0.657501,-0.000339
611.11,0.654385,0.000728
611.54,0.656864,-0.003643
611.98,0.657574,-0.002939
612.42,0.659436,0.001822
612.86,0.655979,0.001609
613.29,0.658028,-0.004729
613.73,0.660119,-0.001288
614.17,0.659156,0.000183
614.61,0.659959,0.004365
615.05,0.655334,0.000729
615.48,0.659321,-0.001374
615.92,0.656537,0.004504
616.36,0.655378,-0.000225
616.80,0.656734,-0.000701
617.23,0.655992,0.002524
617.67,0.654524,0.000694
618.11,0.655384,-0.000173
618.55,0.654675,-0.007216
618.98,0.661701,-0.004053
619.42,0.658223,0.010608
619.86,0.652414,-0.002236
620.30,0.660181,-0.001667
620.74,0.653873,0.002369
621.17,0.658108,-0.002899
621.61,0.656411,-0.002061
622.05,0.659912,-0.000932
622.49,0.657227,-0.002209
622.92,0.661846,0.002868
623.36,0.654716,0.007504
623.80,0.655277,-0.002266
624.24,0.656699,0.007356
624.67,0.648838,-0.000984
625.11,0.657561,-0.011521
625.55,0.658924,0.003810
625.99,0.654225,-0.004282
626.43,0.662672,-0.002981
626.86,0.656835,0.007275
627.30,0.656303,-0.000175
627.74,0.656988,0.005006
628.18,0.651921,0.004557
628.61,0.652999,-0.002761
629.05,0.654338,-0.002344
629.49,0.655050,0.001128
629.93,0.653351,0.005289
630.37,0.650420,0.000410
630.80,0.652992,-0.007602
631.24,0.657075,-0.008062
631.68,0.660050,-0.001155
632.12,0.658086,0.007300
632.55,0.653659,0.006740
632.99,0.652185,-0.002223
633.43,0.655606,-0.004945
633.87,0.656515,-0.004042
634.30,0.659144,0.006014
634.74,0.651250,0.008013
635.18,0.652129,-0.002597
635.62,0.653523,-0.003372
636.06,0.655080,0.004156
636.49,0.649885,0.001204
636.93,0.654026,-0.011855
637.37,0.660264,0.001977
637.81,0.652296,0.005448
638.24,0.655494,0.003840
638.68,0.648934,0.005692
639.12,0.650511,-0.000047
639.56,0.648975,-0.005583
639.99,0.655399,-0.009956
640.43,0.657691,0.002064
640.87,0.653592,0.007327
641.31,0.651276,0.002277
641.75,0.651599,-0.004374
642.18,0.655105,-0.008603
642.62,0.659130,0.003835
643.06,0.651748,0.002197
643.50,0.657207,-0.002406
643.93,0.653854,-0.000213
644.37,0.657394,-0.001841
644.81,0.655466,0.000550
645.25,0.656913,-0.001771
645.69,0.657016,0.003002
646.12,0.654285,0.002905
646.56,0.654473,-0.004347
647.00,0.658090,-0.000156
647.44,0.654610,0.003385
647.87,0.655127,0.001969
648.31,0.652886,-0.003083
648.75,0.657826,0.004737
649.19,0.648739,0.002300
649.62,0.655813,-0.004469
650.06,0.652651,0.002462
650.50,0.653658,-0.001722
650.94,0.654159,-0.001191
651.38,0.654701,0.005251
651.81,0.649562,-0.000517
652.25,0.655153,-0.003404
652.69,0.652542,0.000886
653.13,0.654378,-0.000138
653.56,0.652663,0.005777
654.00,0.649320,-0.003095
654.44,0.655373,-0.003371
654.88,0.652271,0.001805
655.32,0.653792,-0.002486
655.75,0.654448,-0.003083
656.19,0.656491,0.009635
656.63,0.646013,0.005130
657.07,0.652000,-0.009790
657.50,0.654584,0.001388
657.94,0.650785,0.000099
658.38,0.654497,0.000445
658.82,0.650396,-0.001007
659.25,0.655379,-0.000527
659.69,0.650857,0.003065
660.13,0.652696,-0.002382
660.57,0.652943,0.000610
661.01,0.652161,-0.002520
661.44,0.655149,-0.004554
661.88,0.656148,0.003570
662.32,0.652023,0.007660
662.76,0.649442,-0.003125
663.19,0.654758,-0.003071
663.63,0.652131,0.002992
664.07,0.652140,-0.002090
664.51,0.653960,-0.002990
664.94,0.654757,-0.000385
665.38,0.654297,0.003890
665.82,0.651351,-0.001703
666.26,0.655788,-0.004125
666.70,0.654963,0.007400
667.13,0.649310,0.006658
667.57,0.649134,-0.010439
668.01,0.658449,-0.006636
668.45,0.654944,0.009634
668.88,0.650014,-0.004274
669.32,0.658686,0.001693
669.76,0.648532,0.010273
670.20,0.649692,-0.005505
670.64,0.653351,-0.001343
671.07,0.650868,0.005780
671.51,0.648291,-0.002516
671.95,0.653070,-0.006117
672.39,0.653647,-0.004716
672.82,0.657199,0.000770
673.26,0.652972,-0.001692
673.70,0.658680,-0.003613
674.14,0.656136,0.006438
674.57,0.653044,0.001948
675.01,0.654430,0.004545
675.45,0.649066,0.005612
675.89,0.649517,-0.005145
676.33,0.653569,0.004500
676.76,0.645578,0.000639
677.20,0.653010,0.003152
677.64,0.642818,-0.000798
678.08,0.653709,-0.007402
678.51,0.649299,0.008624
678.95,0.646160,0.001841
679.39,0.647687,-0.003509
679.83,0.649231,-0.005164
680.27,0.652207,0.000200
680.70,0.649056,0.003903
681.14,0.648791,-0.006327
681.58,0.654595,-0.002480
682.02,0.650961,0.005592
682.45,0.649699,0.001486
682.89,0.649660,0.004256
683.33,0.645974,-0.006381
683.77,0.655246,-0.003717
684.20,0.649227,0.006222
684.64,0.649799,0.006964
685.08,0.643131,0.009382
685.52,0.641585,-0.008149
685.96,0.650265,-0.009360
686.39,0.649779,-0.001463
686.83,0.651546,-0.000501
687.27,0.650217,0.008143
687.71,0.644417,0.008130
688.14,0.643100,-0.002817
688.58,0.646884,-0.004283
689.02,0.646849,0.003458
689.46,0.643857,-0.002670
689.89,0.649186,-0.001613
690.33,0.645269,-0.000372
690.77,0.649512,0.000930
691.21,0.644454,-0.002383
691.65,0.651597,-0.004834
692.08,0.648686,0.006676
692.52,0.645753,0.005532
692.96,0.643843,0.000750
693.40,0.645097,-0.001613
693.83,0.645255,-0.001625
694.27,0.646519,0.002921
694.71,0.642698,0.001527
695.15,0.645183,0.004030
695.59,0.639169,0.007397
696.02,0.638707,-0.001266
696.46,0.640278,-0.009591
696.90,0.647104,-0.003103
697.34,0.642994,-0.001280
697.77,0.648224,-0.001884
698.21,0.644644,0.011170
698.65,0.638445,0.001978
699.09,0.642912,-0.005769
699.52,0.643495,-0.003215
699.96,0.645727,0.003137
700.40,0.640749,0.003124
700.84,0.642992,0.004491
701.28,0.636817,0.001129
701.71,0.642004,-0.001471
702.15,0.638105,0.001617
702.59,0.640588,0.002819
703.03,0.635637,-0.000312
703.46,0.640861,-0.001857
703.90,0.637262,0.002522
704.34,0.638653,-0.000653
704.78,0.637834,-0.001823
705.22,0.640249,0.000450
705.65,0.637440,0.001170
706.09,0.639225,-0.001610
706.53,0.638849,0.001697
706.97,0.637739,0.003072
707.40,0.636160,-0.003146
707.84,0.640493,-0.003470
708.28,0.639198,0.005244
708.72,0.635903,0.004137
709.15,0.635576,-0.002244
709.59,0.637868,0.000227
710.03,0.635377,0.004402
710.47,0.634013,-0.001485
710.91,0.636677,0.006543
711.34,0.628286,0.002392
711.78,0.634583,-0.007449
712.22,0.634807,0.000270
712.66,0.634347,-0.004835
713.09,0.639039,0.005542
713.53,0.629495,0.006870
713.97,0.633025,0.002415
714.41,0.627381,0.002036
714.84,0.631243,-0.015203
715.28,0.640691,-0.000433
715.72,0.631622,0.006897
716.16,0.634653,0.007920
716.60,0.624688,0.007077
717.03,0.628458,-0.010468
717.47,0.633853,-0.006428
717.91,0.634085,0.006987
718.35,0.627736,0.000881
718.78,0.633314,0.000699
719.22,0.627124,0.008720
719.66,0.625680,-0.005507
720.10,0.631945,-0.002961
720.54,0.628272,0.003227
720.97,0.629120,-0.003866
721.41,0.631657,-0.000889
721.85,0.629898,0.005829
722.29,0.626554,0.005091
722.72,0.625442,-0.002055
723.16,0.628353,-0.005026
723.60,0.629842,0.002809
724.04,0.625894,0.002069
724.47,0.628030,0.004678
724.91,0.621798,-0.000063
725.35,0.628085,-0.005300
725.79,0.626438,0.000222
726.23,0.627891,0.000692
726.66,0.625833,0.007402
727.10,0.621411,0.013170
727.54,0.614303,-0.002100
727.98,0.623249,-0.009621
728.41,0.622726,0.006233
728.85,0.617792,0.005079
729.29,0.618279,-0.002314
729.73,0.619818,0.003064
730.17,0.615597,0.012349
730.60,0.609007,-0.007688
731.04,0.622328,-0.009634
731.48,0.617441,0.006540
731.92,0.616603,-0.005129
732.35,0.621932,0.006287
732.79,0.611099,0.015606
733.23,0.608270,-0.013593
733.67,0.622999,-0.009910
734.10,0.616945,0.006131
734.54,0.617632,-0.001929
734.98,0.618633,-0.000681
735.42,0.618228,0.005459
735.86,0.613854,-0.001082
736.29,0.619175,0.000083
736.73,0.613782,0.001499
737.17,0.617862,-0.000698
737.61,0.614392,0.006344
738.04,0.612309,-0.001794
738.48,0.615963,-0.003499
738.92,0.615372,0.002956
739.36,0.613375,0.006409
739.79,0.609761,0.002160
740.23,0.611484,-0.002762
740.67,0.612179,-0.003173
741.11,0.614262,-0.001685
741.55,0.613654,0.004640
741.98,0.610200,0.000849
742.42,0.612911,-0.007102
742.86,0.616418,0.004583
743.30,0.608899,0.010046
743.73,0.607623,-0.001162
744.17,0.609916,-0.000167
744.61,0.607770,-0.002765
745.05,0.612336,-0.001378
745.49,0.608976,0.005674
745.92,0.607369,-0.002818
746.36,0.611443,-0.000440
746.80,0.607754,0.010320
747.24,0.602408,0.000672
747.67,0.607165,-0.005800
748.11,0.607485,-0.000351
748.55,0.607473,0.001936
748.99,0.605790,-0.002078
749.42,0.609292,0.000648
749.86,0.605223,0.006043
750.30,0.604001,-0.003807
750.74,0.608556,0.002431
751.18,0.601873,0.009708
751.61,0.600058,-0.005221
752.05,0.606443,-0.004287
752.49,0.603811,0.004688
752.93,0.602339,0.000461
753.36,0.603407,-0.000512
753.80,0.602787,0.004478
754.24,0.599487,-0.002824
754.68,0.605260,-0.007502
755.12,0.606055,0.000286
755.55,0.605009,0.010206
755.99,0.597120,0.004502
756.43,0.601068,-0.009419
756.87,0.605366,-0.003111
757.30,0.603792,0.002689
757.74,0.603012,0.001459
758.18,0.602515,0.001453
758.62,0.601740,-0.003709
759.05,0.605762,-0.000409
759.49,0.602098,0.000878
759.93,0.604993,0.000559
760.37,0.601609,0.006104
760.81,0.599649,-0.001269
761.24,0.602720,-0.001593
761.68,0.601044,0.001537
762.12,0.601375,0.003000
762.56,0.598418,-0.002952
762.99,0.603959,0.000016
763.43,0.598404,0.002793
763.87,0.601514,0.002698
764.31,0.596042,0.002309
764.74,0.599493,-0.004955
765.18,0.600380,-0.002250
765.62,0.601462,0.002119
766.06,0.598525,0.008724
766.50,0.593825,0.000348
766.93,0.598220,-0.010543
767.37,0.603055,-0.001433
767.81,0.599475,0.005719
768.25,0.598048,0.001763
768.68,0.597931,0.000543
769.12,0.597573,0.001597
769.56,0.596533,0.000168
770.00,0.597426,-0.001108
770.44,0.597503,0.001034
770.87,0.596521,-0.004378
771.31,0.601336,-0.002667
771.75,0.598855,-0.002184
772.19,0.603248,-0.002712
772.62,0.601230,0.006568
773.06,0.597498,0.006136
773.50,0.595858,-0.002505
773.94,0.599692,-0.002183
774.37,0.597769,0.009066
774.81,0.591755,-0.001964
775.25,0.599488,-0.008192
775.69,0.598927,0.000524
776.13,0.599030,0.003003
776.56,0.596298,0.000787
777.00,0.598340,-0.003444
777.44,0.599313,0.003506
777.88,0.595271,0.000346
778.31,0.599010,0.003627
778.75,0.592096,0.000663
779.19,0.598429,-0.002108
779.63,0.593941,0.004797
780.07,0.594229,-0.006988
780.50,0.600059,-0.005835
780.94,0.599337,0.003299
781.38,0.597170,-0.000102
781.82,0.599426,0.000947
782.25,0.596341,-0.000409
782.69,0.599784,0.003598
783.13,0.593192,0.008474
783.57,0.592366,-0.002529
784.00,0.595406,-0.004651
784.44,0.596438,-0.003553
784.88,0.598516,0.001835
785.32,0.594831,-0.003590
785.76,0.601659,-0.000126
786.19,0.594941,0.005503
786.63,0.596841,-0.000174
787.07,0.595094,0.001014
787.51,0.595954,0.001353
787.94,0.593910,-0.001096
788.38,0.596913,-0.006067
788.82,0.599221,-0.002363
789.26,0.598981,-0.001993
789.69,0.600965,0.000880
790.13,0.598211,0.009219
790.57,0.592894,0.004114
791.01,0.594610,-0.001850
791.45,0.594514,-0.000126
791.88,0.594720,0.003413
792.32,0.591526,-0.002958
792.76,0.597310,-0.009211
793.20,0.599590,0.000344
793.63,0.597008,0.006147
794.07,0.594209,-0.000511
794.51,0.597456,-0.003235
794.95,0.597041,0.004041
795.39,0.593918,0.003039
795.82,0.594380,-0.002416
796.26,0.596033,0.005234
796.70,0.589798,-0.000299
797.14,0.596295,-0.007617
797.57,0.596466,0.002359
798.01,0.594230,-0.001124
798.45,0.597450,-0.000746
798.89,0.594883,0.010542
799.32,0.588221,0.002036
799.76,0.593101,-0.005784
800.20,0.593284,-0.002861
800.64,0.595605,-0.004298
801.08,0.597047,0.000856
801.51,0.594855,0.003840
801.95,0.593685,-0.004061
802.39,0.598411,0.000998
802.83,0.592812,0.000088
803.26,0.598334,-0.004386
803.70,0.596651,0.006524
804.14,0.592623,-0.003431
804.58,0.599655,-0.004749
805.02,0.596780,0.013305
805.45,0.588007,0.006860
805.89,0.590774,-0.004326
806.33,0.591794,-0.008209
806.77,0.597961,-0.004842
807.20,0.596033,0.006979
807.64,0.591851,0.000502
808.08,0.595593,-0.002127
808.52,0.593713,0.000151
808.95,0.595461,0.007653
809.39,0.587013,-0.000513
809.83,0.595910,-0.006199
810.27,0.592441,0.001941
810.71,0.594211,0.000461
811.14,0.592037,-0.001172
811.58,0.595237,0.002778
812.02,0.589605,0.003780
812.46,0.591927,-0.008464
812.89,0.597015,-0.007641
813.33,0.598616,0.002185
813.77,0.595102,0.003760
814.21,0.595325,0.003742
814.64,0.591826,0.003286
815.08,0.592448,-0.004293
815.52,0.595584,-0.005658
815.96,0.597401,0.005446
816.40,0.590817,0.000373
816.83,0.597074,-0.000381
817.27,0.591150,0.001683
817.71,0.595601,0.000396
818.15,0.590804,0.002945
818.58,0.593023,-0.003509
819.02,0.593875,-0.004268
819.46,0.596759,0.001115
819.90,0.592899,0.006330
820.34,0.591217,-0.006983
820.77,0.599013,-0.000170
821.21,0.591367,0.000759
821.65,0.598349,-0.003596
822.09,0.594515,0.004617
822.52,0.594307,0.002616
822.96,0.592225,0.005986
823.40,0.589066,0.002966
823.84,0.589628,-0.006199
824.27,0.594493,-0.007955
824.71,0.596592,0.000333
825.15,0.594201,-0.004098
825.59,0.600180,0.003715
826.03,0.590949,0.009473
826.46,0.591886,-0.005709
826.90,0.595947,0.000576
827.34,0.591382,0.003909
827.78,0.592525,-0.003930
828.21,0.594823,-0.001549
828.65,0.593881,-0.002222
829.09,0.596768,0.001703
829.53,0.592390,-0.004051
829.96,0.600314,-0.001175
830.40,0.593418,0.009364
830.84,0.592117,0.003166
831.28,0.590647,-0.002040
831.72,0.593903,-0.006823
832.15,0.596620,0.002385
832.59,0.591816,0.004585
833.03,0.592606,-0.005219
833.47,0.596384,-0.002498
833.90,0.594793,0.007774
834.34,0.589578,-0.005958
834.78,0.600009,-0.001500
835.22,0.590892,0.008585
835.66,0.592493,-0.008369
836.09,0.598218,-0.001623
836.53,0.593914,0.004287
836.97,0.594465,-0.006814
837.41,0.599879,-0.001237
837.84,0.595548,0.009263
838.28,0.591770,0.001949
838.72,0.593842,-0.002929
839.16,0.594334,0.005593
839.59,0.588946,0.003224
840.03,0.591512,-0.008842
840.47,0.596686,-0.009515
840.91,0.599842,0.004026
841.35,0.593161,0.003534
841.78,0.596748,-0.001799
842.22,0.594736,0.004668
842.66,0.592662,0.001796
843.10,0.593164,-0.001663
843.53,0.594117,0.004544
843.97,0.589186,-0.001296
844.41,0.595252,-0.007569
844.85,0.595813,0.002563
845.29,0.593008,-0.002782
845.72,0.598248,-0.001217
846.16,0.594074,0.003500
846.60,0.595185,0.004982
847.04,0.589713,0.002408
847.47,0.593076,-0.009561
847.91,0.598083,0.000090
848.35,0.592998,0.012203
848.79,0.587400,-0.000397
849.22,0.593345,-0.005377
849.66,0.592107,0.000524
850.10,0.592886,-0.003397
850.54,0.595081,-0.002914
850.98,0.595437,0.000537
851.41,0.594611,0.011102
851.85,0.585718,0.003481
852.29,0.591564,-0.011126
852.73,0.595457,-0.003636
853.16,0.594746,0.007166
853.60,0.589184,0.005810
854.04,0.589660,-0.003594
854.48,0.592331,-0.002387
854.91,0.591749,-0.007820
855.35,0.599177,-0.000428
855.79,0.592124,0.006989
856.23,0.593059,-0.002108
856.67,0.593969,-0.006666
857.10,0.598894,0.001028
857.54,0.593069,0.004860
857.98,0.594640,-0.000746
858.42,0.593722,0.001634
858.85,0.593209,0.003611
859.29,0.590562,0.002010
859.73,0.591450,-0.007351
860.17,0.596997,-0.003394
860.61,0.594421,0.003100
861.04,0.594284,0.001801
861.48,0.592844,0.000534
861.92,0.593816,0.002905
862.36,0.590301,0.005769
862.79,0.588766,-0.006025
863.23,0.595575,-0.005458
863.67,0.593545,0.002228
864.11,0.593624,-0.000508
864.54,0.593990,0.001981
864.98,0.591890,0.005712
865.42,0.588989,-0.002054
865.86,0.593688,-0.006811
866.30,0.594952,-0.000499
866.73,0.594125,-0.002512
867.17,0.597151,0.001668
867.61,0.592665,0.001226
868.05,0.596078,0.001710
868.48,0.591168,0.005156
868.92,0.591564,-0.004755
869.36,0.595331,-0.004154
869.80,0.595201,0.001842
870.24,0.593718,0.000870
870.67,0.594439,-0.001500
871.11,0.595031,-0.000129
871.55,0.594551,0.003012
871.99,0.592395,0.006894
872.42,0.588516,-0.005676
872.86,0.597363,-0.004707
873.30,0.592637,0.002467
873.74,0.595204,0.001217
874.17,0.591572,0.006031
874.61,0.589925,-0.004876
875.05,0.595840,-0.006809
875.49,0.595885,0.004123
875.93,0.592231,0.003623
876.36,0.592713,-0.005699
876.80,0.597220,-0.005225
877.24,0.597288,0.008923
877.68,0.589409,0.002306
878.11,0.595269,-0.000164
878.55,0.589552,0.001122
878.99,0.594286,-0.010491
879.43,0.598736,-0.001617
879.86,0.595702,0.003518
880.30,0.595657,-0.001001
880.74,0.596578,-0.001168
881.18,0.596679,0.003916
881.62,0.593150,0.008381
882.05,0.589342,0.002745
882.49,0.590747,-0.009187
882.93,0.597384,-0.003984
883.37,0.594234,-0.000534
883.80,0.597852,-0.002365
884.24,0.596304,0.003713
884.68,0.594602,0.005842
885.12,0.591190,-0.002204
885.56,0.596532,-0.002350
885.99,0.593247,-0.002597
886.43,0.598805,0.002015
886.87,0.591484,0.004741
887.31,0.594655,0.000651
887.74,0.590914,0.003500
888.18,0.591590,-0.003866
888.62,0.594298,0.002897
889.06,0.589054,0.003567
889.49,0.591175,-0.006484
889.93,0.594730,0.003034
890.37,0.588520,0.001824
890.81,0.593134,-0.015461
891.25,0.602055,0.008474
891.68,0.585716,0.009764
892.12,0.593507,-0.008925
892.56,0.593529,0.000428
893.00,0.593132,0.001097
893.43,0.592569,0.000118
893.87,0.593029,0.005925
894.31,0.587382,-0.006486
894.75,0.598707,-0.003910
895.19,0.590804,0.008154
895.62,0.591569,-0.006471
896.06,0.596469,-0.001677
896.50,0.593037,0.000327
896.94,0.596183,0.008472
897.37,0.585620,0.004898
897.81,0.591896,-0.001077
898.25,0.586563,-0.006654
898.69,0.597721,-0.005160
899.12,0.591080,0.009223
899.56,0.589647,-0.001129
900.00,0.592069,-0.005532
