time,temperature,vapor_pressure,depth
0.0,0.0,107009.95933218833,5
0.10008340283569642,0.5004170141784821,110340.14690832024,5
0.20016680567139283,1.0008340283569641,107601.69590527352,5
0.3002502085070893,1.5012510425354464,107437.94902322524,5
0.40033361134278567,2.0016680567139282,110870.94275351027,5
0.5004170141784821,2.5020850708924103,109979.94153373736,5
0.6005004170141786,3.002502085070893,108961.02992363728,5
0.700583819849875,3.502919099249375,110681.64264115371,5
0.8006672226855713,4.0033361134278564,113434.32393778762,5
0.9007506255212677,4.5037531276063385,112026.24035161948,5
1.0008340283569641,5.004170141784821,113617.46035176162,5
1.1009174311926606,5.5045871559633035,113799.50906153576,5
1.2010008340283571,6.005004170141786,113868.71176650778,5
1.3010842368640534,6.505421184320267,115218.26549698693,5
1.40116763969975,7.00583819849875,115859.35736979067,5
1.5012510425354462,7.506255212677231,114950.87663871348,5
1.6013344453711427,8.006672226855713,116076.80222973807,5
1.7014178482068392,8.507089241034196,114543.02596073221,5
1.8015012510425354,9.007506255212677,116084.07529698266,5
1.901584653878232,9.50792326939116,118515.02937520556,5
2.0016680567139282,10.008340283569641,119298.3075538777,5
2.1017514595496247,10.508757297748124,121992.32864188777,5
2.2018348623853212,11.009174311926607,119752.85221685612,5
2.3019182652210177,11.509591326105088,120755.37855744336,5
2.4020016680567142,12.010008340283571,120592.56296433322,5
2.5020850708924103,12.51042535446205,122356.15699892947,5
2.602168473728107,13.010842368640533,123121.9156747261,5
2.7022518765638033,13.511259382819016,123627.70339910759,5
2.8023352793995,14.0116763969975,121519.79388171133,5
2.9024186822351963,14.512093411175982,124979.81107306445,5
3.0025020850708923,15.012510425354462,126016.8841820778,5
3.102585487906589,15.512927439532945,125420.06368426069,5
3.2026688907422853,16.013344453711426,127805.80366116157,5
3.302752293577982,16.51376146788991,128028.15825818843,5
3.4028356964136783,17.01417848206839,127437.49999919496,5
3.5029190992493744,17.514595496246873,127666.89496247604,5
3.603002502085071,18.015012510425354,129672.85707664727,5
3.7030859049207674,18.51542952460384,129554.82885076416,5
3.803169307756464,19.01584653878232,130714.07684377677,5
3.9032527105921604,19.5162635529608,130760.19368012545,5
4.0033361134278564,20.016680567139282,133304.319662489,5
4.103419516263553,20.517097581317767,132654.9296199568,5
4.2035029190992494,21.017514595496248,132578.80414462477,5
4.3035863219349455,21.517931609674726,132876.81638306714,5
4.4036697247706424,22.018348623853214,133749.09057534617,5
4.5037531276063385,22.51876563803169,136526.1300820552,5
4.6038365304420354,23.019182652210176,136833.59586530644,5
4.7039199332777315,23.519599666388658,136441.02585012926,5
4.8040033361134284,24.020016680567142,135704.49532005435,5
4.9040867389491245,24.520433694745623,137652.20648112532,5
5.004170141784821,25.0208507089241,139309.38805841052,5
5.1042535446205175,25.52126772310259,138959.64810313072,5
5.204336947456214,26.021684737281067,139962.03264885928,5
5.3044203502919105,26.52210175145955,138804.3711501407,5
5.404503753127607,27.022518765638033,141298.7789639841,5
5.504587155963303,27.522935779816514,141204.4637163351,5
5.604670558799,28.023352793995,143454.20680224922,5
5.704753961634696,28.523769808173476,142808.01080785735,5
5.804837364470393,29.024186822351965,143236.19205385307,5
5.904920767306089,29.524603836530442,146995.08844991424,5
6.005004170141785,30.025020850708923,146518.3288768264,5
6.105087572977482,30.525437864887408,146105.98781655004,5
6.205170975813178,31.02585487906589,146878.4446104581,5
6.305254378648875,31.526271893244374,147582.31048616162,5
6.405337781484571,32.02668890742285,150631.51158611773,5
6.505421184320267,32.52710592160133,149168.96595545704,5
6.605504587155964,33.02752293577982,150757.59974192674,5
6.70558798999166,33.527939949958295,149371.73612347507,5
6.805671392827357,34.02835696413678,151236.23238329822,5
6.905754795663053,34.528773978315265,150894.96999411072,5
7.005838198498749,35.029190992493746,154126.58606686385,5
7.105921601334446,35.52960800667223,155221.39859262534,5
7.206005004170142,36.03002502085071,154647.76987054278,5
7.306088407005839,36.530442035029196,155885.57996428778,5
7.406171809841535,37.03085904920768,155403.98880171438,5
7.506255212677231,37.53127606338615,158017.5962304955,5
7.606338615512928,38.03169307756464,156339.1264651173,5
7.706422018348624,38.53211009174312,158571.72481092243,5
7.806505421184321,39.0325271059216,158829.36992533086,5
7.906588824020017,39.53294412010008,160767.8893586539,5
8.006672226855713,40.033361134278564,160901.46007561276,5
8.10675562969141,40.533778148457046,162637.4261055055,5
8.206839032527107,41.034195162635534,161566.98420764267,5
8.306922435362802,41.53461217681401,163553.95154803913,5
8.407005838198499,42.035029190992496,163794.75092348212,5
8.507089241034196,42.53544620517098,164766.3090394213,5
8.607172643869891,43.03586321934945,164750.38294470994,5
8.707256046705588,43.53628023352794,164489.59736193475,5
8.807339449541285,44.03669724770643,166402.42502552082,5
8.907422852376982,44.53711426188491,169020.3847807099,5
9.007506255212677,45.03753127606338,168854.18316654352,5
9.107589658048374,45.53794829024187,168413.5451300383,5
9.207673060884071,46.03836530442035,170121.32178319962,5
9.307756463719766,46.538782318598834,171018.67559904308,5
9.407839866555463,47.039199332777315,171147.3242124328,5
9.50792326939116,47.539616346955796,171369.28081255325,5
9.608006672226857,48.040033361134284,174663.03778667797,5
9.708090075062552,48.54045037531276,173347.07341003494,5
9.808173477898249,49.04086738949125,175592.01626528474,5
9.908256880733946,49.54128440366973,176117.2684491607,5
10.008340283569641,50.0417014178482,178534.7435707648,5
10.108423686405338,50.54211843202669,176909.3368731197,5
10.208507089241035,51.04253544620518,179067.96158283838,5
10.30859049207673,51.54295246038365,180400.13294423616,5
10.408673894912427,52.043369474562134,180621.53616879438,5
10.508757297748124,52.54378648874062,180903.82793998683,5
10.608840700583821,53.0442035029191,183337.3263359795,5
10.708924103419516,53.544620517097584,184505.9216019474,5
10.809007506255213,54.045037531276066,184800.62120787284,5
10.90909090909091,54.54545454545455,186850.24698327822,5
11.009174311926605,55.04587155963303,184435.08041749877,5
11.109257714762302,55.54628857381151,187238.36715228905,5
11.209341117598,56.04670558799,189539.6354898387,5
11.309424520433694,56.54712260216847,190519.86307897404,5
11.409507923269391,57.04753961634695,191313.16068425722,5
11.509591326105088,57.54795663052544,192006.04544811122,5
11.609674728940785,58.04837364470393,190428.04623620343,5
11.70975813177648,58.5487906588824,193361.6953942641,5
11.809841534612177,59.049207673060884,196511.48392801467,5
11.909924937447874,59.54962468723937,193368.2126270219,5
12.01000834028357,60.05004170141785,196949.30151591628,5
12.110091743119266,60.550458715596335,197167.104180797,5
12.210175145954963,61.050875729774816,197615.62355165466,5
12.310258548790658,61.55129274395329,197007.44724757934,5
12.410341951626355,62.05170975813178,198390.78925433746,5
12.510425354462052,62.55212677231026,201200.73324105502,5
12.61050875729775,63.05254378648875,202083.34591844713,5
12.710592160133444,63.55296080066722,204848.025854,5
12.810675562969141,64.0533778148457,203194.00364207893,5
12.910758965804838,64.55379482902418,204434.55931045805,5
13.010842368640533,65.05421184320267,206463.2634071637,5
13.11092577147623,65.55462885738115,208291.9653220985,5
13.211009174311927,66.05504587155964,209531.54336088567,5
13.311092577147624,66.55546288573812,209773.47250793382,5
13.41117597998332,67.05587989991659,210461.1492304111,5
13.511259382819016,67.55629691409509,212082.3293788885,5
13.611342785654713,68.05671392827357,211996.34935570037,5
13.711426188490409,68.55713094245205,214230.67722983082,5
13.811509591326105,69.05754795663053,214458.43118665443,5
13.911592994161802,69.55796497080901,217146.77500543254,5
14.011676396997498,70.05838198498749,217578.3633145273,5
14.111759799833195,70.55879899916597,218606.46841935077,5
14.211843202668891,71.05921601334445,217941.22136948016,5
14.311926605504588,71.55963302752295,218845.4427922283,5
14.412010008340284,72.06005004170142,220589.44658904226,5
14.51209341117598,72.5604670558799,222627.35311785364,5
14.612176814011677,73.06088407005839,223951.5813398762,5
14.712260216847373,73.56130108423686,227580.47420602205,5
14.81234361968307,74.06171809841535,227314.2301481164,5
14.912427022518767,74.56213511259384,228026.12589976343,5
15.012510425354462,75.0625521267723,227291.90124280035,5
15.112593828190159,75.5629691409508,228637.33825206794,5
15.212677231025856,76.06338615512928,229453.41303533243,5
15.312760633861553,76.56380316930776,232129.47348442266,5
15.412844036697248,77.06422018348624,230355.2720156238,5
15.512927439532945,77.56463719766472,234167.89995438018,5
15.613010842368642,78.0650542118432,234901.66290116205,5
15.713094245204337,78.56547122602169,235984.9896006387,5
15.813177648040034,79.06588824020017,236873.0224757538,5
15.91326105087573,79.56630525437865,241074.25138696015,5
16.013344453711426,80.06672226855713,240454.25927111678,5
16.113427856547123,80.56713928273561,241196.98918764887,5
16.21351125938282,81.06755629691409,242528.2801167834,5
16.313594662218517,81.56797331109259,244482.1044439924,5
16.413678065054214,82.06839032527107,244332.74945481843,5
16.51376146788991,82.56880733944955,245921.08585649965,5
16.613844870725604,83.06922435362802,245841.68834583418,5
16.7139282735613,83.5696413678065,248772.34826395966,5
16.814011676396998,84.07005838198499,249967.05210947993,5
16.914095079232695,84.57047539616347,251597.79478573962,5
17.01417848206839,85.07089241034195,253378.42998432068,5
17.11426188490409,85.57130942452045,254620.5750662294,5
17.214345287739782,86.0717264386989,253716.4443860355,5
17.31442869057548,86.5721434528774,256991.6922350228,5
17.414512093411176,87.07256046705588,259064.63050463086,5
17.514595496246873,87.57297748123436,258471.85315194703,5
17.61467889908257,88.07339449541286,260218.55485378104,5
17.714762301918267,88.57381150959134,260838.91502225611,5
17.814845704753964,89.07422852376982,262827.160909633,5
17.914929107589657,89.57464553794829,263660.7445242134,5
18.015012510425354,90.07506255212677,265517.3316902836,5
18.11509591326105,90.57547956630526,266856.81455999124,5
18.215179316096748,91.07589658048374,268002.65855963837,5
18.315262718932445,91.57631359466222,266775.8664756512,5
18.415346121768142,92.0767306088407,270641.1489365209,5
18.51542952460384,92.57714762301919,271819.1162233979,5
18.615512927439532,93.07756463719767,272040.0635353565,5
18.71559633027523,93.57798165137615,274061.08147424523,5
18.815679733110926,94.07839866555463,276255.0688688933,5
18.915763135946623,94.57881567973311,277312.0082553715,5
19.01584653878232,95.07923269391159,278863.9638112785,5
19.115929941618017,95.57964970809009,279857.6258590632,5
19.216013344453714,96.08006672226857,281512.0990276415,5
19.316096747289407,96.58048373644704,282354.25082961645,5
19.416180150125104,97.08090075062552,286231.37512237433,5
19.5162635529608,97.581317764804,286209.64343599713,5
19.616346955796498,98.0817347789825,286948.314582426,5
19.716430358632195,98.58215179316097,288882.93508263875,5
19.816513761467892,99.08256880733946,289343.36651047587,5
19.916597164303585,99.58298582151792,290464.3788458511,5
20.016680567139282,100.0834028356964,294060.00002168515,5
20.11676396997498,100.5838198498749,295650.17929072713,5
20.216847372810676,101.08423686405338,295610.7021653734,5
20.316930775646373,101.58465387823186,295888.70218926336,5
20.41701417848207,102.08507089241036,299137.1759183046,5
20.517097581317767,102.58548790658884,300630.67523223854,5
20.61718098415346,103.0859049207673,300649.6076021603,5
20.717264386989157,103.58632193494579,302181.3831740758,5
20.817347789824854,104.08673894912427,304939.9238063651,5
20.91743119266055,104.58715596330276,304228.17688224505,5
21.017514595496248,105.08757297748124,307682.0909694281,5
21.117597998331945,105.58798999165973,310775.7348746921,5
21.217681401167642,106.0884070058382,311223.1347904906,5
21.317764804003335,106.58882402001667,312016.4322591284,5
21.417848206839032,107.08924103419517,315605.7908070646,5
21.51793160967473,107.58965804837365,315294.8387623133,5
21.618015012510426,108.09007506255213,316843.02134128293,5
21.718098415346123,108.59049207673061,320618.90590949997,5
21.81818181818182,109.0909090909091,321176.8072789141,5
21.918265221017514,109.59132610508757,322136.6871483341,5
22.01834862385321,110.09174311926606,324245.85783861007,5
22.118432026688907,110.59216013344454,324631.5680764154,5
22.218515429524604,111.09257714762302,329102.7565774117,5
22.3185988323603,111.5929941618015,328386.7117790103,5
22.418682235196,112.09341117598,331025.3091408952,5
22.518765638031695,112.59382819015848,332410.9205565762,5
22.61884904086739,113.09424520433694,334364.9706281479,5
22.718932443703086,113.59466221851542,336314.4938280109,5
22.819015846538782,114.0950792326939,336915.73721452,5
22.91909924937448,114.5954962468724,338018.3727497836,5
23.019182652210176,115.09591326105088,339366.64859314275,5
23.119266055045873,115.59633027522936,341838.8226683433,5
23.21934945788157,116.09674728940786,345390.3159731762,5
23.319432860717264,116.59716430358631,345350.9998626387,5
23.41951626355296,117.0975813177648,350221.64075421344,5
23.519599666388658,117.59799833194329,350274.6557943461,5
23.619683069224354,118.09841534612177,350996.6621087264,5
23.71976647206005,118.59883236030026,352554.47923681885,5
23.81984987489575,119.09924937447875,354377.8686456263,5
23.919933277731445,119.59966638865723,356150.9909116328,5
24.02001668056714,120.1000834028357,359019.418201456,5
24.120100083402836,120.60050041701417,359782.53252719186,5
24.220183486238533,121.10091743119267,359173.29137450864,5
24.32026688907423,121.60133444537115,361974.63277158333,5
24.420350291909926,122.10175145954963,365330.054152364,5
24.520433694745623,122.60216847372811,366904.07557162596,5
24.620517097581317,123.10258548790658,370751.41445001244,5
24.720600500417014,123.60300250208508,370932.6170991222,5
24.82068390325271,124.10341951626356,372721.89352352265,5
24.920767306088408,124.60383653044204,374157.5446862489,5
25.020850708924105,125.10425354462052,377197.44493591896,5
25.1209341117598,125.604670558799,378241.4647686886,5
25.2210175145955,126.1050875729775,381269.53324565775,5
25.321100917431192,126.60550458715596,382397.3894092141,5
25.42118432026689,127.10592160133444,384081.38395005366,5
25.521267723102586,127.60633861551293,387383.3803822409,5
25.621351125938283,128.1067556296914,388486.7570770217,5
25.72143452877398,128.6071726438699,390612.8500529455,5
25.821517931609677,129.10758965804837,390405.5099365353,5
25.921601334445374,129.60800667222688,392622.01903466147,5
26.021684737281067,130.10842368640533,394604.6276909488,5
26.121768140116764,130.6088407005838,396786.0304456982,5
26.22185154295246,131.1092577147623,399670.3035641147,5
26.321934945788158,131.60967472894077,401615.1015308718,5
26.422018348623855,132.11009174311928,405061.84338954283,5
26.52210175145955,132.61050875729777,406097.878478801,5
26.62218515429525,133.11092577147625,407216.0654583846,5
26.722268557130942,133.6113427856547,409777.1723964861,5
26.82235195996664,134.11175979983318,411943.9216306855,5
26.922435362802336,134.6121768140117,415068.70719329244,5
27.022518765638033,135.11259382819017,416722.2087246058,5
27.12260216847373,135.61301084236865,416683.3953086892,5
27.222685571309427,136.11342785654713,420091.486489674,5
27.32276897414512,136.6138448707256,423180.8773422042,5
27.422852376980817,137.1142618849041,424454.9636858879,5
27.522935779816514,137.61467889908258,427308.9631006537,5
27.62301918265221,138.11509591326106,429754.05241954967,5
27.723102585487908,138.61551292743954,431075.2686824045,5
27.823185988323605,139.11592994161802,434465.1744587148,5
27.9232693911593,139.6163469557965,434243.1276899127,5
28.023352793994995,140.11676396997498,438503.9630810561,5
28.123436196830692,140.61718098415346,437007.46178648615,5
28.22351959966639,141.11759799833195,440956.2161634332,5
28.323603002502086,141.61801501251043,444716.0221944876,5
28.423686405337783,142.1184320266889,444658.5861839331,5
28.52376980817348,142.6188490408674,448746.1840818357,5
28.623853211009177,143.1192660550459,452584.92294200906,5
28.72393661384487,143.61968306922435,453721.0881152888,5
28.824020016680567,144.12010008340283,456100.87406459043,5
28.924103419516264,144.6205170975813,457017.06544157193,5
29.02418682235196,145.1209341117598,459090.18722158956,5
29.124270225187658,145.6213511259383,461845.66145963076,5
29.224353628023355,146.12176814011679,465426.485646968,5
29.324437030859052,146.62218515429527,466221.2159569655,5
29.424520433694745,147.12260216847372,468683.96543078666,5
29.524603836530442,147.6230191826522,472409.5181085005,5
29.62468723936614,148.1234361968307,473521.67484423605,5
29.724770642201836,148.6238532110092,478836.7121943052,5
29.824854045037533,149.12427022518767,478494.41617583984,5
29.92493744787323,149.62468723936615,481289.63782750233,5
30.025020850708923,150.1251042535446,483536.026344179,5
30.12510425354462,150.62552126772312,485788.3813065302,5
30.225187656380317,151.1259382819016,488070.52379388164,5
30.325271059216014,151.62635529608008,490021.5425963572,5
30.42535446205171,152.12677231025856,492501.93783113343,5
30.525437864887408,152.62718932443704,495494.29005468456,5
30.625521267723105,153.12760633861552,497341.0620114188,5
30.7256046705588,153.628023352794,501582.38882293436,5
30.825688073394495,154.12844036697248,503202.1957964303,5
30.925771476230192,154.62885738115097,503129.83869958785,5
31.02585487906589,155.12927439532945,508342.5812044968,5
31.125938281901586,155.62969140950793,508419.17991108826,5
31.226021684737283,156.1301084236864,512409.08811383724,5
31.32610508757298,156.6305254378649,515895.6231577914,5
31.426188490408673,157.13094245204337,519940.12229368906,5
31.52627189324437,157.63135946622185,521601.5982012879,5
31.626355296080067,158.13177648040033,524202.52360867785,5
31.726438698915764,158.63219349457881,526199.0955308365,5
31.82652210175146,159.1326105087573,528057.0901554071,5
31.926605504587158,159.63302752293578,529923.181223853,5
32.02668890742285,160.13344453711426,533693.1051821855,5
32.12677231025855,160.63386155129277,538980.9595716472,5
32.226855713094245,161.13427856547122,538803.2321456377,5
32.326939115929946,161.63469557964973,542046.724708241,5
32.42702251876564,162.13511259382818,544367.4044959527,5
32.52710592160133,162.63552960800666,548307.8713608196,5
32.62718932443703,163.13594662218517,551664.2158932405,5
32.72727272727273,163.63636363636363,554799.8367640809,5
32.82735613010843,164.13678065054214,555642.3976092289,5
32.92743953294412,164.6371976647206,558200.1872362422,5
33.02752293577982,165.1376146788991,562223.3014303551,5
33.127606338615514,165.63803169307758,565297.1318541652,5
33.22768974145121,166.13844870725603,566374.7477420938,5
33.32777314428691,166.63886572143454,571023.5598249317,5
33.4278565471226,167.139282735613,573410.8173984998,5
33.5279399499583,167.6396997497915,576355.9969092502,5
33.628023352793996,168.14011676396998,578314.7498730549,5
33.72810675562969,168.64053377814844,582347.6506617767,5
33.82819015846539,169.14095079232695,584116.2778930145,5
33.92827356130108,169.6413678065054,590025.3245235855,5
34.02835696413678,170.1417848206839,591865.6396484651,5
34.12844036697248,170.6422018348624,593787.8490203837,5
34.22852376980818,171.1426188490409,595952.7038706798,5
34.32860717264387,171.64303586321935,601789.897773162,5
34.428690575479564,172.1434528773978,600396.1188077563,5
34.528773978315265,172.64386989157632,604673.4153733758,5
34.62885738115096,173.1442869057548,608821.1152498997,5
34.72894078398666,173.6447039199333,611016.066757413,5
34.82902418682235,174.14512093411176,614429.0212905795,5
34.92910758965805,174.64553794829027,616223.8265837308,5
35.029190992493746,175.14595496246872,622772.9499850561,5
35.12927439532944,175.6463719766472,623582.9773782897,5
35.22935779816514,176.1467889908257,627736.7873099346,5
35.32944120100083,176.64720600500416,629450.6089930463,5
35.42952460383653,177.14762301918267,634162.4966983607,5
35.52960800667223,177.64804003336113,637133.2448380429,5
35.62969140950793,178.14845704753964,639200.4658761161,5
35.72977481234362,178.64887406171812,643668.6723413949,5
35.829858215179314,179.14929107589657,644644.9882395033,5
35.929941618015015,179.64970809007508,649043.4406111132,5
36.03002502085071,180.15012510425353,652566.9484305212,5
36.13010842368641,180.65054211843204,655559.321838678,5
36.2301918265221,181.15095913261052,659126.1958907328,5
36.3302752293578,181.651376146789,661177.5381501671,5
36.430358632193496,182.1517931609675,664717.6552699887,5
36.53044203502919,182.65221017514594,669879.8195240805,5
36.63052543786489,183.15262718932445,673753.0155724986,5
36.73060884070058,183.65304420350293,676755.2797592485,5
36.830692243536284,184.1534612176814,678951.3497807931,5
36.93077564637198,184.6538782318599,683722.5536811852,5
37.03085904920768,185.15429524603837,685301.0301853245,5
37.13094245204337,185.65471226021685,690335.5498096737,5
37.231025854879064,186.15512927439534,693862.3204901069,5
37.331109257714765,186.65554628857382,696253.0582657852,5
37.43119266055046,187.1559633027523,698358.2541343139,5
37.53127606338616,187.65638031693078,705118.8081293026,5
37.63135946622185,188.15679733110926,707182.5887490729,5
37.73144286905755,188.65721434528777,710206.1822701743,5
37.831526271893246,189.15763135946622,713673.9706370409,5
37.93160967472894,189.6580483736447,719180.687060659,5
38.03169307756464,190.15846538782318,719813.2089090127,5
38.13177648040033,190.65888240200167,724342.2114439312,5
38.231859883236034,191.15929941618018,729013.7431148379,5
38.33194328607173,191.65971643035863,732553.0978988932,5
38.43202668890743,192.16013344453714,736183.0782112251,5
38.53211009174312,192.6605504587156,738337.2408407413,5
38.632193494578814,193.16096747289407,742867.2833551976,5
38.732276897414515,193.66138448707258,746369.8384973236,5
38.83236030025021,194.16180150125103,751128.386082893,5
38.93244370308591,194.66221851542954,753824.1091184185,5
39.0325271059216,195.162635529608,758741.7205013832,5
39.132610508757296,195.66305254378648,762342.2576327284,5
39.232693911592996,196.163469557965,767647.9359644356,5
39.33277731442869,196.66388657214344,770037.3154207697,5
39.43286071726439,197.16430358632195,773235.8465301043,5
39.53294412010008,197.6647206005004,778330.8241360362,5
39.633027522935784,198.1651376146789,779727.3124942359,5
39.73311092577148,198.6655546288574,785488.6094747373,5
39.83319432860717,199.16597164303585,789567.2818639261,5
39.93327773144287,199.66638865721436,792792.4541558569,5
40.033361134278564,200.1668056713928,796863.4603708499,5
40.133444537114265,200.66722268557132,799434.690385991,5
40.23352793994996,201.1676396997498,805091.2758113754,5
40.33361134278566,201.6680567139283,810122.1914830994,5
40.43369474562135,202.16847372810676,812114.6084719271,5
40.533778148457046,202.6688907422852,817175.2634531632,5
40.633861551292746,203.16930775646372,821390.1296197046,5
40.73394495412844,203.6697247706422,825291.5368193932,5
40.83402835696414,204.17014178482071,829917.5740182971,5
40.93411175979983,204.67055879899917,833601.7948769551,5
41.034195162635534,205.17097581317768,837398.7573632367,5
41.13427856547123,205.67139282735613,840962.980456464,5
41.23436196830692,206.1718098415346,846294.5041582243,5
41.33444537114262,206.67222685571312,850902.9216180426,5
41.434528773978315,207.17264386989157,855840.6123040353,5
41.534612176814015,207.67306088407008,859600.607290089,5
41.63469557964971,208.17347789824854,861753.0797543371,5
41.73477898248541,208.67389491242704,868037.6822023726,5
41.8348623853211,209.17431192660553,872316.3254639911,5
41.934945788156796,209.67472894078398,877890.1239457369,5
42.035029190992496,210.1751459549625,880054.313463472,5
42.13511259382819,210.67556296914094,887922.4414615253,5
42.23519599666389,211.17597998331945,889580.3553253475,5
42.33527939949958,211.67639699749793,895330.8816762833,5
42.435362802335284,212.1768140116764,900441.0617857171,5
42.53544620517098,212.6772310258549,904370.3143642723,5
42.63552960800667,213.17764804003335,907845.3532139782,5
42.73561301084237,213.67806505421186,912738.4876857864,5
42.835696413678065,214.17848206839034,916641.3783936898,5
42.935779816513765,214.67889908256882,920015.0201387136,5
43.03586321934946,215.1793160967473,924262.479479381,5
43.13594662218516,215.67973311092578,930513.4905665215,5
43.23603002502085,216.18015012510426,936334.2453458295,5
43.336113427856546,216.68056713928274,940115.4723350293,5
43.436196830692246,217.18098415346122,946205.3611526515,5
43.53628023352794,217.6814011676397,949987.2300306113,5
43.63636363636364,218.1818181818182,953935.7554491708,5
43.736447039199334,218.68223519599667,959144.2943020214,5
43.83653044203503,219.18265221017515,964241.7005112591,5
43.93661384487073,219.68306922435363,966692.7907100366,5
44.03669724770642,220.1834862385321,974201.857191404,5
44.13678065054212,220.6839032527106,978750.3510423512,5
44.236864053377815,221.18432026688907,982693.6029011927,5
44.336947456213515,221.68473728106758,987736.004724903,5
44.43703085904921,222.18515429524604,992235.8586910001,5
44.5371142618849,222.68557130942452,998803.0176285314,5
44.6371976647206,223.185988323603,1004573.6035303647,5
44.737281067556296,223.68640533778148,1009293.2606567229,5
44.837364470392,224.18682235196,1014857.4196360759,5
44.93744787322769,224.68723936613844,1018844.5207221316,5
45.03753127606339,225.18765638031695,1022626.3703353776,5
45.137614678899084,225.6880733944954,1029096.1435918838,5
45.23769808173478,226.18849040867389,1035832.8113205822,5
45.33778148457048,226.6889074228524,1040557.3200363893,5
45.43786488740617,227.18932443703085,1045213.9971419482,5
45.53794829024187,227.68974145120936,1048548.3609209768,5
45.638031693077565,228.1901584653878,1055517.0455055742,5
45.738115095913265,228.69057547956632,1060075.3732561911,5
45.83819849874896,229.1909924937448,1064908.7710207202,5
45.93828190158465,229.69140950792325,1070588.679076901,5
46.03836530442035,230.19182652210176,1075747.7170776327,5
46.138448707256046,230.69224353628022,1081332.2156806756,5
46.23853211009175,231.19266055045873,1087410.3045182151,5
46.33861551292744,231.6930775646372,1091844.6657978683,5
46.43869891576314,232.19349457881572,1097022.1262609276,5
46.538782318598834,232.69391159299417,1104480.418434946,5
46.63886572143453,233.19432860717262,1107701.2819549611,5
46.73894912427023,233.69474562135113,1115237.5547645483,5
46.83903252710592,234.1951626355296,1120232.5538444307,5
46.93911592994162,234.69557964970812,1125853.7598247027,5
47.039199332777315,235.19599666388658,1131994.4459387716,5
47.139282735613016,235.69641367806508,1136822.9279856964,5
47.23936613844871,236.19683069224354,1144721.8290703446,5
47.3394495412844,236.69724770642202,1149023.4616507243,5
47.4395329441201,237.19766472060053,1154915.714112423,5
47.539616346955796,237.69808173477898,1161435.9153963653,5
47.6396997497915,238.1984987489575,1166504.671241008,5
47.73978315262719,238.69891576313594,1171380.2570573075,5
47.83986655546289,239.19933277731445,1176135.039706534,5
47.939949958298584,239.69974979149293,1183302.172398972,5
48.04003336113428,240.2001668056714,1190006.4980435306,5
48.14011676396998,240.7005838198499,1196712.2327310327,5
48.24020016680567,241.20100083402835,1201972.233183873,5
48.34028356964137,241.70141784820686,1206708.0835815698,5
48.440366972477065,242.20183486238534,1213371.1674253463,5
48.540450375312766,242.70225187656382,1221243.7437524775,5
48.64053377814846,243.2026688907423,1225515.5459483385,5
48.74061718098415,243.70308590492075,1231639.819057239,5
48.84070058381985,244.20350291909926,1237663.7900958036,5
48.940783986655546,244.70391993327775,1245827.3951728768,5
49.04086738949125,245.20433694745623,1252238.1288704672,5
49.14095079232694,245.7047539616347,1256177.5113669687,5
49.241034195162634,246.20517097581316,1262546.7077293482,5
49.341117597998334,246.70558798999167,1271909.6072480865,5
49.44120100083403,247.20600500417015,1275856.1861029097,5
49.54128440366973,247.70642201834863,1282054.8120522308,5
49.64136780650542,248.2068390325271,1288812.2359058233,5
49.74145120934112,248.7072560467056,1295366.4306734274,5
49.841534612176815,249.20767306088408,1302142.8428847115,5
49.94161801501251,249.70809007506256,1308231.6074340753,5
50.04170141784821,250.20850708924104,1315165.2357803006,5
50.1417848206839,250.70892410341952,1322567.641855778,5
50.2418682235196,251.209341117598,1327647.5399879664,5
50.341951626355296,251.70975813177648,1334230.000687371,5
50.442035029191,252.210175145955,1343220.3403507515,5
50.54211843202669,252.71059216013344,1349088.2990170708,5
50.642201834862384,253.21100917431193,1355080.5903928378,5
50.742285237698084,253.7114261884904,1361455.1366264364,5
50.84236864053378,254.2118432026689,1368922.7048355094,5
50.94245204336948,254.7122602168474,1375525.0526889279,5
51.04253544620517,255.21267723102585,1381456.3865212365,5
51.14261884904087,255.71309424520436,1390544.9600536928,5
51.242702251876565,256.2135112593828,1394081.7973922265,5
51.34278565471226,256.7139282735613,1402664.9726996778,5
51.44286905754796,257.2143452877398,1410656.9595146703,5
51.54295246038365,257.71476230191826,1418647.322786674,5
51.64303586321935,258.21517931609674,1424263.6312858183,5
51.74311926605505,258.7155963302752,1434033.7665173954,5
51.84320266889075,259.21601334445376,1439657.9757695103,5
51.94328607172644,259.7164303586322,1445249.9818988251,5
52.043369474562134,260.21684737281066,1453667.6893918195,5
52.143452877397834,260.7172643869892,1460537.8483651537,5
52.24353628023353,261.2176814011676,1468884.3208011114,5
52.34361968306923,261.71809841534616,1475534.5475621023,5
52.44370308590492,262.2185154295246,1483087.378475058,5
52.54378648874062,262.7189324437031,1489101.2240754063,5
52.643869891576315,263.21934945788155,1496299.9660633283,5
52.74395329441201,263.71976647206003,1504958.8732501573,5
52.84403669724771,264.22018348623857,1511705.6355732416,5
52.9441201000834,264.720600500417,1521045.1446392518,5
53.0442035029191,265.22101751459553,1528778.1517143354,5
53.1442869057548,265.721434528774,1536121.9974609723,5
53.2443703085905,266.2218515429525,1542051.3116768235,5
53.34445371142619,266.722268557131,1553290.2861249151,5
53.444537114261884,267.2226855713094,1560107.0464615326,5
53.544620517097584,267.72310258548794,1567887.0210468646,5
53.64470391993328,268.22351959966636,1573896.3137617204,5
53.74478732276898,268.7239366138449,1583371.8080002465,5
53.84487072560467,269.2243536280234,1588525.7989971165,5
53.944954128440365,269.7247706422018,1599531.9447928742,5
54.045037531276066,270.22518765638034,1606968.4857460125,5
54.14512093411176,270.7256046705588,1613630.1895472058,5
54.24520433694746,271.2260216847373,1622256.1279801964,5
54.34528773978315,271.7264386989158,1631882.6008210476,5
54.44537114261885,272.22685571309427,1637888.1619863424,5
54.54545454545455,272.72727272727275,1646572.5571562664,5
54.64553794829024,273.2276897414512,1654981.4860443666,5
54.74562135112594,273.7281067556297,1663696.962916976,5
54.845704753961634,274.2285237698082,1671913.3184112008,5
54.945788156797335,274.7289407839867,1681310.9902344197,5
55.04587155963303,275.22935779816515,1688507.1813883213,5
55.14595496246873,275.72977481234363,1696184.710375075,5
55.24603836530442,276.2301918265221,1704314.0764618334,5
55.346121768140115,276.7306088407006,1711897.280499292,5
55.446205170975816,277.2310258548791,1722462.6932523975,5
55.54628857381151,277.73144286905756,1731946.0725830344,5
55.64637197664721,278.23185988323604,1740724.8299218102,5
55.7464553794829,278.7322768974145,1748331.328235158,5
55.8465387823186,279.232693911593,1756714.4168611912,5
55.9466221851543,279.7331109257715,1766345.8021927283,5
56.04670558798999,280.23352793994997,1775173.3570863057,5
56.14678899082569,280.73394495412845,1784772.877671683,5
56.246872393661384,281.2343619683069,1794161.5648871425,5
56.346955796497085,281.7347789824854,1802737.6499112453,5
56.44703919933278,282.2351959966639,1810404.2104690268,5
56.54712260216848,282.73561301084237,1819513.1499471343,5
56.64720600500417,283.23603002502085,1827282.7641683798,5
56.747289407839865,283.73644703919933,1838631.2695090072,5
56.847372810675566,284.2368640533778,1847326.1750441156,5
56.94745621351126,284.7372810675563,1856553.3254873476,5
57.04753961634696,285.2376980817348,1866095.4790845884,5
57.14762301918265,285.73811509591326,1876382.3152993422,5
57.247706422018354,286.2385321100918,1885016.0447478697,5
57.34778982485405,286.7389491242702,1896583.6625043792,5
57.44787322768974,287.2393661384487,1905029.766165613,5
57.54795663052544,287.7397831526272,1914864.1512330126,5
57.648040033361134,288.24020016680566,1921696.007020627,5
57.748123436196835,288.74061718098415,1931727.3507541528,5
57.84820683903253,289.2410341951626,1943016.1235074722,5
57.94829024186823,289.74145120934116,1951377.4033951084,5
58.04837364470392,290.2418682235196,1962449.1414754018,5
58.148457047539615,290.74228523769807,1972684.6675040224,5
58.248540450375316,291.2427022518766,1983317.0124333494,5
58.34862385321101,291.74311926605503,1991702.4964039312,5
58.44870725604671,292.24353628023357,2002664.2988682585,5
58.5487906588824,292.743953294412,2010814.237987628,5
58.648874061718104,293.24437030859053,2022059.6493401367,5
58.7489574645538,293.74478732276896,2032367.557007852,5
58.84904086738949,294.24520433694744,2043314.0496217206,5
58.94912427022519,294.745621351126,2052607.2370202255,5
59.049207673060884,295.2460383653044,2064733.659665809,5
59.149291075896585,295.74645537948294,2074035.340359263,5
59.24937447873228,296.2468723936614,2081656.8248858203,5
59.34945788156797,296.74728940783984,2092958.4959787095,5
59.44954128440367,297.2477064220184,2104444.5769765167,5
59.549624687239366,297.7481234361968,2115355.5020276564,5
59.649708090075066,298.24854045037534,2126882.612755808,5
59.74979149291076,298.74895746455377,2135480.737917969,5
59.84987489574646,299.2493744787323,2146946.171079373,5
59.94995829858215,299.7497914929108,2158787.429488435,5
60.05004170141785,300.2502085070892,2167908.9462194266,5
60.15012510425355,300.75062552126775,2179324.799166324,5
60.25020850708924,301.25104253544623,2190356.819408976,5
60.35029190992494,301.7514595496247,2201702.8310974305,5
60.450375312760634,302.2518765638032,2212669.938571652,5
60.550458715596335,302.7522935779817,2225519.3993776618,5
60.65054211843203,303.25271059216016,2234869.9749619868,5
60.75062552126772,303.7531276063386,2246352.705094747,5
60.85070892410342,304.2535446205171,2256845.6918659974,5
60.950792326939116,304.7539616346956,2268473.595800582,5
61.050875729774816,305.2543786488741,2281358.410579521,5
61.15095913261051,305.75479566305256,2291595.7461920963,5
61.25104253544621,306.25521267723104,2302403.836902692,5
61.3511259382819,306.7556296914095,2312561.585884148,5
61.4512093411176,307.256046705588,2325028.3491462045,5
61.5512927439533,307.7564637197665,2336377.617763629,5
61.65137614678899,308.25688073394497,2350714.073668804,5
61.75145954962469,308.75729774812345,2362046.665619032,5
61.851542952460385,309.25771476230193,2373130.36026642,5
61.951626355296085,309.7581317764804,2387327.840453858,5
62.05170975813178,310.2585487906589,2398654.8644618695,5
62.15179316096747,310.7589658048374,2409319.0145082986,5
62.25187656380317,311.25938281901585,2421013.5423129415,5
62.351959966638866,311.75979983319434,2434916.415709405,5
62.452043369474566,312.2602168473728,2445991.868012259,5
62.55212677231026,312.7606338615513,2458663.5055659357,5
62.65221017514596,313.2610508757298,2469316.1070222743,5
62.75229357798165,313.76146788990826,2483917.300673956,5
62.85237698081735,314.26188490408674,2496896.4764096485,5
62.95246038365305,314.7623019182652,2507256.605667873,5
63.05254378648874,315.2627189324437,2519950.3527236455,5
63.15262718932444,315.7631359466222,2531759.4382772385,5
63.252710592160135,316.26355296080067,2545246.2249058327,5
63.352793994995835,316.7639699749792,2557546.068150247,5
63.45287739783153,317.26438698915763,2571839.883791548,5
63.55296080066722,317.7648040033361,2583820.0640673744,5
63.65304420350292,318.2652210175146,2595880.603349773,5
63.753127606338616,318.7656380316931,2609738.6733583147,5
63.853211009174316,319.26605504587155,2624648.0105469055,5
63.95329441201001,319.76647206005003,2636167.2547398233,5
64.0533778148457,320.2668890742285,2649087.721888002,5
64.1534612176814,320.767306088407,2664204.377506713,5
64.2535446205171,321.26772310258553,2677212.334246274,5
64.3536280233528,321.768140116764,2689743.0773653933,5
64.45371142618849,322.26855713094244,2704831.391523337,5
64.55379482902418,322.7689741451209,2716513.708496614,5
64.65387823185989,323.26939115929946,2728996.4589150655,5
64.75396163469559,323.76980817347794,2742543.8892033906,5
64.85404503753128,324.27022518765637,2757511.294984669,5
64.95412844036697,324.77064220183485,2772155.7701299344,5
65.05421184320267,325.2710592160133,2786131.249008323,5
65.15429524603837,325.77147623019187,2798641.613542506,5
65.25437864887407,326.27189324437035,2813161.6076783985,5
65.35446205170976,326.7723102585488,2827332.867951289,5
65.45454545454545,327.27272727272725,2842557.785498409,5
65.55462885738115,327.77314428690573,2854821.1432711342,5
65.65471226021685,328.27356130108427,2870055.3262994895,5
65.75479566305255,328.77397831526275,2887597.6432064055,5
65.85487906588824,329.2743953294412,2900024.954567542,5
65.95496246872393,329.77481234361966,2913036.3581392793,5
66.05504587155964,330.2752293577982,2928456.790152749,5
66.15512927439534,330.7756463719767,2945078.732468529,5
66.25521267723103,331.27606338615516,2956880.2125060624,5
66.35529608006672,331.77648040033364,2973617.092601446,5
66.45537948290242,332.27689741451206,2987578.841842698,5
66.55546288573812,332.7773144286906,2999834.8710219273,5
66.65554628857382,333.2777314428691,3015381.86159832,5
66.75562969140951,333.77814845704756,3033469.0282883453,5
66.8557130942452,334.278565471226,3046996.874531899,5
66.9557964970809,334.77898248540447,3063713.792282655,5
67.0558798999166,335.279399499583,3079071.925686864,5
67.1559633027523,335.7798165137615,3093696.3735118383,5
67.25604670558799,336.28023352793997,3109168.678393755,5
67.35613010842368,336.78065054211845,3124259.2557814475,5
67.45621351125938,337.2810675562969,3141597.7685692217,5
67.55629691409509,337.7814845704754,3156441.2885013027,5
67.65638031693078,338.2819015846539,3173489.7957287123,5
67.75646371976647,338.7823185988324,3187455.9426706964,5
67.85654712260217,339.2827356130108,3204598.935167997,5
67.95663052543787,339.78315262718934,3219914.3792499965,5
68.05671392827357,340.2835696413678,3237161.1246503824,5
68.15679733110926,340.7839866555463,3253516.210113755,5
68.25688073394495,341.2844036697248,3268221.6953633744,5
68.35696413678065,341.78482068390326,3286822.985027373,5
68.45704753961635,342.2852376980818,3302431.3155769436,5
68.55713094245205,342.7856547122602,3319019.6660690773,5
68.65721434528774,343.2860717264387,3335504.2306128438,5
68.75729774812343,343.7864887406172,3353129.9786519352,5
68.85738115095913,344.2869057547956,3368134.981166132,5
68.95746455379484,344.78732276897415,3386573.7926851828,5
69.05754795663053,345.28773978315263,3401621.7657266813,5
69.15763135946622,345.7881567973311,3418159.7722170465,5
69.25771476230192,346.2885738115096,3437385.8337115366,5
69.35779816513762,346.78899082568813,3453995.098900781,5
69.45788156797332,347.2894078398666,3471242.668224247,5
69.55796497080901,347.78982485404504,3490504.9970985716,5
69.6580483736447,348.2902418682235,3506889.07601563,5
69.7581317764804,348.790658882402,3525745.059572816,5
69.8582151793161,349.29107589658054,3540182.474120594,5
69.9582985821518,349.79149291075896,3558085.9611345725,5
70.05838198498749,350.29190992493744,3578393.6441569747,5
70.15846538782318,350.7923269391159,3595796.06316875,5
70.25854879065888,351.2927439532944,3614448.323765496,5
70.35863219349459,351.79316096747294,3631081.378518319,5
70.45871559633028,352.2935779816514,3650337.7630037363,5
70.55879899916597,352.79399499582985,3668115.6337459637,5
70.65888240200167,353.29441201000833,3685363.792860436,5
70.75896580483737,353.79482902418687,3704880.3715160917,5
70.85904920767307,354.29524603836535,3723793.4385707257,5
70.95913261050876,354.7956630525438,3741470.5803095624,5
71.05921601334445,355.29608006672225,3761597.4569167555,5
71.15929941618015,355.79649708090074,3779991.7264986928,5
71.25938281901585,356.2969140950793,3797667.23708474,5
71.35946622185155,356.79733110925775,3818399.2053630995,5
71.45954962468724,357.29774812343624,3839458.830904018,5
71.55963302752293,357.79816513761466,3856116.833510989,5
71.65971643035863,358.29858215179314,3875241.1140361927,5
71.75979983319434,358.7989991659717,3894530.501400157,5
71.85988323603003,359.29941618015016,3914925.29252174,5
71.95996663886572,359.7998331943286,3934557.240924176,5
72.06005004170142,360.30025020850707,3955322.6468335753,5
72.16013344453711,360.80066722268555,3973975.8563457015,5
72.26021684737282,361.3010842368641,3994247.3334342954,5
72.36030025020851,361.80150125104257,4013913.194378083,5
72.4603836530442,362.30191826522105,4033194.324212126,5
72.5604670558799,362.8023352793995,4055686.364886549,5
72.6605504587156,363.302752293578,4075403.68200167,5
72.7606338615513,363.8031693077565,4095224.3067677114,5
72.86071726438699,364.303586321935,4114808.2389448723,5
72.96080066722268,364.8040033361134,4136277.6085911705,5
73.06088407005838,365.3044203502919,4156017.048090213,5
73.16096747289409,365.8048373644704,4179520.1525680367,5
73.26105087572978,366.3052543786489,4197860.852119839,5
73.36113427856547,366.8056713928274,4220504.45093023,5
73.46121768140117,367.30608840700586,4240421.387578595,5
73.56130108423686,367.8065054211843,4263267.090734462,5
73.66138448707257,368.3069224353628,4284813.974351812,5
73.76146788990826,368.8073394495413,4305917.250443686,5
73.86155129274395,369.3077564637198,4325145.07182513,5
73.96163469557965,369.8081734778982,4346813.617706266,5
74.06171809841535,370.30859049207675,4369692.542214433,5
74.16180150125105,370.8090075062552,4391102.618263939,5
74.26188490408674,371.3094245204337,4415242.055593654,5
74.36196830692244,371.8098415346122,4435858.402473745,5
74.46205170975813,372.31025854879067,4459482.6284811,5
74.56213511259384,372.8106755629692,4480256.169169006,5
74.66221851542953,373.31109257714763,4502767.551125864,5
74.76230191826522,373.8115095913261,4524795.979797594,5
74.86238532110092,374.3119266055046,4550977.45677321,5
74.96246872393661,374.812343619683,4571192.862533862,5
75.06255212677232,375.31276063386156,4592912.929603274,5
75.16263552960801,375.81317764804004,4615474.474088065,5
75.2627189324437,376.3135946622185,4639934.4223721605,5
75.3628023352794,376.814011676397,4664508.838478309,5
75.4628857381151,377.31442869057554,4687586.111813568,5
75.5629691409508,377.814845704754,4711603.289398117,5
75.66305254378649,378.31526271893244,4733834.54332154,5
75.76313594662219,378.8156797331109,4760089.602723767,5
75.86321934945788,379.3160967472894,4782285.331432046,5
75.96330275229359,379.81651376146795,4805814.8009559,5
76.06338615512928,380.31693077564637,4831618.5436684545,5
76.16346955796497,380.81734778982485,4855087.782671964,5
76.26355296080067,381.31776480400333,4877251.51470514,5
76.36363636363636,381.8181818181818,4903349.194402553,5
76.46371976647207,382.31859883236035,4928140.447346932,5
76.56380316930776,382.81901584653883,4952734.9897193685,5
76.66388657214345,383.31943286071726,4975045.832141634,5
76.76396997497915,383.81984987489574,5001568.115501793,5
76.86405337781486,384.3202668890743,5026314.573514856,5
76.96413678065055,384.82068390325276,5051984.850708263,5
77.06422018348624,385.3211009174312,5076436.816985839,5
77.16430358632194,385.82151793160966,5103471.250805243,5
77.26438698915763,386.32193494578814,5129753.649488345,5
77.36447039199334,386.8223519599667,5154605.433638193,5
77.46455379482903,387.32276897414516,5181982.07714651,5
77.56463719766472,387.82318598832364,5206227.34904927,5
77.66472060050042,388.32360300250207,5231855.602645568,5
77.76480400333611,388.82402001668055,5260205.73047467,5
77.86488740617182,389.3244370308591,5286960.160777101,5
77.96497080900751,389.82485404503757,5311033.5549636,5
78.0650542118432,390.325271059216,5338596.569202348,5
78.1651376146789,390.8256880733945,5364487.400937902,5
78.26522101751459,391.32610508757296,5392500.275932059,5
78.3653044203503,391.8265221017515,5420391.445813775,5
78.46538782318599,392.32693911593,5446792.059443697,5
78.56547122602169,392.82735613010846,5473469.972032284,5
78.66555462885738,393.3277731442869,5501652.66889263,5
78.76563803169309,393.8281901584654,5527596.115533298,5
78.86572143452878,394.3286071726439,5556097.812147605,5
78.96580483736447,394.8290241868224,5585194.8000734905,5
79.06588824020017,395.3294412010008,5612060.826019125,5
79.16597164303586,395.8298582151793,5642848.709244357,5
79.26605504587157,396.3302752293578,5668239.1169419205,5
79.36613844870726,396.8306922435363,5697050.81849585,5
79.46622185154295,397.3311092577148,5726440.810573795,5
79.56630525437865,397.83152627189327,5754983.994024805,5
79.66638865721434,398.3319432860717,5783551.436069746,5
79.76647206005005,398.83236030025023,5812077.795860192,5
79.86655546288574,399.3327773144287,5841735.337355861,5
79.96663886572144,399.8331943286072,5870759.252028536,5
80.06672226855713,400.3336113427856,5900575.285574174,5
80.16680567139284,400.83402835696415,5929307.528708412,5
80.26688907422853,401.33444537114264,5958012.166742857,5
80.36697247706422,401.8348623853211,5990098.787523241,5
80.46705587989992,402.3352793994996,6020422.541847695,5
80.56713928273561,402.8356964136781,6049294.083735551,5
80.66722268557132,403.3361134278566,6081436.026110058,5
80.76730608840701,403.83653044203504,6109779.811716889,5
80.8673894912427,404.3369474562135,6141460.017227051,5
80.9674728940784,404.837364470392,6172128.409793633,5
81.06755629691409,405.3377814845704,6202875.586949472,5
81.1676396997498,405.83819849874897,6234763.491114547,5
81.26772310258549,406.33861551292745,6265469.15793231,5
81.36780650542119,406.8390325271059,6297101.87611038,5
81.46788990825688,407.3394495412844,6330063.052206119,5
81.56797331109259,407.83986655546295,6361956.267873038,5
81.66805671392828,408.34028356964143,6392652.472095893,5
81.76814011676397,408.84070058381985,6423900.042474297,5
81.86822351959967,409.34111759799833,6457809.343926242,5
81.96830692243536,409.8415346121768,6488957.219769462,5
82.06839032527107,410.34195162635535,6521828.8676641695,5
82.16847372810676,410.8423686405338,6554954.630845809,5
82.26855713094245,411.34278565471226,6588744.927966726,5
82.36864053377815,411.84320266889074,6619816.440490003,5
82.46872393661384,412.3436196830692,6653492.776175991,5
82.56880733944955,412.84403669724776,6687092.194071361,5
82.66889074228524,413.34445371142624,6720221.158319951,5
82.76897414512094,413.84487072560466,6754378.71130755,5
82.86905754795663,414.34528773978315,6787469.6125017125,5
82.96914095079232,414.8457047539616,6824483.185796971,5
83.06922435362803,415.34612176814016,6855527.369195974,5
83.16930775646372,415.8465387823186,6890506.170814494,5
83.26939115929942,416.34695579649707,6924869.286615372,5
83.36947456213511,416.84737281067555,6961259.6205601245,5
83.46955796497082,417.3477898248541,6996152.394071125,5
83.56964136780651,417.84820683903257,7030630.531326305,5
83.6697247706422,418.34862385321105,7065713.169215236,5
83.7698081734779,418.8490408673895,7101772.458859422,5
83.86989157631359,419.34945788156796,7135205.859038208,5
83.9699749791493,419.8498748957465,7171076.079886985,5
84.07005838198499,420.350291909925,7207565.359076478,5
84.17014178482069,420.8507089241034,7244955.051709425,5
84.27022518765638,421.3511259382819,7280833.33961737,5
84.37030859049207,421.85154295246036,7317434.58750633,5
84.47039199332778,422.3519599666389,7354207.04328904,5
84.57047539616347,422.8523769808174,7389919.482474185,5
84.67055879899917,423.35279399499586,7426720.973340442,5
84.77064220183486,423.8532110091743,7465477.391744215,5
84.87072560467057,424.3536280233528,7505053.802938456,5
84.97080900750626,424.8540450375313,7540170.231572471,5
85.07089241034195,425.3544620517098,7575927.7153349435,5
85.17097581317765,425.8548790658882,7615596.315859775,5
85.27105921601334,426.3552960800667,7657244.261252325,5
85.37114261884905,426.85571309424523,7691461.750261167,5
85.47122602168474,427.3561301084237,7733358.6274018865,5
85.57130942452044,427.8565471226022,7769734.397285443,5
85.67139282735613,428.3569641367807,7810576.953325573,5
85.77147623019182,428.8573811509591,7847539.631998547,5
85.87155963302753,429.35779816513764,7888458.155572348,5
85.97164303586322,429.8582151793161,7927452.594033681,5
86.07172643869892,430.3586321934946,7966435.454213474,5
86.17180984153461,430.859049207673,8007233.674541947,5
86.27189324437032,431.35946622185156,8046098.7591386335,5
86.37197664720601,431.85988323603004,8088472.033691561,5
86.4720600500417,432.3603002502085,8128418.6030798135,5
86.5721434528774,432.860717264387,8168813.472665195,5
86.67222685571309,433.3611342785655,8210226.256133021,5
86.7723102585488,433.861551292744,8250784.233875578,5
86.87239366138449,434.36196830692245,8291840.858186807,5
86.97247706422019,434.86238532110093,8336313.644281186,5
87.07256046705588,435.3628023352794,8374717.630576887,5
87.17264386989157,435.86321934945784,8419398.793072006,5
87.27272727272728,436.3636363636364,8460837.326461377,5
87.37281067556297,436.86405337781486,8502644.799838722,5
87.47289407839867,437.36447039199334,8546028.783364082,5
87.57297748123436,437.8648874061718,8588124.536634313,5
87.67306088407005,438.3653044203503,8631469.447017835,5
87.77314428690576,438.86572143452884,8674765.839528512,5
87.87322768974146,439.36613844870726,8718156.873692628,5
87.97331109257715,439.86655546288574,8761952.07752348,5
88.07339449541284,440.3669724770642,8805030.301559567,5
88.17347789824855,440.86738949124276,8852481.310897842,5
88.27356130108424,441.3678065054212,8895678.024523985,5
88.37364470391994,441.86822351959967,8939761.311351541,5
88.47372810675563,442.36864053377815,8985159.389082704,5
88.57381150959132,442.86905754795663,9027749.71988249,5
88.67389491242703,443.36947456213517,9074821.382195694,5
88.77397831526272,443.86989157631365,9118493.385551438,5
88.87406171809842,444.3703085904921,9164949.866193227,5
88.97414512093411,444.87072560467055,9210837.309232635,5
89.0742285237698,445.37114261884903,9256208.889738444,5
89.17431192660551,445.8715596330276,9304201.888867456,5
89.2743953294412,446.371976647206,9349081.512855645,5
89.3744787322769,446.8723936613845,9398731.03623109,5
89.47456213511259,447.37281067556296,9446061.237306844,5
89.5746455379483,447.8732276897415,9491547.91207079,5
89.674728940784,448.37364470392,9537652.50007413,5
89.77481234361969,448.87406171809846,9586561.70110988,5
89.87489574645538,449.3744787322769,9633538.464442804,5
89.97497914929107,449.87489574645537,9685249.871029554,5
90.07506255212678,450.3753127606339,9732794.353648027,5
90.17514595496247,450.8757297748124,9781317.446764156,5
90.27522935779817,451.3761467889908,9832061.50297527,5
90.37531276063386,451.8765638031693,9879874.131090777,5
90.47539616346955,452.37698081734777,9930411.457286786,5
90.57547956630526,452.8773978315263,9980686.215686724,5
90.67556296914096,453.3778148457048,10028692.225004436,5
90.77564637197665,453.8782318598833,10080733.894150864,5
90.87572977481234,454.3786488740617,10129835.252743931,5
90.97581317764805,454.87906588824023,10180879.854503475,5
91.07589658048374,455.3794829024187,10231867.755236318,5
91.17597998331944,455.8798999165972,10283355.62611112,5
91.27606338615513,456.3803169307756,10333728.709142039,5
91.37614678899082,456.8807339449541,10386483.578949304,5
91.47623019182653,457.38115095913264,10438359.099650573,5
91.57631359466222,457.8815679733111,10493826.988238374,5
91.67639699749792,458.3819849874896,10544434.298656771,5
91.77648040033361,458.8824020016681,10594763.000388412,5
91.8765638031693,459.3828190158465,10649322.45276386,5
91.97664720600501,459.88323603002505,10703159.241544558,5
92.0767306088407,460.3836530442035,10758596.257448584,5
92.1768140116764,460.884070058382,10809966.814860748,5
92.27689741451209,461.38448707256043,10865986.942439334,5
92.37698081734779,461.8849040867389,10921540.653618822,5
92.4770642201835,462.38532110091745,10973459.376340441,5
92.57714762301919,462.88573811509593,11029744.9622229,5
92.67723102585488,463.3861551292744,11083820.395743817,5
92.77731442869057,463.8865721434529,11139491.796137625,5
92.87739783152628,464.38698915763143,11197386.119470343,5
92.97748123436197,464.88740617180986,11252204.37545243,5
93.07756463719767,465.38782318598834,11309148.305053173,5
93.17764804003336,465.8882402001668,11365604.936491434,5
93.27773144286905,466.38865721434524,11424318.029174406,5
93.37781484570476,466.8890742285238,11478843.429118874,5
93.47789824854046,467.38949124270226,11535959.81457068,5
93.57798165137615,467.88990825688074,11596554.393120812,5
93.67806505421184,468.3903252710592,11652521.468101095,5
93.77814845704754,468.8907422852377,11710520.751558205,5
93.87823185988324,469.39115929941624,11770068.718632251,5
93.97831526271894,469.89157631359467,11830039.653166171,5
94.07839866555463,470.39199332777315,11889499.878544092,5
94.17848206839032,470.89241034195163,11947788.567047082,5
94.27856547122603,471.39282735613017,12010922.077283107,5
94.37864887406172,471.8932443703086,12068508.990736254,5
94.47873227689742,472.3936613844871,12129462.970320335,5
94.57881567973311,472.89407839866556,12192003.195857083,5
94.6788990825688,473.39449541284404,12251215.04752762,5
94.77898248540451,473.8949124270226,12311786.311219681,5
94.8790658882402,474.39532944120106,12375129.764969176,5
94.9791492910759,474.8957464553795,12438936.98942514,5
95.07923269391159,475.39616346955796,12499394.761749089,5
95.17931609674729,475.89658048373644,12562360.779653657,5
95.279399499583,476.396997497915,12625217.51608193,5
95.37948290241869,476.8974145120934,12689193.738189554,5
95.47956630525438,477.3978315262719,12752787.57737942,5
95.57964970809007,477.89824854045037,12816237.934150726,5
95.67973311092578,478.3986655546289,12881338.480244052,5
95.77981651376147,478.8990825688074,12947432.64974712,5
95.87989991659717,479.39949958298587,13010061.954059457,5
95.97998331943286,479.8999165971643,13076329.487366233,5
96.08006672226855,480.4003336113428,13141604.451008612,5
96.18015012510426,480.9007506255213,13206288.779463844,5
96.28023352793996,481.4011676396998,13274282.24468334,5
96.38031693077565,481.9015846538782,13339257.633149445,5
96.48040033361134,482.4020016680567,13406794.177532028,5
96.58048373644704,482.9024186822352,13474280.473716302,5
96.68056713928274,483.4028356964137,13541276.93596263,5
96.78065054211844,483.9032527105922,13610545.807609776,5
96.88073394495413,484.4036697247707,13677517.151553342,5
96.98081734778982,484.9040867389491,13747953.938749319,5
97.08090075062553,485.40450375312764,13817702.232822305,5
97.18098415346122,485.9049207673061,13884949.40989947,5
97.28106755629692,486.4053377814846,13954607.608682886,5
97.38115095913261,486.90575479566303,14024499.947708886,5
97.4812343619683,487.4061718098415,14093247.571283782,5
97.58131776480401,487.90658882402005,14165383.107422758,5
97.6814011676397,488.40700583819853,14236116.953392733,5
97.7814845704754,488.907422852377,14309376.404150208,5
97.88156797331109,489.4078398665555,14382308.542812573,5
97.98165137614679,489.9082568807339,14451244.84449932,5
98.0817347789825,490.40867389491245,14522899.140186276,5
98.18181818181819,490.90909090909093,14596785.432106849,5
98.28190158465388,491.4095079232694,14670152.247616969,5
98.38198498748957,491.90992493744784,14744730.987822203,5
98.48206839032527,492.4103419516263,14817106.089231512,5
98.58215179316097,492.91075896580486,14891300.343926037,5
98.68223519599667,493.41117597998334,14966224.933090169,5
98.78231859883236,493.9115929941618,15041695.986035792,5
98.88240200166805,494.4120100083403,15116689.95485995,5
98.98248540450376,494.91242702251884,15193040.726887442,5
99.08256880733946,495.41284403669727,15269019.8521307,5
99.18265221017515,495.91326105087575,15346725.388774928,5
99.28273561301084,496.4136780650542,15423009.672256028,5
99.38281901584654,496.91409507923265,15498883.117765976,5
99.48290241868224,497.4145120934112,15577628.670222776,5
99.58298582151794,497.91492910758967,15656515.13556215,5
99.68306922435363,498.41534612176815,15736367.370836798,5
99.78315262718932,498.91576313594663,15812944.75636313,5
99.88323603002502,499.4161801501251,15893718.915964374,5
99.98331943286072,499.91659716430365,15971682.478178687,5
100.08340283569642,500.4170141784821,16051643.923710864,5
100.18348623853211,500.91743119266056,16133984.234610608,5
100.2835696413678,501.41784820683904,16213498.532241484,5
100.38365304420351,501.9182652210176,16296524.577426985,5
100.4837364470392,502.418682235196,16377404.74044603,5
100.5838198498749,502.9190992493745,16459199.946856264,5
100.68390325271059,503.41951626355296,16543373.731618643,5
100.78398665554629,503.91993327773145,16626125.283203585,5
100.884070058382,504.42035029191,16709790.947554125,5
100.98415346121769,504.92076730608846,16793451.547750052,5
101.08423686405338,505.4211843202669,16875858.936689027,5
101.18432026688907,505.92160133444537,16962030.0327164,5
101.28440366972477,506.42201834862385,17045668.23306766,5
101.38448707256047,506.9224353628024,17130398.48568402,5
101.48457047539617,507.4228523769808,17218188.939192455,5
101.58465387823186,507.9232693911593,17304237.987093933,5
101.68473728106756,508.4236864053378,17391679.30794046,5
101.78482068390326,508.9241034195163,17477953.47553417,5
101.88490408673896,509.4245204336948,17563715.417812996,5
101.98498748957465,509.9249374478733,17653535.507430952,5
102.08507089241034,510.4253544620517,17742094.588049915,5
102.18515429524604,510.9257714762302,17831515.749139205,5
102.28523769808174,511.4261884904087,17920810.43747955,5
102.38532110091744,511.9266055045872,18011117.670291908,5
102.48540450375313,512.4270225187656,18101961.88395596,5
102.58548790658882,512.9274395329442,18193568.2794376,5
102.68557130942452,513.4278565471226,18283591.733517714,5
102.78565471226023,513.9282735613011,18377058.467618387,5
102.88573811509592,514.4286905754795,18466298.62991014,5
102.98582151793161,514.9291075896581,18558614.60307006,5
103.0859049207673,515.4295246038365,18651740.182622045,5
103.185988323603,515.9299416180149,18748063.383513987,5
103.2860717264387,516.4303586321935,18841390.361025557,5
103.3861551292744,516.930775646372,18935496.868583836,5
103.4862385321101,517.4311926605504,19030683.811803415,5
103.58632193494579,517.931609674729,19124772.710767895,5
103.6864053377815,518.4320266889075,19220128.334354453,5
103.78648874061719,518.9324437030859,19316166.327732634,5
103.88657214345288,519.4328607172644,19414673.08101077,5
103.98665554628857,519.9332777314429,19512173.288933832,5
104.08673894912427,520.4336947456213,19610008.901348706,5
104.18682235195998,520.9341117597999,19706133.905503523,5
104.28690575479567,521.4345287739784,19807932.136221398,5
104.38698915763136,521.9349457881568,19907297.612594444,5
104.48707256046706,522.4353628023352,20008197.232364643,5
104.58715596330275,522.9357798165138,20108601.904805824,5
104.68723936613846,523.4361968306923,20208447.121160023,5
104.78732276897415,523.9366138448707,20310612.147837803,5
104.88740617180984,524.4370308590492,20411216.322961487,5
104.98748957464554,524.9374478732277,20513977.73303414,5
105.08757297748124,525.4378648874062,20617268.370064154,5
105.18765638031694,525.9382819015847,20720424.272244196,5
105.28773978315263,526.4386989157631,20823406.627619065,5
105.38782318598832,526.9391159299416,20927595.24197975,5
105.48790658882402,527.4395329441201,21033499.7891273,5
105.58798999165973,527.9399499582986,21138696.92968515,5
105.68807339449542,528.4403669724771,21245770.247595225,5
105.78815679733111,528.9407839866556,21351897.579012357,5
105.8882402001668,529.441201000834,21459723.756330624,5
105.9883236030025,529.9416180150125,21566997.868353046,5
106.0884070058382,530.4420350291911,21677017.539681483,5
106.1884904086739,530.9424520433695,21783470.91786922,5
106.2885738115096,531.442869057548,21892655.22854149,5
106.38865721434529,531.9432860717264,22000998.024456955,5
106.488740617181,532.443703085905,22112953.72156794,5
106.58882402001669,532.9441201000834,22223677.398501243,5
106.68890742285238,533.444537114262,22335802.859018587,5
106.78899082568807,533.9449541284404,22446607.091578986,5
106.88907422852377,534.4453711426188,22559627.459123287,5
106.98915763135948,534.9457881567973,22673835.623721834,5
107.08924103419517,535.4462051709759,22785534.550515343,5
107.18932443703086,535.9466221851543,22901497.96629,5
107.28940783986656,536.4470391993327,23015490.261237416,5
107.38949124270225,536.9474562135113,23131064.087523416,5
107.48957464553796,537.4478732276898,23248132.89962338,5
107.58965804837365,537.9482902418682,23363515.640782002,5
107.68974145120934,538.4487072560468,23481019.890367877,5
107.78982485404504,538.9491242702252,23598721.597809896,5
107.88990825688073,539.4495412844036,23717876.518326737,5
107.98999165971644,539.9499582985821,23836936.015076615,5
108.09007506255213,540.4503753127607,23957449.427055318,5
108.19015846538782,540.9507923269391,24076315.970570654,5
108.29024186822352,541.4512093411176,24195192.063733768,5
108.39032527105923,541.9516263552962,24318986.127337668,5
108.49040867389492,542.4520433694746,24441723.84804645,5
108.59049207673061,542.952460383653,24561697.280545574,5
108.6905754795663,543.4528773978316,24686119.57583557,5
108.790658882402,543.95329441201,24810230.45112334,5
108.8907422852377,544.4537114261885,24934445.92199588,5
108.9908256880734,544.954128440367,25059474.816029772,5
109.0909090909091,545.4545454545455,25187450.68777795,5
109.19099249374479,545.9549624687239,25311655.32715997,5
109.29107589658048,546.4553794829023,25437842.762978546,5
109.39115929941619,546.9557964970809,25566544.03877248,5
109.49124270225188,547.4562135112594,25692212.254387192,5
109.59132610508757,547.9566305254378,25823766.640721407,5
109.69140950792327,548.4570475396164,25951648.84581199,5
109.79149291075898,548.9574645537949,26084020.96914022,5
109.89157631359467,549.4578815679733,26214536.846803404,5
109.99165971643036,549.9582985821518,26345302.21741498,5
110.09174311926606,550.4587155963303,26478404.310628355,5
110.19182652210175,550.9591326105087,26611374.920809954,5
110.29190992493746,551.4595496246873,26744005.385892864,5
110.39199332777315,551.9599666388658,26878826.906594273,5
110.49207673060884,552.4603836530442,27012329.29779973,5
110.59216013344454,552.9608006672227,27150136.10696126,5
110.69224353628023,553.4612176814012,27285702.577926017,5
110.79232693911594,553.9616346955797,27421995.39025006,5
110.89241034195163,554.4620517097582,27558772.816268496,5
110.99249374478732,554.9624687239366,27697242.07738379,5
111.09257714762302,555.4628857381151,27836155.400633782,5
111.19266055045873,555.9633027522937,27977386.037897434,5
111.29274395329442,556.4637197664721,28118096.34828674,5
111.39282735613011,556.9641367806505,28256775.642035514,5
111.4929107589658,557.464553794829,28398353.729411073,5
111.5929941618015,557.9649708090075,28543588.335382015,5
111.6930775646372,558.465387823186,28687271.55882419,5
111.7931609674729,558.9658048373645,28829569.080327567,5
111.8932443703086,559.466221851543,28973689.961718153,5
111.99332777314429,559.9666388657214,29120252.444896642,5
112.09341117597998,560.4670558798999,29266635.802326784,5
112.19349457881569,560.9674728940785,29411629.902718205,5
112.29357798165138,561.4678899082569,29559115.21901132,5
112.39366138448707,561.9683069224354,29707158.852632146,5
112.49374478732277,562.4687239366139,29857378.273174018,5
112.59382819015848,562.9691409507924,30007946.9017103,5
112.69391159299417,563.4695579649708,30157709.34365356,5
112.79399499582986,563.9699749791494,30309481.99621121,5
112.89407839866556,564.4703919933278,30461276.48887288,5
112.99416180150125,564.9708090075062,30613532.87129644,5
113.09424520433696,565.4712260216847,30766452.30114653,5
113.19432860717265,565.9716430358633,30921326.890043557,5
113.29441201000834,566.4720600500417,31077571.74752292,5
113.39449541284404,566.9724770642201,31232218.068820745,5
113.49457881567973,567.4728940783987,31387391.95503403,5
113.59466221851544,567.9733110925772,31546764.00118649,5
113.69474562135113,568.4737281067556,31703916.952853553,5
113.79482902418682,568.9741451209342,31863427.829008367,5
113.89491242702252,569.4745621351126,32024219.09013553,5
113.99499582985821,569.974979149291,32184721.14156434,5
114.09507923269392,570.4753961634696,32346151.921949003,5
114.19516263552961,570.9758131776481,32506687.84313267,5
114.2952460383653,571.4762301918265,32670621.857282102,5
114.395329441201,571.976647206005,32834773.684383214,5
114.49541284403671,572.4770642201836,32997366.107201487,5
114.5954962468724,572.977481234362,33164596.584637,5
114.6955796497081,573.4778982485404,33331807.892502755,5
114.79566305254379,573.978315262719,33500488.90907279,5
114.89574645537948,574.4787322768974,33665033.154906094,5
114.99582985821519,574.9791492910759,33836837.69324146,5
115.09591326105088,575.4795663052544,34006061.354714386,5
115.19599666388658,575.9799833194329,34175605.80509803,5
115.29608006672227,576.4804003336113,34347646.83517979,5
115.39616346955796,576.9808173477898,34520106.66888514,5
115.49624687239367,577.4812343619683,34695425.90731673,5
115.59633027522936,577.9816513761468,34866308.59074191,5
115.69641367806506,578.4820683903253,35042116.44466075,5
115.79649708090075,578.9824854045038,35217843.72307552,5
115.89658048373646,579.4829024186823,35396770.331041306,5
115.99666388657215,579.9833194328608,35572131.56737792,5
116.09674728940784,580.4837364470392,35749960.19343733,5
116.19683069224354,580.9841534612177,35931395.28411491,5
116.29691409507923,581.4845704753961,36111947.9356462,5
116.39699749791494,581.9849874895747,36290631.3843335,5
116.49708090075063,582.4854045037532,36473687.678698555,5
116.59716430358633,582.9858215179316,36656093.917311765,5
116.69724770642202,583.4862385321101,36842259.68628964,5
116.79733110925771,583.9866555462886,37024353.50452069,5
116.89741451209342,584.4870725604671,37210832.92180508,5
116.99749791492911,584.9874895746456,37396566.43598582,5
117.0975813177648,585.487906588824,37583826.37373773,5
117.1976647206005,585.9883236030025,37773473.70273295,5
117.29774812343621,586.4887406171811,37964823.931770094,5
117.3978315262719,586.9891576313595,38151142.77232067,5
117.4979149291076,587.4895746455379,38345883.212396815,5
117.59799833194329,587.9899916597165,38536939.619654626,5
117.69808173477898,588.4904086738949,38729549.49878498,5
117.79816513761469,588.9908256880734,38923564.47984632,5
117.89824854045038,589.491242702252,39119893.426486105,5
117.99833194328608,589.9916597164304,39313199.97953274,5
118.09841534612177,590.4920767306088,39515560.50332528,5
118.19849874895746,590.9924937447873,39710034.96665023,5
118.29858215179317,591.4929107589659,39911052.54575647,5
118.39866555462886,591.9933277731443,40111274.80268754,5
118.49874895746456,592.4937447873228,40314340.111829944,5
118.59883236030025,592.9941618015013,40515056.584903836,5
118.69891576313594,593.4945788156797,40718007.31951554,5
118.79899916597165,593.9949958298582,40923199.86433824,5
118.89908256880734,594.4954128440368,41128891.15020447,5
118.99916597164304,594.9958298582152,41334091.79737787,5
119.09924937447873,595.4962468723936,41541845.05938114,5
119.19933277731444,595.9966638865722,41750143.24899786,5
119.29941618015013,596.4970809007507,41959241.736719504,5
119.39949958298583,596.9974979149291,42170916.02876538,5
119.49958298582152,597.4979149291075,42381715.805760875,5
119.59966638865721,597.9983319432861,42592625.545148045,5
119.69974979149292,598.4987489574646,42809760.22270104,5
119.79983319432861,598.999165971643,43021410.682992116,5
119.8999165971643,599.4995829858216,43237846.96508632,5
120.0,600.0,43453482.69155692,5
